dataset,algorithm,repeat,train_time,inference_time,total_time,auroc,auprc,status
23_mammography,KNN,1,0.13380421325564384,0.06598690524697304,0.19980765879154205,0.8444539643044373,0.17043205631324163,ok
29_Pima,KNN,1,0.00694148987531662,0.0023855436593294144,0.009380113333463669,0.6738271604938271,0.5055344770874121,ok
34_smtp,KNN,1,0.48548518866300583,0.17733666487038136,0.6628571432083845,0.9359684163804985,0.2104349095349074,ok
21_Lymphography,KNN,1,0.8222326617687941,0.44806697964668274,1.2703282162547112,1.0,1.0,ok
44_Wilt,KNN,1,0.043445708230137825,0.007696116343140602,0.051160141825675964,0.5882671017806154,0.05879558517155445,ok
15_Hepatitis,KNN,1,0.8243042007088661,1.2998015210032463,2.1241233088076115,0.6375,0.2505952380952381,ok
36_speech,KNN,1,4.1936154048889875,3.6133802961558104,7.807023178786039,0.4805964052287582,0.01803551451989855,ok
41_Waveform,KNN,1,4.414088133722544,5.3912382405251265,9.805345863103867,0.7662678630774344,0.15871180596614487,ok
18_Ionosphere,KNN,1,1.5220424681901932,1.6411809585988522,3.1632397789508104,0.9357585139318886,0.9354702011527596,ok
35_SpamBase,KNN,1,8.447803378105164,4.695712184533477,13.143538434058428,0.5196478239956501,0.40818184098468596,ok
12_fault,KNN,1,3.8285811841487885,3.1909420508891344,7.019542023539543,0.7142875704893323,0.5089181041218627,ok
26_optdigits,KNN,1,7.988538270816207,5.01344739459455,13.002003254368901,0.3771783625730994,0.0214642589689316,ok
23_mammography,CBLOF,1,9.13903285190463,0.15038123168051243,9.289424343034625,0.7839350406484981,0.0902673799681166,ok
29_Pima,CBLOF,1,5.41577429510653,0.000851556658744812,5.416634351015091,0.6288065843621399,0.4756639914748273,ok
3_backdoor,KNN,1,24.260089034214616,10.860139779746532,35.120260652154684,0.7371438460473487,0.3590879807757123,ok
21_Lymphography,CBLOF,1,8.267115194350481,0.0008005350828170776,8.267924392595887,0.9883720930232558,0.8333333333333333,ok
44_Wilt,CBLOF,1,14.639148309826851,0.11356177181005478,14.752724250778556,0.35394116475197557,0.037812005082289823,ok
18_Ionosphere,CBLOF,1,4.590452998876572,0.0006376653909683228,4.59110215306282,0.8924148606811144,0.8934857161517773,ok
8_celeba,KNN,1,24.52179712243378,12.318194527179003,36.840053517371416,0.6350533264734718,0.04032060449868091,ok
34_smtp,CBLOF,1,13.250283051282167,0.19428404606878757,13.444584216922522,0.9237001736476121,0.4000166603919669,ok
15_Hepatitis,CBLOF,1,5.642248893156648,0.0006236862391233444,5.642881168052554,0.675,0.3660714285714286,ok
35_SpamBase,CBLOF,1,8.165614871308208,0.027429619804024696,8.193058550357819,0.5492790221051091,0.4115394335654118,ok
12_fault,CBLOF,1,8.993372280150652,0.0015371311455965042,8.994918879121542,0.628634910735168,0.41212563718956047,ok
26_optdigits,CBLOF,1,8.838896676898003,0.06111504137516022,8.900027997791767,0.7209356725146199,0.04712776183821214,ok
18_Ionosphere,GMM,1,1.201083431020379,0.00031064078211784363,1.2014060001820326,0.9345975232198142,0.9325623748310077,ok
34_smtp,GMM,1,1.0834178384393454,0.0036711562424898148,1.0871147830039263,0.908628651077316,0.3036447401958435,ok
23_mammography,GMM,1,0.6375332195311785,0.0005424674600362778,0.6381070762872696,0.8587337542937177,0.17930598233465575,ok
36_speech,CBLOF,1,20.079790104180574,0.053062453866004944,20.132866822183132,0.46905637254901955,0.017719222525624048,ok
29_Pima,GMM,1,0.6914992276579142,0.0002840682864189148,0.6917995791882277,0.6359670781893004,0.4916587941569306,ok
41_Waveform,CBLOF,1,18.767174020409584,0.1411947626620531,18.908379020169377,0.748720505151213,0.24583102434352197,ok
3_backdoor,CBLOF,1,15.396467732265592,0.41386550664901733,15.810360085219145,0.9080500561477994,0.5643784733730415,ok
21_Lymphography,GMM,1,0.8649852871894836,0.0002553798258304596,0.8652506582438946,0.9534883720930233,0.45,ok
15_Hepatitis,GMM,1,1.0254355240613222,0.00026191771030426025,1.0257102139294147,0.6499999999999999,0.25270562770562766,ok
44_Wilt,GMM,1,0.9200056418776512,0.000378977507352829,0.9204019904136658,0.6601083357840114,0.07504039355919455,ok
13_fraud,KNN,1,46.54794448055327,22.387207088992,68.93518104031682,0.9529570663341693,0.07709374356562736,ok
35_SpamBase,GMM,1,6.810304073616862,0.139780780300498,6.950096243992448,0.5249440575527532,0.39678714065691373,ok
18_Ionosphere,KDE,1,0.009895367547869682,0.0040142834186553955,0.013928050175309181,0.9481424148606812,0.944325488720159,ok
26_optdigits,GMM,1,6.004393767565489,0.13509739004075527,6.139501491561532,0.4971198830409357,0.026852521773247387,ok
29_Pima,KDE,1,0.024910861626267433,0.010575622320175171,0.0355029683560133,0.682798353909465,0.5200704500567144,ok
12_fault,GMM,1,2.4184573870152235,0.0003813076764345169,2.418854344636202,0.611314674774564,0.42905232119601855,ok
8_celeba,CBLOF,1,19.95455100759864,0.16169779933989048,20.116277635097504,0.7291290222387445,0.05962541935628582,ok
36_speech,GMM,1,5.91060097143054,0.19982275739312172,6.110443638637662,0.49918300653594777,0.018171193773761904,ok
44_Wilt,KDE,1,0.8586309291422367,0.3649551644921303,1.2236038483679295,0.2958932958932959,0.03498524423415059,ok
21_Lymphography,KDE,1,0.0018767379224300385,0.0006546974182128906,0.002543943002820015,0.9883720930232558,0.8333333333333333,ok
41_Waveform,GMM,1,1.779348149895668,0.00044934824109077454,1.7798212449997663,0.5879361914257228,0.0540106672695263,ok
12_fault,KDE,1,0.21626748330891132,0.08919348940253258,0.30551022104918957,0.7118577999532236,0.528570445775499,ok
15_Hepatitis,KDE,1,0.001167580485343933,0.0003372877836227417,0.0015223398804664612,0.725,0.31401515151515147,ok
18_Ionosphere,HBOS,1,4.636315094307065,0.00030463747680187225,4.636642422527075,0.6408668730650154,0.41474219292758224,ok
23_mammography,KDE,1,14.264052087441087,9.922153620049357,24.186225486919284,0.8573801084481586,0.18707685026385684,ok
35_SpamBase,KDE,1,1.8825620990246534,0.6400722563266754,2.5226607229560614,0.4861215676433067,0.3789040941078051,ok
29_Pima,HBOS,1,4.078479815274477,0.00029762089252471924,4.0787995010614395,0.6639506172839506,0.5672242890363575,ok
26_optdigits,KDE,1,3.4684756249189377,0.9800687693059444,4.448568254709244,0.3001461988304094,0.01931597775003689,ok
13_fraud,CBLOF,1,15.72868792526424,0.4859998971223831,16.214708223938942,0.9485242790125843,0.1540341625474648,ok
3_backdoor,GMM,1,23.339433467015624,0.39593920297920704,23.735394744202495,0.8994279590403085,0.5433064312088781,ok
18_Ionosphere,ECOD,1,2.118861386552453,0.002484513446688652,2.1213564723730087,0.7550309597523219,0.6629944116037645,ok
12_fault,HBOS,1,6.4780607763677835,0.0006774254143238068,6.478764181956649,0.47958732881162136,0.3379061161431146,ok
23_mammography,HBOS,1,6.986571507528424,0.0007946044206619263,6.9874120112508535,0.8514217193649601,0.1324659571707988,ok
41_Waveform,KDE,1,4.4586887788027525,1.8984587639570236,6.357165090739727,0.7850448654037887,0.1464327743913233,ok
29_Pima,ECOD,1,1.1619567163288593,0.0020836833864450455,1.1640467159450054,0.5462551440329219,0.41562983245645047,ok
15_Hepatitis,HBOS,1,4.1972247418016195,0.0001943390816450119,4.197442648932338,0.65,0.29429824561403506,ok
44_Wilt,HBOS,1,12.174454050138593,0.000353178009390831,12.174831008538604,0.28680048950319215,0.03752392608651382,ok
21_Lymphography,HBOS,1,12.724958905950189,0.00017701834440231323,12.725161213427782,0.9883720930232558,0.8333333333333333,ok
26_optdigits,HBOS,1,7.0259137991815805,0.016168534755706787,7.042106902226806,0.8834795321637428,0.18630600103215977,ok
18_Ionosphere,OCSVM,1,0.00479784794151783,0.0010070018470287323,0.005815764889121056,0.8506191950464395,0.8436455572682053,ok
8_celeba,GMM,1,39.34666794165969,0.11948527581989765,39.466174088418484,0.7966149418859696,0.08194372109434023,ok
36_speech,KDE,1,22.21916687861085,9.54635507054627,31.765545539557934,0.5053615196078431,0.0287969351284669,ok
23_mammography,ECOD,1,2.027740318328142,0.0923425741493702,2.120092650875449,0.922366845848689,0.42172699854922774,ok
13_fraud,GMM,1,4.419657815247774,0.2976919077336788,4.7173753920942545,0.9451986983172868,0.13610688746755908,ok
29_Pima,OCSVM,1,0.026727652177214622,0.0030944403260946274,0.029834995046257973,0.5930864197530865,0.45678184196692206,ok
35_SpamBase,HBOS,1,13.007240768522024,0.001531299203634262,13.008798172697425,0.6775937428111342,0.5307170955333401,ok
12_fault,ECOD,1,1.6309476476162672,0.022385654971003532,1.6533433627337217,0.4812115069774694,0.33460679109410685,ok
15_Hepatitis,ECOD,1,1.6924365349113941,0.0011934321373701096,1.6936365012079477,0.6,0.22876984126984123,ok
41_Waveform,HBOS,1,8.337205504998565,0.0009131766855716705,8.338142700493336,0.6474243934862081,0.04027010128768324,ok
21_Lymphography,ECOD,1,1.0884944591671228,0.0013721100986003876,1.0898719690740108,0.9883720930232558,0.8333333333333333,ok
44_Wilt,ECOD,1,0.604893621057272,0.01890423707664013,0.6238042674958706,0.3407833948374489,0.03794131307537722,ok
18_Ionosphere,LODA,1,0.023886363953351974,0.001366790384054184,0.02527673728764057,0.855263157894737,0.7364482975301232,ok
26_optdigits,ECOD,1,0.9069105014204979,0.1979574915021658,1.1048763114959002,0.610014619883041,0.034623781915132455,ok
12_fault,OCSVM,1,0.17056198231875896,0.02727147936820984,0.19784200005233288,0.5195421116914841,0.379504298253271,ok
29_Pima,LODA,1,0.014318924397230148,0.0018918979912996292,0.0162357147783041,0.620164609053498,0.4105919336478802,ok
36_speech,HBOS,1,4.509116850793362,0.06311247684061527,4.572261935099959,0.4803410947712418,0.016469524659726932,ok
35_SpamBase,ECOD,1,1.176337331533432,0.039188362658023834,1.2155351154506207,0.6714165464165465,0.543220028773348,ok
41_Waveform,ECOD,1,0.5278753358870745,0.09056985564529896,0.6184505522251129,0.5399800598205384,0.0314599071145199,ok
21_Lymphography,OCSVM,1,0.0017916075885295868,0.00037029944360256195,0.0021716561168432236,0.9883720930232558,0.8333333333333333,ok
15_Hepatitis,OCSVM,1,0.0014068018645048141,0.0002699475735425949,0.001690676435828209,0.55,0.20845959595959596,ok
44_Wilt,OCSVM,1,1.0953657235950232,0.21065534092485905,1.3060308322310448,0.2723383263923805,0.03387411953788953,ok
18_Ionosphere,IForest,1,0.4549539554864168,0.008448716253042221,0.46341695077717304,0.8715170278637772,0.8290265848188307,ok
23_mammography,OCSVM,1,7.26845389790833,0.5706796757876873,7.839143192395568,0.8735064904579704,0.1844688358643537,ok
12_fault,LODA,1,0.020337555557489395,0.0037759337574243546,0.024146370589733124,0.4548478469894234,0.31706316147915037,ok
26_optdigits,OCSVM,1,1.308231558650732,0.23164135962724686,1.5398826599121094,0.5019590643274854,0.026719207295962978,ok
36_speech,ECOD,1,0.7902851961553097,0.26948219165205956,1.059780027717352,0.4694138071895425,0.017334445598631343,ok
44_Wilt,LODA,1,0.02582705207169056,0.005604734644293785,0.03146546334028244,0.1769610958800148,0.030598743092309526,ok
35_SpamBase,OCSVM,1,0.6467800159007311,0.1382028814405203,0.784991480410099,0.5352489700315788,0.4058139533464243,ok
29_Pima,IForest,1,0.7102149426937103,0.04710448160767555,0.7573274094611406,0.6420576131687243,0.4693611226437242,ok
26_optdigits,LODA,1,0.03173542208969593,0.008127765730023384,0.03988951817154884,0.44845029239766077,0.026416217834330295,ok
21_Lymphography,LODA,1,0.011250406503677368,0.00101558119058609,0.012291528284549713,0.8837209302325582,0.22619047619047616,ok
41_Waveform,OCSVM,1,0.3499438352882862,0.07354626804590225,0.4235128313302994,0.655333998005982,0.05749532203171983,ok
23_mammography,LODA,1,0.043864522129297256,0.011159775778651237,0.055045610293745995,0.7797489104324624,0.1396688594126011,ok
18_Ionosphere,PCA,1,0.002621084451675415,0.0002777092158794403,0.0029073022305965424,0.7890866873065016,0.7396186441799104,ok
15_Hepatitis,LODA,1,0.0356551855802536,0.0009207837283611298,0.036598190665245056,0.3,0.14406565656565656,ok
44_Wilt,IForest,1,0.15419902838766575,0.014230815693736076,0.1684480831027031,0.4296908350962405,0.042883293515896384,ok
36_speech,OCSVM,1,1.2189158573746681,0.30707431584596634,1.5260214880108833,0.4673202614379085,0.017256296318004925,ok
35_SpamBase,LODA,1,0.02683192305266857,0.006147999316453934,0.033014943823218346,0.411822678127026,0.3445378874915499,ok
12_fault,IForest,1,0.24545358680188656,0.021378399804234505,0.2668433114886284,0.5562875185156311,0.3863906264766598,ok
26_optdigits,IForest,1,0.16062948666512966,0.015936726704239845,0.17657549120485783,0.7785672514619884,0.06626783149198653,ok
41_Waveform,LODA,1,0.024213042110204697,0.005459925159811974,0.02969585545361042,0.5962445995347292,0.035310960644673164,ok
29_Pima,PCA,1,0.0019472166895866394,0.00022451765835285187,0.002179596573114395,0.6153086419753085,0.46994757088949257,ok
21_Lymphography,IForest,1,0.11725997366011143,0.00709577277302742,0.12436452321708202,0.9767441860465117,0.75,ok
44_Wilt,PCA,1,0.002452705055475235,0.0003483165055513382,0.0028087403625249863,0.38753284699230645,0.039801969649920006,ok
23_mammography,IForest,1,0.18962468579411507,0.019733209162950516,0.20936676487326622,0.8624269383347809,0.20723498317977165,ok
15_Hepatitis,IForest,1,0.2847425527870655,0.006832774728536606,0.2915830761194229,0.6000000000000001,0.22513736263736264,ok
35_SpamBase,IForest,1,0.7385582979768515,0.08724735677242279,0.8258219566196203,0.5713632181023485,0.4340129799290752,ok
12_fault,PCA,1,,,,,,error
36_speech,LODA,1,9.332867613062263,0.0161475520581007,9.349043836817145,0.4522569444444444,0.015648133167537603,ok
41_Waveform,IForest,1,0.14335033111274242,0.012591846287250519,0.15596996620297432,0.6902293120638086,0.048865275477956494,ok
23_mammography,PCA,1,0.004027802497148514,0.0005802791565656662,0.0046225786209106445,0.8991905510825254,0.200543580572095,ok
26_optdigits,PCA,1,,,,,,error
15_Hepatitis,PCA,1,0.0017003882676362991,0.00019889138638973236,0.0019069686532020569,0.625,0.2376984126984127,ok
21_Lymphography,PCA,1,0.001900799572467804,0.0002113785594701767,0.0021214354783296585,0.9883720930232558,0.8333333333333333,ok
29_Pima,DyCF_2,1,2.015048485249281,0.8556804023683071,2.870740443468094,0.625514403292181,0.48174363443100493,ok
44_Wilt,DyCF_2,1,2.8888514153659344,1.830735882744193,4.719598768278956,0.7179095557473935,0.08962493846620126,ok
35_SpamBase,PCA,1,0.9804099444299936,0.0022787656635046005,0.9827143587172031,0.5525231612188134,0.41372946107516945,ok
18_Ionosphere,DyCF_2,1,11.732460375875235,5.123876918107271,16.856349950656295,0.5390866873065016,0.6354714691686731,ok
41_Waveform,PCA,1,0.0035278964787721634,0.000589326024055481,0.004127822816371918,0.5981389165835825,0.036718879819763926,ok
36_speech,IForest,1,0.19494962133467197,0.013815520331263542,0.208812789991498,0.48299632352941174,0.020056691547377815,ok
15_Hepatitis,DyCF_2,1,,,,,,error
29_Pima,DyCF_3,1,6.299055654555559,2.8401091881096363,9.139177802950144,0.6358024691358025,0.4818024870011269,ok
12_fault,DyCF_2,1,,,,,,error
23_mammography,DyCF_2,1,3.6851215679198503,3.734175905585289,7.419311761856079,0.8479476225127736,0.16337390164564247,ok
44_Wilt,DyCF_3,1,5.327084146440029,6.094638656824827,11.421737922355533,0.7034331628926224,0.084481314122488,ok
21_Lymphography,DyCF_2,1,,,,,,error
29_Pima,DyCF_4,1,8.376640357077122,2.0586456824094057,10.435297321528196,0.6491358024691358,0.5070105501760016,ok
41_Waveform,DyCF_2,1,14.78433496505022,8.386663302779198,23.17101368494332,0.5990362246593552,0.056115413590463264,ok
23_mammography,DyCF_3,1,6.791163105517626,6.804773366078734,13.595948422327638,0.8489256903202584,0.16226342165712315,ok
15_Hepatitis,DyCF_3,1,,,,,,error
44_Wilt,DyCF_4,1,4.410780167207122,2.9704194962978363,7.381211271509528,0.696043182529669,0.08171930779184172,ok
18_Ionosphere,DyCF_3,1,65.24705353565514,9.434292323887348,74.6813666690141,0.6470588235294118,0.6878986276942672,ok
21_Lymphography,DyCF_3,1,,,,,,error
26_optdigits,DyCF_2,1,,,,,,error
35_SpamBase,DyCF_2,1,56.71723865903914,26.166868787258863,82.88412241078913,0.42874918961875486,0.34901733063408524,ok
29_Pima,DyCF_5,1,9.919770488515496,3.0403761323541403,12.96016482450068,0.5452674897119341,0.4464414707706249,ok
12_fault,DyCF_3,1,,,,,,error
23_mammography,DyCF_4,1,11.838547486811876,4.369090797379613,16.207655103877187,0.8566524259993897,0.17042310903382046,ok
44_Wilt,DyCF_5,1,5.349812738597393,4.545353267341852,9.895179070532322,0.5145570280705416,0.05906849072683311,ok
41_Waveform,DyCF_3,1,25.64782010577619,15.260418370366096,40.90825191512704,0.6006979062811566,0.05732086361008994,ok
23_mammography,DyCF_5,1,9.088523171842098,4.428176810964942,13.51671588420868,0.8516760169949061,0.1746789932956765,ok
29_Pima,DyCG,1,15.036594467237592,7.181954946368933,22.218594014644623,0.4920987654320988,0.33824332022777837,ok
15_Hepatitis,DyCF_4,1,,,,,,error
9_census,KNN,1,189.3227801155299,180.60846969857812,369.9312840048224,0.6711537200485919,0.09213014162057068,ok
44_Wilt,DyCG,1,8.24446339160204,6.684013482183218,14.92850398272276,0.5836092322578809,0.12800820116030837,ok
29_Pima,KernelCF_rbf,1,11.021371714770794,2.4192134216427803,13.440600937232375,0.6590946502057612,0.48689397789069266,ok
23_mammography,DyCG,1,11.02065597102046,9.427780773490667,20.448477134108543,0.6287352409567851,0.05258321285307059,ok
21_Lymphography,DyCF_4,1,,,,,,error
44_Wilt,KernelCF_rbf,1,28.0462674126029,4.3667295426130295,32.41301676817238,0.2985969472455959,0.03512333992500888,ok
36_speech,PCA,1,227.421049868688,0.25366254337131977,227.67474127933383,0.46972017973856206,0.017346111695637184,ok
29_Pima,KernelCF_lin_2,1,4.460940161719918,2.4301103614270687,6.891065999865532,0.6664197530864198,0.4849063589557552,ok
9_census,CBLOF,1,42.09644130989909,6.208146268501878,48.30461376719177,0.6603602555555612,0.08598175138323513,ok
23_mammography,KernelCF_rbf,1,55.7674538847059,5.857562093064189,61.6250455994159,0.8812801733918608,0.1418677177771206,ok
44_Wilt,KernelCF_lin_2,1,13.076574645936489,2.6528724674135447,15.729466076940298,0.3105594186675268,0.035778364219276694,ok
18_Ionosphere,DyCF_4,1,,,,,,ram_kill
15_Hepatitis,DyCF_5,1,,,,,,ram_kill
29_Pima,KernelCF_lin_3,1,3.2800975684076548,1.510211031883955,4.790325092151761,0.662962962962963,0.4833860095839091,ok
18_Ionosphere,DyCF_5,1,,,,,,error
41_Waveform,DyCF_4,1,189.6431570276618,29.6971244700253,219.34031368792057,0.4829511465603191,0.030494412998499518,ok
29_Pima,KernelCF_lin_4,1,6.112875048071146,1.0606869980692863,7.173577696084976,0.6651851851851851,0.49006444185336206,ok
44_Wilt,KernelCF_lin_3,1,25.902763152495027,2.143135942518711,28.045918559655547,0.3242958648364054,0.03635001743408286,ok
18_Ionosphere,DyCG,1,,,,,,error
23_mammography,KernelCF_lin_2,1,59.19630545563996,3.97299899533391,63.16932209953666,0.884840340211106,0.13077861929274787,ok
29_Pima,KernelCF_lin_5,1,3.7886403799057007,1.2931967545300722,5.0818548165261745,0.6506995884773663,0.4860174956929386,ok
44_Wilt,KernelCF_lin_4,1,20.98573566414416,2.6420480478554964,23.627803310751915,0.32986443797254605,0.03659659123500814,ok
18_Ionosphere,KernelCF_rbf,1,6.045422058552504,0.631474232301116,6.6769118420779705,0.8602941176470589,0.7959093334557262,ok
36_speech,DyCF_2,1,,,,,,ram_kill
15_Hepatitis,DyCG,1,,,,,,ram_kill
29_Pima,UCF_2,1,0.00023848749697208405,3.9225604068487883,3.922821566462517,0.7194238683127572,0.572393340342213,ok
23_mammography,KernelCF_lin_3,1,60.00292759016156,3.50565411709249,63.508604338392615,0.8789875824511161,0.12252523940207492,ok
15_Hepatitis,KernelCF_rbf,1,0.6082805134356022,0.4301024693995714,1.0383989736437798,0.7125,0.3005952380952381,ok
18_Ionosphere,KernelCF_lin_2,1,6.373885111883283,1.1786580309271812,7.552558971568942,0.8142414860681114,0.7370010792522012,ok
29_Pima,UCF_3,1,0.00020815804600715637,2.137829789891839,2.138048555701971,0.7190946502057614,0.5764426821855874,ok
36_speech,DyCF_3,1,,,,,,error
44_Wilt,KernelCF_lin_5,1,34.188373021781445,1.5134439207613468,35.701833663508296,0.33274833274833276,0.036734120427941865,ok
15_Hepatitis,KernelCF_lin_2,1,0.7363151833415031,0.7564503587782383,1.4927816800773144,0.55,0.20650183150183146,ok
18_Ionosphere,KernelCF_lin_3,1,5.261419799178839,0.6047923397272825,5.866228407248855,0.8080495356037152,0.7371861680397891,ok
29_Pima,UCF_4,1,0.0002671368420124054,2.243725588545203,2.2440095264464617,0.7106172839506173,0.5691357527994803,ok
36_speech,DyCF_4,1,,,,,,error
44_Wilt,UCF_2,1,0.0002133399248123169,1.412747235968709,1.4129719752818346,0.26000588162750327,0.033425856706712005,ok
15_Hepatitis,KernelCF_lin_3,1,0.31955816224217415,0.2343084178864956,0.5538853593170643,0.5125,0.19356378915202443,ok
23_mammography,KernelCF_lin_4,1,61.376980705186725,5.093754945322871,66.47075201012194,0.8580217209298686,0.10192806346198204,ok
44_Wilt,UCF_3,1,0.0002969875931739807,2.3765021450817585,2.3768194746226072,0.2478536802861127,0.032916991669538216,ok
36_speech,DyCF_5,1,,,,,,error
18_Ionosphere,KernelCF_lin_4,1,6.84557675011456,0.7907983232289553,7.636391339823604,0.7387770897832817,0.6982039342482329,ok
29_Pima,UCF_5,1,0.0002686586230993271,1.8444841280579567,1.844769848510623,0.7079012345679012,0.5626913254193007,ok
15_Hepatitis,KernelCF_lin_4,1,1.5197748001664877,1.3016144428402185,2.821404682472348,0.475,0.19089209401709403,ok
29_Pima,UCF_6,1,0.00022863782942295074,1.7153430003672838,1.7155862115323544,0.6874897119341564,0.5486938041345794,ok
18_Ionosphere,KernelCF_lin_5,1,4.087127162143588,0.33480209670960903,4.42195163667202,0.593266253869969,0.6271232279645071,ok
44_Wilt,UCF_4,1,0.00024520792067050934,3.176996035501361,3.177256243303418,0.246070219043192,0.0329061327988632,ok
36_speech,DyCG,1,,,,,,error
29_Pima,UCF_7,1,0.0002697408199310303,1.4071040973067284,1.4073863867670298,0.6881481481481482,0.5101446245896162,ok
15_Hepatitis,KernelCF_lin_5,1,0.4133479427546263,0.6278859339654446,1.041251627728343,0.46249999999999997,0.1879681174089069,ok
23_mammography,KernelCF_lin_5,1,64.12233973667026,5.026035262271762,69.14839378744364,0.8189342190715398,0.07918330404750369,ok
44_Wilt,UCF_5,1,0.0002510193735361099,3.6995609384030104,3.6998257376253605,0.25980666521207063,0.03346394185318531,ok
18_Ionosphere,UCF_2,1,0.00021895766258239746,0.6268299445509911,0.6270625330507755,0.9140866873065016,0.8884396250549571,ok
36_speech,KernelCF_rbf,1,9.892278831452131,4.570331739261746,14.46263019926846,0.46548202614379086,0.016719967083924536,ok
23_mammography,UCF_2,1,0.000249987468123436,4.233820337802172,4.234084766358137,0.801956918069216,0.1178489425825075,ok
29_Pima,UCF_8,1,0.00020795688033103943,2.282025570049882,2.282245120033622,0.6721810699588477,0.521645174564803,ok
15_Hepatitis,UCF_2,1,0.00027702003717422485,1.3553202915936708,1.3556109685450792,0.7625,0.34375,ok
18_Ionosphere,UCF_3,1,0.00023904815316200256,1.533864613622427,1.5341158136725426,0.9307275541795665,0.9113331370149553,ok
44_Wilt,UCF_6,1,0.0002171788364648819,2.6514642480760813,2.651692507788539,0.2826880934989043,0.03454249155879932,ok
15_Hepatitis,UCF_3,1,0.00019468925893306732,1.1678508650511503,1.1680551767349243,0.8,0.3813852813852814,ok
29_Pima,UCG,1,0.00023511797189712524,2.2886331751942635,2.2888989839702845,0.5767078189300412,0.46836302712465605,ok
18_Ionosphere,UCF_4,1,0.00040237605571746826,0.7731351554393768,0.7735584955662489,0.9589783281733746,0.9441620158680417,ok
23_mammography,UCF_3,1,0.0002338886260986328,6.7977367509156466,6.797982651740313,0.837513595142524,0.13327991001893583,ok
36_speech,KernelCF_lin_2,1,22.417459651827812,1.311038637533784,23.728512968868017,0.45787377450980393,0.01603886254974183,ok
44_Wilt,UCF_7,1,0.00021746940910816193,3.9402973726391792,3.9405294489115477,0.24822365362905904,0.032962803642243556,ok
41_Waveform,DyCF_5,1,,,,,,ram_kill
15_Hepatitis,UCF_4,1,0.0005680453032255173,1.3104153480380774,1.3109949138015509,0.825,0.40158730158730155,ok
26_optdigits,DyCF_3,1,,,,,,ram_kill
29_Pima,KNN,2,0.006782775744795799,0.001978568732738495,0.008782371878623962,0.7441975308641975,0.5496764303091872,ok
9_census,GMM,1,592.0578935518861,2.9849899988621473,595.0429263804108,0.6575798719851611,0.08605613098066386,ok
18_Ionosphere,UCF_5,1,0.00034511834383010864,1.4441956523805857,1.4445547610521317,0.9624613003095976,0.9531032914192898,ok
23_mammography,UCF_4,1,0.0003482084721326828,5.678011626005173,5.6783755123615265,0.8263264555605111,0.13042065800099475,ok
44_Wilt,UCF_8,1,0.0002107471227645874,5.256670575588942,5.256893508136272,0.30336865472000607,0.03538388993878831,ok
36_speech,KernelCF_lin_3,1,15.480770053341985,1.7942585032433271,17.27504689618945,0.4560355392156863,0.01591124841084692,ok
15_Hepatitis,UCF_5,1,0.00022918730974197388,1.5260404404252768,1.5262818522751331,0.8375,0.4154761904761905,ok
26_optdigits,DyCF_4,1,,,,,,error
18_Ionosphere,UCF_6,1,0.00021688826382160187,1.8618993367999792,1.8621270135045052,0.9620743034055728,0.9549061661157314,ok
29_Pima,CBLOF,2,5.510810727253556,0.0008831638842821121,5.5117060746997595,0.6739094650205761,0.4938921486411271,ok
15_Hepatitis,UCF_6,1,0.00018931925296783447,0.6721205953508615,0.6723213754594326,0.8375,0.4154761904761905,ok
23_mammography,UCF_5,1,0.0002518799155950546,5.97359917499125,5.9738649725914,0.8127137078159354,0.1379565184170008,ok
26_optdigits,DyCF_5,1,,,,,,error
44_Wilt,UCG,1,0.00022374652326107025,6.994484959170222,6.994736507534981,0.35362811038486713,0.03781213158484759,ok
29_Pima,GMM,2,1.2918845117092133,0.00030181556940078735,1.2922024969011545,0.7344855967078189,0.549193208983504,ok
36_speech,KernelCF_lin_4,1,14.297461504116654,1.0234983675181866,15.320979783311486,0.45572916666666663,0.01588479863205079,ok
18_Ionosphere,UCF_7,1,0.00023759901523590088,1.8135876841843128,1.8138384222984314,0.958204334365325,0.951775821491519,ok
15_Hepatitis,UCF_7,1,0.00026144832372665405,1.695495817810297,1.695772485807538,0.8125,0.3881944444444444,ok
29_Pima,KDE,2,0.2296968773007393,0.23460852541029453,0.46432999335229397,0.7742386831275719,0.5864443136303441,ok
44_Wilt,KNN,2,0.0519888736307621,0.022717490792274475,0.07475168444216251,0.5724056805137886,0.056605991986793884,ok
26_optdigits,DyCG,1,,,,,,error
23_mammography,UCF_6,1,0.00021490827202796936,7.6605848260223866,7.660810813307762,0.802007777595205,0.13350771513720133,ok
18_Ionosphere,UCF_8,1,0.00023358874022960663,1.2874405849725008,1.2876860219985247,0.916795665634675,0.9204767348581528,ok
36_speech,KernelCF_lin_5,1,12.882805900648236,1.6916634906083345,14.574487276375294,0.45567810457516345,0.01588333692070253,ok
23_mammography,UCF_7,1,0.00023308023810386658,8.107980785891414,8.108224604278803,0.7821627817813354,0.1481811804899467,ok
15_Hepatitis,UCF_8,1,0.00019925832748413086,1.3789555802941322,1.3791657369583845,0.7875,0.3679924242424243,ok
44_Wilt,CBLOF,2,17.82453147508204,0.09187242016196251,17.916419867426157,0.38704903569768434,0.03978657250753312,ok
36_speech,UCF_2,1,0.00022967718541622162,2.1974733006209135,2.1977181900292635,0.5315563725490197,0.019088118274175878,ok
26_optdigits,KernelCF_rbf,1,14.687265444546938,4.524023028090596,19.211307974532247,0.6143274853801169,0.034495594450774936,ok
29_Pima,HBOS,2,36.48696088977158,0.00025441497564315796,36.487253937870264,0.7505349794238684,0.6207246166331339,ok
18_Ionosphere,UCG,1,0.0002479385584592819,2.553326452150941,2.5536025390028954,0.9098297213622292,0.9339802265056071,ok
15_Hepatitis,UCG,1,0.0002929084002971649,1.29158441349864,1.2919128518551588,0.7875000000000001,0.3923992673992674,ok
23_mammography,UCF_8,1,0.000226607546210289,7.718041572719812,7.718279402703047,0.8273397338090657,0.14792494651597904,ok
18_Ionosphere,KNN,2,1.114329120144248,1.2338427975773811,2.3482024874538183,0.9020897832817337,0.9085876762338131,ok
29_Pima,ECOD,2,1.6661279071122408,0.002350443974137306,1.6684889569878578,0.642880658436214,0.5165828633112363,ok
44_Wilt,GMM,2,1.6491956803947687,0.0004422087222337723,1.6496622804552317,0.645224023602402,0.07183062216021383,ok
36_speech,UCF_3,1,0.0002475213259458542,5.142662813887,5.1429277546703815,0.6203022875816993,0.025827251409625416,ok
15_Hepatitis,KNN,2,0.70965969376266,0.9826897736638784,1.692372977733612,0.875,0.5700757575757576,ok
26_optdigits,KernelCF_lin_2,1,27.953520825132728,1.6004616897553205,29.553999423980713,0.5569883040935673,0.029752281303110792,ok
23_mammography,UCG,1,0.00026167742908000946,8.804423419758677,8.804713908582926,0.16506067932677637,0.029948813286089372,ok
36_speech,UCF_4,1,0.0002962574362754822,4.933104440569878,4.9334220085293055,0.6227532679738562,0.02718691268780818,ok
29_Pima,OCSVM,2,0.01805257238447666,0.004651550203561783,0.02271687053143978,0.671522633744856,0.5003441237084212,ok
18_Ionosphere,CBLOF,2,9.323367668315768,0.012317737564444542,9.335699886083603,0.8707430340557274,0.8872650448824795,ok
44_Wilt,KDE,2,8.940241228789091,3.119860904291272,12.060121484100819,0.3103032832762562,0.035478943328497076,ok
15_Hepatitis,CBLOF,2,10.695565955713391,0.0007351245731115341,10.696311250329018,0.775,0.39999999999999997,ok
29_Pima,LODA,2,0.016216924414038658,0.0020946040749549866,0.018340179696679115,0.6834567901234567,0.4843044391233112,ok
23_mammography,KNN,2,0.42241403087973595,0.1530453972518444,0.575497217476368,0.828151530089278,0.16304770100938962,ok
18_Ionosphere,GMM,2,0.8156651519238949,0.0003569405525922775,0.8160423915833235,0.8955108359133126,0.8915901880944082,ok
36_speech,UCF_5,1,0.00021836906671524048,3.4250995609909296,3.425332870334387,0.6495608660130718,0.043489608135811215,ok
26_optdigits,KernelCF_lin_3,1,25.267997147515416,1.757772432640195,27.025786347687244,0.4905701754385965,0.02598927216071095,ok
44_Wilt,HBOS,2,8.627674724906683,0.00043675675988197327,8.628142861649394,0.31488526083120677,0.039116836369498274,ok
15_Hepatitis,GMM,2,0.8893279898911715,0.00030901841819286346,0.8896481357514858,0.7625,0.41041666666666665,ok
18_Ionosphere,KDE,2,0.01092170737683773,0.0045004431158304214,0.015439631417393684,0.9179566563467492,0.9122326258171141,ok
12_fault,DyCF_4,1,,,,,,error
29_Pima,IForest,2,0.35565572045743465,0.01645086333155632,0.3721170723438263,0.717283950617284,0.5369148664760744,ok
36_speech,UCF_6,1,0.000268787145614624,4.117437440901995,4.117723871022463,0.6913296568627452,0.035017094343147606,ok
29_Pima,PCA,2,0.002504311501979828,0.0002682879567146301,0.0027838703244924545,0.699917695473251,0.5258846047085078,ok
23_mammography,CBLOF,2,13.60898444056511,0.15707629919052124,13.766075618565083,0.7457043261895262,0.14500195384359,ok
44_Wilt,ECOD,2,0.8889314122498035,0.011123303323984146,0.9000659864395857,0.3596425488317381,0.04253315323291509,ok
15_Hepatitis,KDE,2,0.001262729987502098,0.00036904774606227875,0.0016484595835208893,0.6875,0.2875,ok
18_Ionosphere,HBOS,2,11.800286918878555,0.0003268197178840637,11.800641115754843,0.5623065015479877,0.3805105568328311,ok
26_optdigits,KernelCF_lin_4,1,22.03994954749942,1.3937861248850822,23.43375228345394,0.3990350877192983,0.022120203534548126,ok
36_speech,UCF_7,1,0.0002342481166124344,7.870283626019955,7.870535314083099,0.6624285130718954,0.03186790213962497,ok
41_Waveform,DyCG,1,,,,,,ram_kill
23_mammography,GMM,2,0.4393753670156002,0.0005856342613697052,0.4399763736873865,0.8538395029850628,0.2100568252975881,ok
44_Wilt,OCSVM,2,0.5679361168295145,0.10354597494006157,0.6714979540556669,0.2894899111115327,0.0345069440110693,ok
21_Lymphography,DyCF_5,1,,,,,,error
29_Pima,DyCF_2,2,1.829846903681755,1.2524979282170534,3.0823583994060755,0.7186831275720165,0.537575721590779,ok
18_Ionosphere,ECOD,2,0.9140432234853506,0.0030381809920072556,0.917090892791748,0.7159442724458204,0.6731409874064125,ok
36_speech,UCF_8,1,0.00022187456488609314,3.105510087683797,3.1057451628148556,0.555249183006536,0.03389885166759486,ok
12_fault,DyCF_5,1,,,,,,ram_kill
15_Hepatitis,HBOS,2,3.729575065895915,0.00027329474687576294,3.729873264208436,0.8500000000000001,0.7019230769230769,ok
44_Wilt,LODA,2,0.10964033752679825,0.005219575017690659,0.11488290317356586,0.3898902412415926,0.04004218544926088,ok
23_mammography,KDE,2,5.57975129596889,2.8257462549954653,8.405520102009177,0.8512926144143721,0.20739261060840974,ok
41_Waveform,KernelCF_rbf,1,7.550663597881794,1.2869244776666164,8.837601467967033,0.6624459953472914,0.044429242939927435,ok
26_optdigits,KernelCF_lin_5,1,12.853926721960306,1.299924235790968,14.153872843831778,0.31685672514619884,0.019572364561831163,ok
29_Pima,DyCF_3,2,2.5543929766863585,1.795026883482933,4.349432300776243,0.7169547325102881,0.5447132670256605,ok
36_speech,UCG,1,0.00023342855274677277,4.02758776769042,4.027851715683937,0.6113153594771241,0.021717351301431407,ok
18_Ionosphere,OCSVM,2,0.0042543113231658936,0.0009250510483980179,0.005187397822737694,0.8161764705882352,0.8406606919377082,ok
15_Hepatitis,ECOD,2,1.6052004471421242,0.0011381730437278748,1.6063461881130934,0.8500000000000001,0.5560897435897436,ok
44_Wilt,IForest,2,0.9423145148903131,0.013437813147902489,0.9557664655148983,0.40578486524432467,0.040985306512832595,ok
23_mammography,HBOS,2,3.985043538734317,0.0008565764874219894,3.9859383814036846,0.8380632692503306,0.15456475416982382,ok
26_optdigits,UCF_2,1,0.0002578757703304291,2.462121367454529,2.4623904153704643,0.7180701754385965,0.04763021557898238,ok
41_Waveform,KernelCF_lin_2,1,7.618227984756231,0.5159696917980909,8.1342159435153,0.5359255566633433,0.035136318276890996,ok
18_Ionosphere,LODA,2,0.035657547414302826,0.0012271516025066376,0.03691093623638153,0.8231424148606811,0.7763187510737539,ok
12_fault,DyCG,1,,,,,,ram_kill
15_Hepatitis,OCSVM,2,0.0015821289271116257,0.0002857279032468796,0.001880347728729248,0.8500000000000001,0.525,ok
29_Pima,DyCF_4,2,7.419187065213919,3.170941077172756,10.590140445157886,0.731604938271605,0.5673372854635965,ok
36_speech,KNN,2,5.320543371140957,2.414658771827817,7.735243810340762,0.6251531862745098,0.04501812145788202,ok
44_Wilt,PCA,2,0.0028872396796941757,0.0003515370190143585,0.0032517407089471817,0.4056900002845949,0.0411427570499676,ok
23_mammography,ECOD,2,0.7165619917213917,0.012849453836679459,0.7294201347976923,0.9047420639578101,0.434688054982967,ok
15_Hepatitis,LODA,2,0.033051710575819016,0.0009542163461446762,0.034034524112939835,0.8374999999999999,0.6,ok
26_optdigits,UCF_3,1,0.00023900717496871948,3.973133195191622,3.9733867794275284,0.5236695906432749,0.028196062947568233,ok
41_Waveform,KernelCF_lin_3,1,13.49222175218165,1.0830181892961264,14.575260180979967,0.48152210036556997,0.03054143111368163,ok
18_Ionosphere,IForest,2,0.26161180809140205,0.034536901861429214,0.29616619274020195,0.8188854489164087,0.8078526779503857,ok
36_speech,CBLOF,2,14.113337352871895,0.08050950802862644,14.193865220993757,0.6102941176470588,0.038301912733161816,ok
12_fault,KernelCF_rbf,1,12.007370682433248,1.4632033314555883,13.470590814948082,0.5533120241157974,0.4056083298899751,ok
29_Pima,DyCF_5,2,12.341460771858692,4.6811766512691975,17.02265365421772,0.48905349794238684,0.44415911537164354,ok
23_mammography,OCSVM,2,6.43229847215116,0.9954043384641409,7.427720000967383,0.8625638678278287,0.20946409849859063,ok
44_Wilt,DyCF_2,2,5.026701355352998,3.263715263456106,8.29043016396463,0.6877899310331742,0.08047812996499215,ok
15_Hepatitis,IForest,2,0.3376714065670967,0.020147249102592468,0.3578305337578058,0.8875,0.740909090909091,ok
18_Ionosphere,PCA,2,0.0032105613499879837,0.0003449171781539917,0.0035719480365514755,0.7681888544891641,0.7490819373310575,ok
26_optdigits,UCF_4,1,0.00024035945534706116,4.776602178812027,4.776854611933231,0.45679824561403504,0.024657770839429837,ok
12_fault,KernelCF_lin_2,1,4.735815240070224,0.8668251559138298,5.602661015465856,0.5371611964346041,0.39562188892471895,ok
35_SpamBase,DyCF_3,1,1259.8080770783126,81.50440990552306,1341.3125274349004,0.5288730995252734,0.4230036611156408,ok
15_Hepatitis,PCA,2,0.0018157772719860077,0.00020919740200042725,0.0020347069948911667,0.875,0.5700757575757576,ok
29_Pima,DyCG,2,13.155830854550004,4.376728458330035,17.532586904242635,0.5454732510288065,0.36946367415325876,ok
23_mammography,LODA,2,0.08170376345515251,0.010672708973288536,0.0924067422747612,0.8612023974398095,0.3354141423459293,ok
36_speech,GMM,2,24.126736158505082,0.21836820244789124,24.34512446820736,0.6342422385620915,0.060442106473930696,ok
41_Waveform,KernelCF_lin_4,1,29.381334595382214,0.6851094737648964,30.06646209023893,0.46141575274177465,0.028936393464530124,ok
35_SpamBase,DyCF_4,1,,,,,,error
26_optdigits,UCF_5,1,0.00017812848091125488,5.246873674914241,5.247060880064964,0.46173976608187134,0.0248823950782957,ok
44_Wilt,DyCF_3,2,5.750962510704994,4.69704557582736,10.44802064076066,0.6728676728676728,0.07543644440799585,ok
12_fault,KernelCF_lin_3,1,7.649253915995359,1.0480074919760227,8.69728048890829,0.5694368649463372,0.4175672377211355,ok
29_Pima,KernelCF_rbf,2,6.888604311272502,1.902861688286066,8.791482020169497,0.7436213991769548,0.5555824643301545,ok
23_mammography,IForest,2,0.4075536038726568,0.045680999755859375,0.45324629358947277,0.8518012096742643,0.24296358078333216,ok
18_Ionosphere,DyCF_2,2,15.896661242470145,10.868554085493088,26.765228789299726,0.52515479876161,0.62429918819013,ok
35_SpamBase,DyCF_5,1,,,,,,error
15_Hepatitis,DyCF_2,2,,,,,,error
36_speech,KDE,2,7.4891462456434965,3.0251452177762985,10.514312729239464,0.6393995098039216,0.0381269633592945,ok
26_optdigits,UCF_6,1,0.0002128593623638153,3.8585550263524055,3.858777765184641,0.438406432748538,0.024006858459775203,ok
41_Waveform,KernelCF_lin_5,1,15.878110213205218,0.6837968714535236,16.56193513609469,0.4550016616816218,0.02812118256264028,ok
36_speech,HBOS,2,3.2327347490936518,0.015391860157251358,3.2481605298817158,0.6214256535947713,0.04614723442180135,ok
44_Wilt,DyCF_4,2,4.967246802523732,3.8644632380455732,8.831722030416131,0.6636657717738799,0.07289482246110143,ok
35_SpamBase,DyCG,1,,,,,,error
29_Pima,KernelCF_lin_2,2,7.5348962638527155,0.7112609278410673,8.246169650927186,0.7623045267489712,0.559604513778354,ok
12_fault,KernelCF_lin_4,1,10.383937988430262,1.0841561201959848,11.468108519911766,0.5858085808580857,0.43118052814994795,ok
23_mammography,PCA,2,0.004129428416490555,0.000575607642531395,0.00472087599337101,0.8815227342081172,0.233340064057453,ok
36_speech,ECOD,2,0.6602439433336258,0.2983287200331688,0.9585843943059444,0.6154003267973857,0.04414696215819946,ok
26_optdigits,UCF_7,1,0.0002518799155950546,3.4310985263437033,3.4313655644655228,0.3755847953216374,0.021525026119753238,ok
15_Hepatitis,DyCF_3,2,,,,,,error
41_Waveform,UCF_2,1,0.0003072470426559448,3.204382836818695,3.204707520082593,0.8308075772681953,0.4692694267614177,ok
29_Pima,KernelCF_lin_3,2,8.06090996414423,0.6483137272298336,8.709238063544035,0.7638683127572017,0.5706688177901408,ok
44_Wilt,DyCF_5,2,10.340626647695899,4.381071811541915,14.721716307103634,0.6524337605418687,0.06988012068166954,ok
12_fault,KernelCF_lin_5,1,5.795793978497386,0.8115468677133322,6.607362639158964,0.5942543073204958,0.4370454245986645,ok
36_speech,OCSVM,2,2.851158896461129,0.3326009903103113,3.1837806701660156,0.6098345588235294,0.04268420093782757,ok
23_mammography,DyCF_2,2,5.746621971949935,4.58657967671752,10.333215149119496,0.8540566340383245,0.19450063480427232,ok
35_SpamBase,KernelCF_rbf,1,24.658105187118053,4.426095776259899,29.0842202026397,0.5402262793567141,0.4028959364651723,ok
26_optdigits,UCF_8,1,0.0002265777438879013,4.7019920609891415,4.702229643240571,0.39356725146198834,0.022497156277607205,ok
29_Pima,KernelCF_lin_4,2,6.884380716830492,1.3446889873594046,8.229088796302676,0.768641975308642,0.5749114950980744,ok
41_Waveform,UCF_3,1,0.00023763999342918396,2.2997003998607397,2.299950757995248,0.8454968428049187,0.46767345150898343,ok
18_Ionosphere,DyCF_3,2,56.96830106340349,7.083730535581708,64.0520447678864,0.44930340557275544,0.5308829544351935,ok
44_Wilt,DyCG,2,6.338609920814633,6.315031131729484,12.653687490150332,0.4648762486600324,0.05119508922904367,ok
12_fault,UCF_2,1,0.0002149883657693863,4.620279284194112,4.620506392791867,0.6685637067643772,0.5035283451902897,ok
23_mammography,DyCF_3,2,5.07992316223681,5.215907635167241,10.29584470577538,0.8512671846513775,0.18728143698657285,ok
36_speech,LODA,2,17.657304525375366,0.04815869405865669,17.705504132434726,0.5446793300653595,0.027778185637382467,ok
26_optdigits,UCG,1,0.00018748827278614044,5.090118363499641,5.090331232175231,0.5307748538011696,0.03384319033768095,ok
29_Pima,KernelCF_lin_5,2,3.0707478765398264,1.7782025337219238,4.848963979631662,0.7654320987654322,0.5805993502064202,ok
35_SpamBase,KernelCF_lin_2,1,7.658710066229105,0.7166854608803988,8.375413181260228,0.6366799464625552,0.4712204742961419,ok
41_Waveform,UCF_4,1,0.00022391043603420258,4.073251619935036,4.073486717417836,0.8395812562313061,0.4361150178373292,ok
12_fault,UCF_3,1,0.00023164786398410797,4.296408032998443,4.296651430428028,0.6978119071749695,0.5179786721715159,ok
15_Hepatitis,DyCF_4,2,,,,,,error
36_speech,IForest,2,0.3718861695379019,0.04374172352254391,0.4156628828495741,0.6141237745098039,0.07784289408537653,ok
44_Wilt,KernelCF_rbf,2,22.571796970441937,2.5582634061574936,25.130081474781036,0.31927750846669767,0.03628090896809141,ok
29_Pima,UCF_2,2,0.000223647803068161,2.806887876242399,2.807122817263007,0.8109465020576132,0.6366443541173226,ok
26_optdigits,KNN,2,10.534004956483841,5.158736763522029,15.692769387736917,0.42026315789473684,0.024994755298514554,ok
23_mammography,DyCF_4,2,11.929498815909028,2.192703079432249,14.12221603281796,0.8569478024772501,0.19267052702621076,ok
41_Waveform,UCF_5,1,0.0002498812973499298,2.8519724383950233,2.852234285324812,0.7653705550016617,0.1243944814359207,ok
12_fault,UCF_4,1,0.000231938436627388,4.2279889695346355,4.228234678506851,0.7166783607494608,0.5206092514316996,ok
35_SpamBase,KernelCF_lin_3,1,11.93500248901546,1.4403403978794813,13.375369215384126,0.6524379404814188,0.4866309576162236,ok
29_Pima,UCF_3,2,0.00028094835579395294,1.925194138661027,1.9254898559302092,0.8027160493827161,0.6235065309927933,ok
41_Waveform,UCF_6,1,0.00020672939717769623,2.7264672443270683,2.726684231311083,0.8077766699900298,0.27166469551216005,ok
44_Wilt,KernelCF_lin_2,2,14.81438698247075,1.1611376404762268,15.975546892732382,0.2849174200525552,0.03488557786485152,ok
12_fault,UCF_5,1,0.00021280720829963684,2.788142256438732,2.7883660569787025,0.72100517138328,0.5198276325868177,ok
26_optdigits,CBLOF,2,7.986839463934302,0.05500856600701809,8.041862919926643,0.8057309941520467,0.06673175202764742,ok
29_Pima,UCF_4,2,0.00022159703075885773,2.2229951210319996,2.223226562142372,0.7930864197530864,0.614617543333502,ok
35_SpamBase,KernelCF_lin_4,1,12.603778019547462,1.6084430236369371,14.212239015847445,0.6596111215676433,0.49413502804984644,ok
23_mammography,DyCF_5,2,8.798399584367871,3.676007868722081,12.474422812461853,0.5821459590150465,0.10847270649490998,ok
41_Waveform,UCF_7,1,0.00023913942277431488,2.4874079264700413,2.4876578636467457,0.7912595546693253,0.16500931897242532,ok
12_fault,UCF_6,1,0.00022182799875736237,4.674747511744499,4.674981692805886,0.7224474415945532,0.5297771091473661,ok
29_Pima,UCF_5,2,0.00024798884987831116,2.578710677102208,2.578969895839691,0.7883127572016461,0.6174274553868168,ok
26_optdigits,GMM,2,11.845940565690398,0.2214337233453989,12.067391326650977,0.56953216374269,0.03198983765100378,ok
44_Wilt,KernelCF_lin_3,2,11.637778395786881,1.8338125851005316,13.471610551699996,0.29492567330405167,0.035268188998754835,ok
35_SpamBase,KernelCF_lin_5,1,12.48682726547122,1.61215197481215,14.098994471132755,0.6637545224501745,0.4987325215668522,ok
23_mammography,DyCG,2,12.60269053094089,4.722201397642493,17.33277402818203,0.705918483916653,0.0443483024763391,ok
41_Waveform,UCF_8,1,0.0002723708748817444,3.9713895935565233,3.971677176654339,0.7772349617813229,0.26230458442301835,ok
12_fault,UCF_7,1,0.000231107696890831,5.052065512165427,5.052307551726699,0.7095579636703828,0.5077997101349401,ok
29_Pima,UCF_6,2,0.00023787841200828552,3.493017127737403,3.4932687040418386,0.7410699588477365,0.5991716750135365,ok
35_SpamBase,UCF_2,1,0.0003034379333257675,1.9299130905419588,1.930234868079424,0.5402602630863501,0.3997783808479519,ok
26_optdigits,KDE,2,8.601045433431864,13.261573599651456,21.862641783431172,0.34596491228070175,0.02397650524476996,ok
41_Waveform,UCG,1,0.000265657901763916,6.261687368154526,6.261985806748271,0.3783815221003655,0.024043054340879277,ok
44_Wilt,KernelCF_lin_4,2,28.725111486390233,1.69673565402627,30.421864550560713,0.2985684877576769,0.03540508738417864,ok
35_SpamBase,UCF_3,1,0.00023079104721546173,2.1359919998794794,2.1362345665693283,0.5456924315619968,0.40325863585851207,ok
29_Pima,UCF_7,2,0.0002241283655166626,3.527341330423951,3.5275759287178516,0.734320987654321,0.546430394956814,ok
12_fault,UCF_8,1,0.0002265293151140213,6.845835665240884,6.846076823771,0.6963306566877159,0.5135667614671525,ok
23_mammography,KernelCF_rbf,2,57.63526810519397,8.224807027727365,65.86009291931987,0.861961378058418,0.16609936241624523,ok
26_optdigits,HBOS,2,6.558988478034735,0.0032958127558231354,6.562315387651324,0.8723391812865496,0.1995472183447321,ok
36_speech,PCA,2,181.91104253008962,0.17225074209272861,182.08331207185984,0.6136642156862746,0.04286583266540682,ok
29_Pima,UCF_8,2,0.0003437604755163193,3.5984282586723566,3.598790956661105,0.7549794238683128,0.5980247995072735,ok
41_Waveform,KNN,2,5.470462284982204,3.317109616473317,8.787604808807373,0.7259887005649717,0.11535233874440683,ok
35_SpamBase,UCF_4,1,0.00023407861590385437,2.330373363569379,2.3306207433342934,0.5588023088023089,0.4109293963969243,ok
44_Wilt,KernelCF_lin_5,2,7.130016040056944,1.3802939280867577,8.510330000892282,0.3004278409683815,0.03547366808813966,ok
12_fault,UCG,1,0.00025901012122631073,6.5123472064733505,6.51263914629817,0.6594942958862815,0.4820109480762685,ok
26_optdigits,ECOD,2,0.7857860159128904,0.06839221157133579,0.8541927449405193,0.6248976608187135,0.03816047406479084,ok
35_SpamBase,UCF_5,1,0.0002287682145833969,2.8361827917397022,2.836423084139824,0.553215906476776,0.4089302515398172,ok
29_Pima,UCG,2,0.00022316724061965942,4.578274959698319,4.578529300168157,0.6600823045267489,0.5717712900530918,ok
44_Wilt,UCF_2,2,0.00023354962468147278,2.238633405417204,2.238879095762968,0.26638080692134747,0.03348843186194334,ok
12_fault,KNN,2,2.672646326944232,1.9451807588338852,4.617852635681629,0.749733634780801,0.5712450598823112,ok
26_optdigits,OCSVM,2,1.2379478756338358,0.21825481578707695,1.4562352634966373,0.550906432748538,0.030108767830189544,ok
41_Waveform,CBLOF,2,,,,,,error
23_mammography,KernelCF_lin_2,2,51.31149009056389,3.904519062489271,55.21602726355195,0.8596081469136092,0.13854660726687928,ok
35_SpamBase,UCF_6,1,0.0002651996910572052,4.678356843069196,4.678640332072973,0.5577566555827425,0.4119270457440384,ok
29_Pima,KNN,3,0.007328370586037636,0.002202896401286125,0.009556207805871964,0.7159670781893004,0.5125808806188347,ok
44_Wilt,UCF_3,2,0.00026771798729896545,3.913670465350151,3.913951164111495,0.2635917771052906,0.03338591326509126,ok
26_optdigits,LODA,2,0.048059435561299324,0.02225073054432869,0.070337088778615,0.2607309941520468,0.018372199668746047,ok
12_fault,CBLOF,2,8.79426296055317,0.05478597618639469,8.849062724038959,0.7278786933811492,0.5615697483219404,ok
41_Waveform,GMM,2,1.2162849120795727,0.000550098717212677,1.216854028403759,0.572316384180791,0.047039326520900065,ok
35_SpamBase,UCF_7,1,0.00019738823175430298,5.585914546623826,5.586122604086995,0.5568364807495242,0.411097430364898,ok
29_Pima,CBLOF,3,9.396342458203435,0.0013184119015932083,9.397693328559399,0.6212345679012347,0.47321783154707486,ok
44_Wilt,UCF_4,2,0.0004312470555305481,2.6939932256937027,2.694436414167285,0.25489266029806573,0.03301968275791765,ok
26_optdigits,IForest,2,1.3597600348293781,0.049981312826275826,1.4097577091306448,0.7150292397660818,0.052951505045155084,ok
12_fault,GMM,2,2.9415242429822683,0.0007493942975997925,2.942290460690856,0.6451235674748577,0.46018333702461384,ok
35_SpamBase,UCF_8,1,0.0002581607550382614,6.052229080349207,6.052513439208269,0.5346006650354476,0.40938921700414815,ok
41_Waveform,KDE,2,0.8855541907250881,0.3761798497289419,1.2617688812315464,0.7388833499501496,0.11091962632921475,ok
23_mammography,KernelCF_lin_3,2,61.38496645912528,5.621782200410962,67.00676761195064,0.8551911926950071,0.12709092836838726,ok
29_Pima,GMM,3,1.1403919514268637,0.00030791573226451874,1.1407160311937332,0.6646090534979424,0.4913545292901665,ok
44_Wilt,UCF_5,2,0.0002601202577352524,2.175531093031168,2.175802743062377,0.2684014305635928,0.033571296456785464,ok
26_optdigits,PCA,2,,,,,,error
12_fault,KDE,2,1.8882710170000792,1.2678752411156893,3.156165638938546,0.7458226137574387,0.565817483049884,ok
35_SpamBase,UCG,1,0.0002790577709674835,5.31018652766943,5.3105076272040606,0.5563267248049857,0.43702687231338083,ok
41_Waveform,HBOS,2,12.404407516121864,0.0011162515729665756,12.405554547905922,0.7139581256231305,0.06289505030361629,ok
29_Pima,KDE,3,0.20962799713015556,0.1998994778841734,0.40954278223216534,0.711358024691358,0.5186918363536117,ok
44_Wilt,UCF_6,2,0.00027460791170597076,1.557952731847763,1.5582399275153875,0.3703148568013433,0.03916811882556544,ok
41_Waveform,ECOD,2,1.741191377863288,0.06864264607429504,1.8098463658243418,0.6357926221335992,0.07084031969528068,ok
12_fault,HBOS,2,14.692305739969015,0.0007364340126514435,14.693070011213422,0.6262051401990593,0.47881287520217114,ok
35_SpamBase,KNN,2,6.243338704109192,4.700410708785057,10.943780479952693,0.5098029989334337,0.3937213435381155,ok
23_mammography,KernelCF_lin_4,2,48.44770664349198,2.8017754666507244,51.24949865974486,0.838172812844769,0.10512420985605012,ok
44_Wilt,UCF_7,2,0.00022372975945472717,3.549506664276123,3.5497401915490627,0.26968210751994537,0.03363761802406895,ok
29_Pima,HBOS,3,6.166360341012478,0.0002698078751564026,6.166653599590063,0.6745679012345679,0.4847902513428394,ok
41_Waveform,OCSVM,2,1.049972815439105,0.22938363440334797,1.2793726939707994,0.6784313725490196,0.07745669138225852,ok
26_optdigits,DyCF_2,2,,,,,,error
12_fault,ECOD,2,2.1128322668373585,0.05520478077232838,2.1680463571101427,0.5093162859593046,0.35389592136451176,ok
35_SpamBase,CBLOF,2,16.357078827917576,0.038092780858278275,16.39519066736102,0.5203823953823954,0.3897937376836663,ok
44_Wilt,UCF_8,2,0.0003118477761745453,4.126387184485793,4.126717280596495,0.37145323631810123,0.038839327131826105,ok
29_Pima,ECOD,3,2.1164671815931797,0.0020481664687395096,2.1185215804725885,0.5795884773662552,0.4483542328658593,ok
21_Lymphography,DyCG,1,,,,,,error
41_Waveform,LODA,2,0.07172223553061485,0.03941083699464798,0.11116691306233406,0.6687603855101363,0.07270320683861685,ok
12_fault,OCSVM,2,0.17404984310269356,0.02855127677321434,0.20261459797620773,0.5814817702242665,0.45431202777220114,ok
23_mammography,KernelCF_lin_5,2,41.72472017258406,3.6278019938617945,45.35254474543035,0.8029936699451499,0.08143244560725962,ok
35_SpamBase,GMM,2,8.395117981359363,0.20121036656200886,8.596346843987703,0.5135647363908233,0.3858081370066641,ok
44_Wilt,UCG,2,0.00029690004885196686,6.714843543246388,6.7151750680059195,0.33705520192006677,0.0369070015580429,ok
41_Waveform,IForest,2,0.3377510644495487,0.027838757261633873,0.3656038586050272,0.7348620804253905,0.09066510225198751,ok
29_Pima,OCSVM,3,0.0178776104003191,0.01664789579808712,0.03454778343439102,0.5986831275720164,0.4479840291595131,ok
21_Lymphography,KernelCF_rbf,1,0.7357084080576897,1.0409293435513973,1.776654513552785,1.0,1.0,ok
12_fault,LODA,2,0.033951301127672195,0.0044634584337472916,0.03844549134373665,0.5512980431901457,0.3657127349401684,ok
23_mammography,UCF_2,2,0.0002519078552722931,4.013839580118656,4.014105649664998,0.7985904086758526,0.13856766376927432,ok
29_Pima,LODA,3,0.01487908698618412,0.012877441942691803,0.027795009315013885,0.6679835390946502,0.46344051629379457,ok
44_Wilt,KNN,3,0.05388588085770607,0.009961418807506561,0.0639180988073349,0.5593996945348297,0.055386710784750603,ok
21_Lymphography,KernelCF_lin_2,1,0.5879612322896719,0.45013163797557354,1.0381081327795982,0.9418604651162791,0.41666666666666663,ok
12_fault,IForest,2,0.3927507307380438,0.012413673102855682,0.4051809646189213,0.6165510251812583,0.4499804496952319,ok
41_Waveform,PCA,2,0.004168964922428131,0.0006749462336301804,0.004863260313868523,0.668461282818212,0.07111839949447415,ok
35_SpamBase,KDE,2,18.42042949423194,8.13153113052249,26.551985055208206,0.47808310851789115,0.37170268109567167,ok
12_fault,PCA,2,,,,,,error
29_Pima,IForest,3,0.872990544885397,0.01058579608798027,0.8835911676287651,0.6592592592592591,0.49852956158762085,ok
23_mammography,UCF_3,2,0.0002672281116247177,5.877304092049599,5.877588139846921,0.8291432908460679,0.16764685319218003,ok
34_smtp,KDE,1,1550.7270474676043,952.1238837130368,2502.8509642481804,0.9332585792043357,0.3357977860554851,ok
21_Lymphography,KernelCF_lin_3,1,0.783294603228569,0.719227122142911,1.5025392156094313,0.8837209302325582,0.34090909090909094,ok
44_Wilt,CBLOF,3,10.232364306226373,0.09034943953156471,10.32273623533547,0.39425877263715103,0.040379687806584234,ok
35_SpamBase,HBOS,2,5.6703469175845385,0.00212966650724411,5.672500636428595,0.648199123742602,0.5041610722315204,ok
41_Waveform,DyCF_2,2,19.724256234243512,12.106491800397635,31.830763433128595,0.579062811565304,0.04551071662453716,ok
23_mammography,UCF_4,2,0.00022277981042861938,5.860590362921357,5.860824842005968,0.8221696673787001,0.16707860178330325,ok
21_Lymphography,KernelCF_lin_4,1,0.8677390813827515,0.5287492498755455,1.3965040240436792,0.7790697674418604,0.3,ok
35_SpamBase,ECOD,2,3.9039380494505167,0.29319776594638824,4.19714842736721,0.6434374803940023,0.5110614820152499,ok
44_Wilt,GMM,3,0.7977988440543413,0.00043273717164993286,0.7982529308646917,0.6289736560006831,0.0664351202514927,ok
29_Pima,PCA,3,0.0019866377115249634,0.000245898962020874,0.0022419579327106476,0.6445267489711934,0.47511622191254144,ok
34_smtp,HBOS,1,4.567715549841523,0.002842165529727936,4.570600321516395,0.7914398735409318,0.0038665013414333023,ok
12_fault,DyCF_2,2,,,,,,error
35_SpamBase,OCSVM,2,2.0348781161010265,0.16519856825470924,2.2001052740961313,0.5132066001631219,0.3898259737010443,ok
44_Wilt,KDE,3,1.9515703059732914,0.42273017577826977,2.374323321506381,0.33728287782341837,0.03691735336024759,ok
21_Lymphography,KernelCF_lin_5,1,0.36268695816397667,0.3377195466309786,0.7004222441464663,0.7209302325581395,0.20833333333333331,ok
23_mammography,UCF_5,2,0.0002628713846206665,7.366766441613436,7.367044199258089,0.8114011408182906,0.17201804047402885,ok
29_Pima,DyCF_2,3,2.3372570145875216,0.9190498683601618,3.2563209515064955,0.6575308641975308,0.49313398439276035,ok
34_smtp,ECOD,1,1.4561404287815094,0.34002729319036007,1.7961882315576077,0.8915520047344282,0.6669625182455021,ok
41_Waveform,DyCF_3,2,33.62928963638842,13.963584234938025,47.59289065003395,0.5891326021934198,0.04530926459965966,ok
35_SpamBase,LODA,2,0.05857260525226593,0.0067197103053331375,0.06532273627817631,0.6293878223226049,0.4887070254485159,ok
21_Lymphography,UCF_2,1,0.00023584067821502686,1.2476543355733156,1.2479020841419697,0.9883720930232558,0.8333333333333333,ok
29_Pima,DyCF_3,3,5.2845226135104895,1.209130696952343,6.493670141324401,0.6639506172839506,0.4943801330508528,ok
23_mammography,UCF_6,2,0.0002310667186975479,9.949360333383083,9.949604582041502,0.8193723934492929,0.18333480019189102,ok
44_Wilt,HBOS,3,21.217870080843568,0.000391494482755661,21.218290369957685,0.550809672431294,0.05874342607612559,ok
12_fault,DyCF_3,2,,,,,,error
35_SpamBase,IForest,2,0.2008960973471403,0.013250932097434998,0.2141691092401743,0.5640122759687977,0.4313821888800423,ok
21_Lymphography,UCF_3,1,0.00022314675152301788,0.83408597484231,0.8343198653310537,0.9883720930232558,0.8333333333333333,ok
23_mammography,UCF_7,2,0.00023649074137210846,8.238541666418314,8.238788675516844,0.815861130020422,0.18727447970278374,ok
44_Wilt,ECOD,3,2.4293164294213057,0.06168579310178757,2.4910133332014084,0.40369783613026855,0.04762743338045734,ok
29_Pima,DyCF_4,3,10.475172221660614,3.274969605728984,13.75017537549138,0.6816460905349794,0.4998938299746749,ok
35_SpamBase,PCA,2,0.9944373369216919,0.0028287041932344437,0.9972799122333527,0.530650709998536,0.39791714249962873,ok
21_Lymphography,UCF_4,1,0.00027076900005340576,1.3534039724618196,1.3536852821707726,0.9883720930232558,0.8333333333333333,ok
23_mammography,UCF_8,2,0.00025326013565063477,9.893356868997216,9.893625577911735,0.8236211200050078,0.1829595479186725,ok
18_Ionosphere,DyCF_4,2,,,,,,ram_kill
44_Wilt,OCSVM,3,1.8315422292798758,0.10454917512834072,1.9361061826348305,0.3257852447041636,0.03633238987410823,ok
29_Pima,DyCF_5,3,16.561098143458366,2.464736223220825,19.02585170790553,0.48255144032921804,0.41023038923738064,ok
15_Hepatitis,DyCF_5,2,,,,,,ram_kill
44_Wilt,LODA,3,0.05813484080135822,0.03262613154947758,0.09080293215811253,0.35323916404997485,0.038002795341206055,ok
18_Ionosphere,DyCF_5,2,,,,,,error
21_Lymphography,UCF_5,1,0.000406607985496521,1.31094672344625,1.3113658297806978,0.9883720930232558,0.8333333333333333,ok
41_Waveform,DyCF_4,2,107.39788533747196,22.499498397111893,129.89742635190487,0.48690594882020605,0.02969198151893808,ok
23_mammography,UCG,2,0.00021893903613090515,9.072216557338834,9.072464015334845,0.251887670868446,0.035887152109406344,ok
29_Pima,DyCG,3,7.052450807765126,6.491962330415845,13.544449727982283,0.5526748971193416,0.3727925893466748,ok
18_Ionosphere,DyCG,2,,,,,,error
23_mammography,KNN,3,0.3905257396399975,0.16297579556703568,0.5535284485667944,0.8532448377581122,0.2023187188899065,ok
44_Wilt,IForest,3,0.9986735489219427,0.11389394104480743,1.1125958859920502,0.41628641628641627,0.04188965692510418,ok
21_Lymphography,UCF_6,1,0.00020487047731876373,1.1100725159049034,1.1102882362902164,0.9883720930232558,0.8333333333333333,ok
35_SpamBase,DyCF_2,2,38.52824171632528,40.019128646701574,78.5473874360323,0.42835445552836854,0.3506381008870899,ok
29_Pima,KernelCF_rbf,3,3.6367816664278507,2.870042037218809,6.506838480010629,0.69679012345679,0.5154824894063811,ok
44_Wilt,PCA,3,0.003225039690732956,0.00040594860911369324,0.00364656001329422,0.4409797653040896,0.04412103358673536,ok
21_Lymphography,UCF_7,1,0.00024685636162757874,1.7347721364349127,1.735030284151435,0.9883720930232558,0.8333333333333333,ok
18_Ionosphere,KernelCF_rbf,2,2.786442268639803,0.7410565130412579,3.5275164525955915,0.8560371517027864,0.8105478826018929,ok
41_Waveform,DyCF_5,2,,,,,,ram_kill
23_mammography,CBLOF,3,34.34854543581605,0.41021275892853737,34.75876899249852,0.8024752940071829,0.13510909582241648,ok
29_Pima,KernelCF_lin_2,3,7.853182161226869,1.564100656658411,9.417305424809456,0.722798353909465,0.5426785642004802,ok
21_Lymphography,UCF_8,1,0.0003531482070684433,1.0243176966905594,1.0246881823986769,0.9883720930232558,0.8333333333333333,ok
44_Wilt,DyCF_2,3,4.116700606420636,3.7459419574588537,7.862664923071861,0.6729340783394838,0.07420932914088685,ok
23_mammography,GMM,3,0.7194124460220337,0.0005853064358234406,0.7200188841670752,0.8729274743159393,0.227632204113409,ok
18_Ionosphere,KernelCF_lin_2,2,5.646316098049283,0.7386842221021652,6.385019278153777,0.8363003095975232,0.7947304029349704,ok
29_Pima,KernelCF_lin_3,3,9.82766237296164,1.5273523293435574,11.35504132322967,0.7216460905349794,0.546676746502847,ok
21_Lymphography,UCG,1,0.00020475871860980988,2.830406531691551,2.83063543215394,0.9883720930232558,0.8333333333333333,ok
44_Wilt,DyCF_3,3,2.9653643034398556,2.048156302422285,5.013537434861064,0.663589879806096,0.07212417772074388,ok
18_Ionosphere,KernelCF_lin_3,2,2.6240357290953398,2.5695242658257484,5.193582380190492,0.8304953560371517,0.7968745805266867,ok
23_mammography,KDE,3,7.607161333784461,5.887349762022495,13.494551496580243,0.8755291346838493,0.24229100170925502,ok
26_optdigits,DyCF_3,2,,,,,,ram_kill
36_speech,DyCF_2,2,,,,,,ram_kill
29_Pima,KernelCF_lin_4,3,7.262851061299443,0.8481067642569542,8.110981676727533,0.7149794238683128,0.5440125569592584,ok
21_Lymphography,KNN,2,0.4921030830591917,0.659744143486023,1.151874316856265,1.0,1.0,ok
44_Wilt,DyCF_4,3,4.060247603803873,2.3645615596324205,6.424823451787233,0.6533918966351399,0.07017579683997334,ok
26_optdigits,DyCF_4,2,,,,,,error
36_speech,DyCF_3,2,,,,,,error
18_Ionosphere,KernelCF_lin_4,2,3.425729727372527,0.4939752761274576,3.9197228737175465,0.78328173374613,0.7752736083301597,ok
29_Pima,KernelCF_lin_5,3,8.356728255748749,0.7564784120768309,9.11322520673275,0.7093004115226338,0.5417652522031642,ok
23_mammography,HBOS,3,26.29685634560883,0.001018822193145752,26.297921139746904,0.8287970548422181,0.12566631531275096,ok
26_optdigits,DyCF_5,2,,,,,,error
21_Lymphography,CBLOF,2,15.858449267223477,0.0007736645638942719,15.85924013517797,1.0,1.0,ok
44_Wilt,DyCF_5,3,7.2968364004045725,2.1583988703787327,9.455254938453436,0.6577556847827117,0.07074349129087792,ok
36_speech,DyCF_4,2,,,,,,error
18_Ionosphere,KernelCF_lin_5,2,3.5075321532785892,0.5380368568003178,4.045584561303258,0.6675696594427244,0.714495672089835,ok
29_Pima,UCF_2,3,0.00022863969206809998,1.4695161003619432,1.4697564579546452,0.7433744855967078,0.5374628155999741,ok
23_mammography,ECOD,3,1.1612172927707434,0.07097612880170345,1.23220350779593,0.9132669029678488,0.45962142542189605,ok
26_optdigits,DyCG,2,,,,,,error
21_Lymphography,GMM,2,1.0660209394991398,0.00029132701456546783,1.0663273259997368,0.9883720930232558,0.8333333333333333,ok
36_speech,DyCF_5,2,,,,,,error
44_Wilt,DyCG,3,3.3537064660340548,6.735085787251592,10.088830256834626,0.4311422689801068,0.046802187722970394,ok
18_Ionosphere,UCF_2,2,0.0003280583769083023,1.4940712060779333,1.4944179356098175,0.9059597523219813,0.8830615286947223,ok
29_Pima,UCF_3,3,0.00027859024703502655,2.7494261376559734,2.7497206442058086,0.7390946502057613,0.5300676798272073,ok
36_speech,DyCG,2,,,,,,error
23_mammography,OCSVM,3,24.611571537330747,4.833165917545557,29.444752065464854,0.8918159198140888,0.2267587346661255,ok
26_optdigits,KernelCF_rbf,2,12.476705472916365,2.052150994539261,14.528880847617984,0.6560672514619883,0.04119526719554328,ok
21_Lymphography,KDE,2,0.0027045942842960358,0.0006767157465219498,0.0033954791724681854,0.9883720930232558,0.8333333333333333,ok
18_Ionosphere,UCF_3,2,0.00029303692281246185,1.1696011312305927,1.1699097584933043,0.9291795665634676,0.915981011417058,ok
44_Wilt,KernelCF_rbf,3,26.386100184172392,3.3185708560049534,29.704687919467688,0.38178403043267906,0.040828634601352505,ok
29_Pima,UCF_4,3,0.0002703983336687088,3.313400775194168,3.31368419341743,0.7311934156378601,0.5277028674168708,ok
23_mammography,LODA,3,0.12399714812636375,0.04413661174476147,0.16815835982561111,0.8616053613764936,0.25753781937331366,ok
36_speech,KernelCF_rbf,2,10.885143768042326,3.7734340354800224,14.658616645261645,0.6140727124183006,0.04311232173481365,ok
26_optdigits,KernelCF_lin_2,2,11.564074411988258,1.2940313629806042,12.858120985329151,0.5991666666666666,0.03329000457911962,ok
18_Ionosphere,UCF_4,2,0.000286860391497612,1.6371090020984411,1.6374151483178139,0.9489164086687306,0.935611132570887,ok
29_Pima,UCF_5,3,0.00023377127945423126,3.8066472224891186,3.80689238011837,0.725761316872428,0.5252921099174264,ok
44_Wilt,KernelCF_lin_2,3,16.441877365112305,0.7450943253934383,17.186985436826944,0.32390691850151304,0.03655096820653779,ok
21_Lymphography,HBOS,2,22.99933777190745,0.00021442770957946777,22.99957538023591,0.9883720930232558,0.8333333333333333,ok
23_mammography,IForest,3,0.4086741656064987,0.05016410909593105,0.4588618464767933,0.8848012174988067,0.25826989916662635,ok
36_speech,KernelCF_lin_2,2,11.103420546278358,1.5603900365531445,12.663831086829305,0.5994178921568627,0.03830707235505271,ok
29_Pima,UCF_6,3,0.00022345967590808868,2.9751411098986864,2.975375857204199,0.6934156378600822,0.5071136148593727,ok
18_Ionosphere,UCF_5,2,0.0002315770834684372,1.7190343216061592,1.719280019402504,0.9434984520123839,0.9316933991071504,ok
44_Wilt,KernelCF_lin_3,3,11.644113473594189,0.7962127272039652,12.440343014895916,0.30231565366700497,0.03546828654635479,ok
23_mammography,PCA,3,0.0046800728887319565,0.000665595754981041,0.005360880866646767,0.8976725898453087,0.24211201330543347,ok
21_Lymphography,ECOD,2,3.339127115905285,0.0015269927680492401,3.3406630977988243,0.9883720930232558,0.8333333333333333,ok
26_optdigits,KernelCF_lin_3,2,26.361509600654244,1.9403476286679506,28.301871247589588,0.5317251461988304,0.028452780910683234,ok
29_Pima,UCF_7,3,0.0002618487924337387,1.6372350435703993,1.6375087518244982,0.7088888888888889,0.515999155404613,ok
18_Ionosphere,UCF_6,2,0.00028552860021591187,0.7620536871254444,0.7623565290123224,0.9361455108359132,0.9256339575330492,ok
36_speech,KernelCF_lin_3,2,10.672143828123808,1.8725248090922832,12.544686857610941,0.5976307189542484,0.038087081775205034,ok
21_Lymphography,OCSVM,2,0.0019242484122514725,0.00039971619844436646,0.002333095297217369,1.0,1.0,ok
18_Ionosphere,UCF_7,2,0.00021717697381973267,0.5376600455492735,0.53788997605443,0.9330495356037152,0.9226663493791478,ok
23_mammography,DyCF_2,3,3.446646938100457,3.845865661278367,7.2925277184695005,0.8714447235197921,0.18683213946723898,ok
44_Wilt,KernelCF_lin_4,3,23.79969890974462,1.9381117671728134,25.737827077507973,0.2981415954388927,0.0351610140097353,ok
29_Pima,UCF_8,3,0.00021504051983356476,3.5296372082084417,3.529863465577364,0.6797530864197531,0.4985044160877938,ok
26_optdigits,KernelCF_lin_4,2,23.076504111289978,4.053903354331851,27.130425876006484,0.4332602339181287,0.02351484979961397,ok
36_speech,KernelCF_lin_4,2,16.505186954513192,1.122324287891388,17.627535682171583,0.597375408496732,0.038079621234041704,ok
21_Lymphography,LODA,2,0.07754412107169628,0.0013689827173948288,0.07895006984472275,0.5465116279069767,0.12702702702702703,ok
23_mammography,DyCF_3,3,5.209580712020397,5.774345418438315,10.983952110633254,0.86898390491616,0.1853743504285148,ok
29_Pima,UCG,3,0.00022822991013526917,5.532290227711201,5.5325459241867065,0.5959670781893004,0.4584237387090778,ok
18_Ionosphere,UCF_8,2,0.0002982188016176224,0.9359005764126778,0.9362138640135527,0.833204334365325,0.8518633079431804,ok
36_speech,KernelCF_lin_5,2,9.978232787922025,3.4190595615655184,13.397311406210065,0.5973243464052288,0.03807577389639935,ok
44_Wilt,KernelCF_lin_5,3,28.249151669442654,1.6192624624818563,29.86843148432672,0.2968324589946212,0.035045725331259395,ok
26_optdigits,KernelCF_lin_5,2,19.11385397054255,1.7617670707404613,20.87563795223832,0.3381432748538012,0.02017992691848069,ok
21_Lymphography,IForest,2,1.5134235117584467,0.008375123143196106,1.5218113865703344,1.0,1.0,ok
18_Ionosphere,UCG,2,0.0002450011670589447,0.9624526873230934,0.9627268891781569,0.864938080495356,0.8907552237251585,ok
29_Pima,KNN,4,0.006207423284649849,0.0021695662289857864,0.008404510095715523,0.6852674897119341,0.5186034198360615,ok
36_speech,UCF_2,2,0.00022955052554607391,2.074223032221198,2.074466770514846,0.6790747549019608,0.04714092053625767,ok
23_mammography,DyCF_4,3,13.733817407861352,5.611368078738451,19.345200488343835,0.874249821991659,0.20051119600265524,ok
44_Wilt,UCF_2,3,0.0002518072724342346,1.6596887726336718,1.6599546987563372,0.3482587536641591,0.03754394959203493,ok
29_Pima,CBLOF,4,8.295514300465584,0.001273350790143013,8.296800192445517,0.6368724279835389,0.4908870561296496,ok
26_optdigits,UCF_2,2,0.0002475157380104065,4.884456567466259,4.884716687723994,0.728640350877193,0.07006074485294543,ok
21_Lymphography,PCA,2,0.03903232701122761,0.00030227936804294586,0.03934927470982075,1.0,1.0,ok
18_Ionosphere,KNN,3,0.5072186756879091,0.6039632800966501,1.111211346462369,0.9373065015479877,0.9367726254271662,ok
36_speech,UCF_3,2,0.00024973973631858826,3.941802376881242,3.9420671556144953,0.7078737745098039,0.05037307567626764,ok
44_Wilt,UCF_3,3,0.0002766791731119156,1.9814548045396805,1.9817451797425747,0.3454317778642103,0.03740604406255498,ok
23_mammography,DyCF_5,3,11.254005307331681,5.400793150067329,16.654813315719366,0.8737725249016064,0.20833727959941195,ok
26_optdigits,UCF_3,2,0.00022553838789463043,3.1349295880645514,3.135168708860874,0.5511549707602339,0.05195587265192483,ok
29_Pima,GMM,4,0.6088021639734507,0.00029884837567806244,0.609127962961793,0.6664197530864198,0.49884552892211087,ok
21_Lymphography,DyCF_2,2,,,,,,error
36_speech,UCF_4,2,0.00021235831081867218,2.70890012383461,2.7091268431395292,0.6645220588235293,0.04007407618912109,ok
18_Ionosphere,CBLOF,3,6.918697224929929,0.0008889250457286835,6.919607186689973,0.8982198142414861,0.868955334443807,ok
44_Wilt,UCF_4,3,0.0002795811742544174,6.365461252629757,6.365755772218108,0.34112490869247625,0.0371450659338537,ok
26_optdigits,UCF_4,2,0.00021846964955329895,6.022491652518511,6.022721892222762,0.4963304093567251,0.04902308737932641,ok
18_Ionosphere,GMM,3,1.0187193378806114,0.00031854771077632904,1.0190550852566957,0.9318885448916409,0.9231533979220589,ok
21_Lymphography,DyCF_3,2,,,,,,error
36_speech,UCF_5,2,0.0002247299998998642,4.823940208181739,4.824177389964461,0.6576797385620915,0.06471003940361335,ok
29_Pima,KDE,4,0.040952129289507866,0.024872109293937683,0.06584534049034119,0.7237037037037037,0.5396876955559029,ok
23_mammography,DyCG,3,14.371627246960998,6.771768810227513,21.1434362269938,0.5850390835895871,0.026254462841399304,ok
44_Wilt,UCF_5,3,0.00023265741765499115,5.764511484652758,5.764755574986339,0.33404798269663133,0.036755995061450185,ok
18_Ionosphere,KDE,3,0.011190148070454597,0.004663640633225441,0.01587889902293682,0.9465944272445821,0.941634484628158,ok
26_optdigits,UCF_5,2,0.0002295374870300293,5.0422837901860476,5.0425275806337595,0.49833333333333335,0.05587614209431823,ok
36_speech,UCF_6,2,0.00024162046611309052,5.080637868493795,5.080893583595753,0.6519097222222222,0.050304536404360126,ok
12_fault,DyCF_4,2,,,,,,error
29_Pima,HBOS,4,29.06581285595894,0.0002745874226093292,29.06612071581185,0.7051440329218107,0.6001323793846487,ok
36_speech,UCF_7,2,0.00023053959012031555,2.9270781986415386,2.92732310667634,0.5586192810457516,0.027533707539689783,ok
26_optdigits,UCF_6,2,0.0002559404820203781,3.874535383656621,3.8748080115765333,0.4742397660818714,0.04861021205808898,ok
18_Ionosphere,HBOS,3,12.062137980014086,0.0003905985504388809,12.0625676587224,0.5634674922600619,0.36242028211576827,ok
44_Wilt,UCF_6,3,0.00025879964232444763,6.247820420190692,6.248096827417612,0.33498714579795663,0.036833245693161876,ok
41_Waveform,DyCG,2,,,,,,ram_kill
21_Lymphography,DyCF_4,2,,,,,,error
15_Hepatitis,DyCG,2,,,,,,ram_kill
18_Ionosphere,ECOD,3,0.4591638073325157,0.002480665221810341,0.46164965257048607,0.7511609907120742,0.6676789048967267,ok
23_mammography,KernelCF_rbf,3,49.38429211452603,4.377024067565799,53.761343302205205,0.8484405686877461,0.09514262766012863,ok
29_Pima,ECOD,4,0.5761469565331936,0.002017846331000328,0.5781746227294207,0.626008230452675,0.5162300232516682,ok
44_Wilt,UCF_7,3,0.00038953498005867004,2.38909137994051,2.389496523886919,0.36168214546592925,0.038411943527385195,ok
36_speech,UCF_8,2,0.0009490735828876495,3.003737483173609,3.004710178822279,0.6241830065359477,0.042685675916442706,ok
26_optdigits,UCF_7,2,0.0003252774477005005,2.214382480829954,2.2147179692983627,0.4321345029239766,0.03803257494556806,ok
35_SpamBase,DyCF_3,2,,,,,,ram_kill
15_Hepatitis,KernelCF_rbf,2,0.9590169843286276,0.3084162324666977,1.2674458399415016,0.7875000000000001,0.3852564102564103,ok
18_Ionosphere,OCSVM,3,0.004307733848690987,0.0009660441428422928,0.005284104496240616,0.8688080495356038,0.838120327927486,ok
29_Pima,OCSVM,4,0.02273464947938919,0.002806752920150757,0.025553232058882713,0.6138271604938272,0.466517943772734,ok
12_fault,DyCF_5,2,,,,,,ram_kill
44_Wilt,UCF_8,3,0.0002058185636997223,5.14867515489459,5.148893840610981,0.36385455304374226,0.03852417042643243,ok
36_speech,UCG,2,0.00019586831331253052,4.201249936595559,4.201474394649267,0.5300245098039216,0.01911185442677353,ok
35_SpamBase,DyCF_4,2,,,,,,error
41_Waveform,KernelCF_rbf,2,12.929495321586728,1.1368467789143324,14.066355668008327,0.7171485543369891,0.07112309798424038,ok
26_optdigits,UCF_8,2,0.00018442794680595398,5.381959140300751,5.382154438644648,0.4328362573099415,0.06516649943220705,ok
15_Hepatitis,KernelCF_lin_2,2,0.6220609210431576,0.3228940386325121,0.9449669513851404,0.825,0.4083333333333333,ok
29_Pima,LODA,4,0.014566255733370781,0.001980336382985115,0.016576604917645454,0.6755555555555556,0.47693860541859057,ok
18_Ionosphere,LODA,3,0.011649426072835922,0.001238211989402771,0.012909097597002983,0.8072755417956656,0.7424561399125696,ok
23_mammography,KernelCF_lin_2,3,25.536245118826628,3.216676514595747,28.75293674506247,0.8474312027104214,0.10144350370938862,ok
35_SpamBase,DyCF_5,2,,,,,,error
36_speech,KNN,3,4.823925014585257,3.869373098015785,8.6933339741081,0.44633374183006536,0.014843350175571365,ok
44_Wilt,UCG,3,0.00022132135927677155,7.145113492384553,7.1453587505966425,0.38694468424198153,0.039891648756494875,ok
29_Pima,IForest,4,0.13683527894318104,0.009729480370879173,0.14658545143902302,0.688559670781893,0.5395475651254158,ok
15_Hepatitis,KernelCF_lin_3,2,1.085303794592619,0.7167583778500557,1.802076792344451,0.8375,0.4154761904761905,ok
12_fault,DyCG,2,,,,,,ram_kill
26_optdigits,UCG,2,0.0003642067313194275,7.505303727462888,7.505691427737474,0.5542105263157895,0.07384593103187972,ok
41_Waveform,KernelCF_lin_2,2,19.70357812382281,1.045631993561983,20.749237935990095,0.577700232635427,0.04679071551699141,ok
29_Pima,PCA,4,0.002597736194729805,0.00029126740992069244,0.002902260050177574,0.6521810699588477,0.49644236316914986,ok
18_Ionosphere,IForest,3,0.3164638038724661,0.02199370227754116,0.3384699262678623,0.8602941176470589,0.806993817805359,ok
44_Wilt,KNN,4,0.050746871158480644,0.02211272157728672,0.0728896651417017,0.6162427784049406,0.06385911330028829,ok
35_SpamBase,DyCG,2,,,,,,error
15_Hepatitis,KernelCF_lin_4,2,0.8177582304924726,0.8174682836979628,1.6352402549237013,0.775,0.3571428571428571,ok
12_fault,KernelCF_rbf,2,6.556406436488032,1.3950185887515545,7.951438866555691,0.6421090927990436,0.5463322582644886,ok
34_smtp,OCSVM,1,1147.3836580682546,80.11596267297864,1227.4996464196593,0.9372960808590495,0.35622426567345156,ok
36_speech,CBLOF,3,22.21689677797258,0.19039328955113888,22.4073080457747,0.4375510620915033,0.014497251914192384,ok
29_Pima,DyCF_2,4,1.7826330121606588,1.0992650389671326,2.8819141648709774,0.6559670781893004,0.4904884623130622,ok
26_optdigits,KNN,3,5.441765585914254,4.715242495760322,10.157027872279286,0.4294444444444444,0.024951067415323634,ok
18_Ionosphere,PCA,3,0.00259227491915226,0.00027384795248508453,0.0028757527470588684,0.8045665634674922,0.7390808807101503,ok
23_mammography,KernelCF_lin_3,3,35.78295538760722,5.347863318398595,41.13083687797189,0.8411520073863682,0.0938763312078718,ok
41_Waveform,KernelCF_lin_3,2,17.45721889473498,0.9438225999474525,18.40107061341405,0.5107676969092723,0.03991155918015939,ok
15_Hepatitis,KernelCF_lin_5,2,0.7357326075434685,0.8704193476587534,1.6061769369989634,0.775,0.3571428571428571,ok
35_SpamBase,KernelCF_rbf,2,14.949600826948881,3.630231400951743,18.57984735816717,0.5288469581947843,0.39152894896950197,ok
34_smtp,LODA,1,0.5803346820175648,0.19163500145077705,0.7719968352466822,0.887362658755188,0.28253730063200333,ok
12_fault,KernelCF_lin_2,2,3.650998320430517,1.1244946587830782,4.775506898760796,0.6206569475845223,0.5043843286284022,ok
29_Pima,DyCF_3,4,5.241447355598211,1.7159451711922884,6.957411436364055,0.66,0.495130547427881,ok
44_Wilt,CBLOF,4,11.29572126083076,0.049344370141625404,11.345074821263552,0.4179750125696071,0.04224630225188178,ok
15_Hepatitis,UCF_2,2,0.0002337675541639328,1.43090246245265,1.4311485588550568,0.6625,0.26461038961038963,ok
26_optdigits,CBLOF,3,15.33804609440267,0.07709182798862457,15.41515246219933,0.7756286549707603,0.0588904448718932,ok
35_SpamBase,KernelCF_lin_2,2,8.64893252030015,1.0951163321733475,9.744066834449768,0.6115267582658886,0.4447776250277163,ok
36_speech,GMM,3,20.176994927227497,0.43966425210237503,20.616684978827834,0.45930351307189543,0.015593713258559464,ok
41_Waveform,KernelCF_lin_4,2,19.201735951006413,0.9873393438756466,20.18909127637744,0.4940844134263876,0.041641634364349325,ok
18_Ionosphere,DyCF_2,3,19.121281888335943,11.024382416158915,30.14568272419274,0.49574303405572756,0.6167220207175439,ok
34_smtp,IForest,1,5.924677949398756,0.503506924957037,6.428196234628558,0.9392174955809408,0.0066473427763557415,ok
12_fault,KernelCF_lin_3,2,13.244236281141639,0.9116279408335686,14.155886672437191,0.6405628751851563,0.5018341342883057,ok
44_Wilt,GMM,4,0.957871088758111,0.00035804882645606995,0.9582393243908882,0.6919165567814216,0.08210917199691477,ok
26_optdigits,GMM,3,7.911666564643383,0.2160916719585657,8.127775706350803,0.5499269005847953,0.03023471883235373,ok
15_Hepatitis,UCF_3,2,0.00019080750644207,1.0445505678653717,1.0447509083896875,0.625,0.2457875457875458,ok
29_Pima,DyCF_4,4,8.939053654670715,4.003200896084309,12.942266631871462,0.6647736625514404,0.501041405037818,ok
23_mammography,KernelCF_lin_4,3,39.44780398719013,1.6932948268949986,41.14111367426813,0.8200257427446931,0.07693586851245131,ok
35_SpamBase,KernelCF_lin_3,2,9.268858125433326,0.7156614698469639,9.984536908566952,0.6247019888324237,0.4571820996250046,ok
34_smtp,PCA,1,0.02055330015718937,0.002966521307826042,0.023541059345006943,0.8058183630403126,0.3961961030881118,ok
44_Wilt,KDE,4,2.617983963340521,0.31226757541298866,2.9302659388631582,0.3848671416238984,0.03968419010904133,ok
12_fault,KernelCF_lin_4,2,10.072092032060027,1.1577805373817682,11.229886868968606,0.6478391933681558,0.4964584099973951,ok
26_optdigits,KDE,3,2.9874447155743837,0.9359113276004791,3.923382241278887,0.3849561403508772,0.023384538671272378,ok
41_Waveform,KernelCF_lin_5,2,10.946436392143369,0.8276028335094452,11.774055397138,0.5107012296444001,0.04886599936548057,ok
36_speech,KDE,3,17.816976215690374,3.1927944757044315,21.009791722521186,0.37300857843137253,0.014169047833885643,ok
15_Hepatitis,UCF_4,2,0.00019122101366519928,0.7864345218986273,0.786635858938098,0.6625,0.291025641025641,ok
29_Pima,DyCF_5,4,16.61046408675611,3.8801479432731867,20.490626761689782,0.573909465020576,0.4831141357694302,ok
44_Wilt,HBOS,4,11.103105090558529,0.00034771673381328583,11.103485640138388,0.39618927456765296,0.04376705327731569,ok
35_SpamBase,KernelCF_lin_4,2,17.850356010720134,0.5575060173869133,18.407881727442145,0.6303432879519836,0.46316681389451825,ok
26_optdigits,HBOS,3,5.408712284639478,0.004389621317386627,5.413131034001708,0.8825730994152047,0.2499655032747762,ok
41_Waveform,UCF_2,2,0.00019639916718006134,3.7558248415589333,3.7560334783047438,0.6870388833499502,0.39054556940281093,ok
34_smtp,DyCF_2,1,25.862751074135303,10.343643091619015,36.20641505345702,0.9158315228817716,0.38041917223516186,ok
18_Ionosphere,DyCF_3,3,41.01017124392092,5.626593740656972,46.63677731342614,0.4531733746130031,0.562934080536701,ok
15_Hepatitis,UCF_5,2,0.0002086292952299118,1.2322772033512592,1.2324959859251976,0.6625,0.2749542124542125,ok
23_mammography,KernelCF_lin_5,3,39.830809174105525,3.2236321195960045,43.05446155555546,0.7841110928538454,0.059014371926180746,ok
36_speech,HBOS,3,8.834658578038216,0.01648746430873871,8.851188022643328,0.4570567810457516,0.015378195725119113,ok
12_fault,KernelCF_lin_5,2,9.789959400892258,1.6246320810168982,11.414608972147107,0.6492554767287753,0.4898546355892026,ok
44_Wilt,ECOD,4,2.5252272244542837,0.0504499152302742,2.5756885297596455,0.4389022226860065,0.04758534807925462,ok
29_Pima,DyCG,4,10.070998810231686,5.477599002420902,15.54863283969462,0.5312345679012345,0.3540390123976763,ok
26_optdigits,ECOD,3,1.3187387753278017,0.04770298860967159,1.3664490841329098,0.6255701754385965,0.035866217567973785,ok
44_Wilt,OCSVM,4,1.0108813121914864,0.17700031585991383,1.1878973376005888,0.36176752392968603,0.038383032222247315,ok
35_SpamBase,KernelCF_lin_5,2,10.800000162795186,1.4436235595494509,12.243662465363741,0.6339141936968024,0.4669310578097481,ok
15_Hepatitis,UCF_6,2,0.00028560683131217957,1.2251603361219168,1.2254601400345564,0.7125,0.30952380952380953,ok
12_fault,UCF_2,2,0.00023615919053554535,3.096521692350507,3.0967705212533474,0.7067383903744705,0.5711467293482565,ok
41_Waveform,UCF_3,2,0.0002815760672092438,3.1036616284400225,3.1039628237485886,0.7010967098703889,0.3782864832157689,ok
36_speech,ECOD,3,2.5260290019214153,0.7221303470432758,3.2481741681694984,0.4358149509803922,0.01450576476699314,ok
23_mammography,UCF_2,3,0.00021768920123577118,6.010187594220042,6.010417083278298,0.7898699561043167,0.06610218161983777,ok
34_smtp,DyCF_3,1,13.957278965041041,9.713885156437755,23.67118133418262,0.9235989440979279,0.3225567447886673,ok
26_optdigits,OCSVM,3,1.442702503874898,0.3884586989879608,1.8311761356890202,0.5550584795321638,0.03013524649406482,ok
29_Pima,KernelCF_rbf,4,7.483286647126079,1.5255564246326685,9.00885602273047,0.7034567901234567,0.5332719597621888,ok
44_Wilt,LODA,4,0.13015258871018887,0.08539184369146824,0.21557213924825191,0.4444707958221471,0.04424748681814694,ok
35_SpamBase,UCF_2,2,0.0002147667109966278,3.807792304083705,3.8080248422920704,0.5294220674655457,0.3885171833965837,ok
12_fault,UCF_3,2,0.0002481173723936081,1.7987587992101908,1.7990206200629473,0.7252670148904654,0.5679092779681394,ok
41_Waveform,UCF_4,2,0.00021331943571567535,3.6740166544914246,3.6742414329200983,0.6925556663343304,0.3624258159833028,ok
15_Hepatitis,UCF_7,2,0.00021480023860931396,1.1157201454043388,1.1159450449049473,0.725,0.3214285714285714,ok
26_optdigits,LODA,3,0.08795365132391453,0.00845443643629551,0.0964470561593771,0.3219736842105263,0.01974874362897123,ok
36_speech,OCSVM,3,6.58151819743216,0.9304252006113529,7.511963348835707,0.43346609477124187,0.014443446477251771,ok
23_mammography,UCF_3,3,0.00020693987607955933,5.390432259067893,5.390650877729058,0.824587450998803,0.10608360475511922,ok
29_Pima,KernelCF_lin_2,4,3.4200775753706694,1.7318703886121511,5.151968844234943,0.6796707818930041,0.5156535376137172,ok
15_Hepatitis,UCF_8,2,0.00018817931413650513,1.2387085556983948,1.2389084734022617,0.7125,0.31666666666666665,ok
44_Wilt,IForest,4,0.7533225920051336,0.13027282245457172,0.8836108986288309,0.46455370779695104,0.045449248922882116,ok
35_SpamBase,UCF_3,2,0.0002860073000192642,4.2487406600266695,4.249039817601442,0.5348646924733882,0.39048279786520246,ok
12_fault,UCF_4,2,0.00021567568182945251,2.6442489344626665,2.644477831199765,0.7560094592136378,0.5876387003309159,ok
41_Waveform,UCF_5,2,0.00021602027118206024,4.002482872456312,4.002711599692702,0.619840478564307,0.059982841968611596,ok
23_mammography,UCF_4,3,0.0002284068614244461,6.251904668286443,6.2521475572139025,0.8188716227318608,0.10796300933932389,ok
26_optdigits,IForest,3,0.17417598515748978,0.016369735822081566,0.19055710174143314,0.7484941520467836,0.05450904287996792,ok
44_Wilt,PCA,4,0.0032027680426836014,0.00039173848927021027,0.003617485985159874,0.47030252435657843,0.046601723073453116,ok
15_Hepatitis,UCG,2,0.0002833586186170578,1.832104604691267,1.8324288316071033,0.675,0.2848484848484848,ok
35_SpamBase,UCF_4,2,0.00024869851768016815,3.4094580337405205,3.409720564261079,0.5419385365037539,0.3939639064010968,ok
29_Pima,KernelCF_lin_3,4,7.665814969688654,0.8048963006585836,8.47072971239686,0.659835390946502,0.5015400006690071,ok
36_speech,LODA,3,11.274475513026118,0.01251438818871975,11.287038462236524,0.389654820261438,0.013293639317211836,ok
34_smtp,DyCF_4,1,30.170417089015245,13.952506590634584,44.122941168025136,0.9386743601124427,0.3079994404827891,ok
12_fault,UCF_5,2,0.00019703805446624756,3.4160074312239885,3.416215792298317,0.7590499207401055,0.5877694536116292,ok
41_Waveform,UCF_6,2,0.0002198684960603714,4.059641579166055,4.05987454764545,0.6840478564307079,0.24152872360189767,ok
26_optdigits,PCA,3,,,,,,error
35_SpamBase,UCF_5,2,0.00021903030574321747,3.9265602119266987,3.9267932921648026,0.5265439069786896,0.38989772081491536,ok
44_Wilt,DyCF_2,4,2.5996821839362383,2.742110952734947,5.341815136373043,0.7311906501095691,0.09431788320891339,ok
15_Hepatitis,KNN,3,1.1748532839119434,1.645064191892743,2.8199389092624187,0.6875,0.2714285714285714,ok
29_Pima,KernelCF_lin_4,4,3.0640675723552704,1.1302955839782953,4.194379275664687,0.6479835390946502,0.49274812884300195,ok
23_mammography,UCF_5,3,0.0002138391137123108,5.689924297854304,5.690150838345289,0.812741093714545,0.11070003191057617,ok
36_speech,IForest,3,0.7781030554324389,0.028581712394952774,0.8067014683037996,0.49433210784313725,0.01805778214127084,ok
12_fault,UCF_6,2,0.00023420900106430054,3.731666823849082,3.7319134045392275,0.755463735349913,0.5799675292262652,ok
29_Pima,KernelCF_lin_5,4,7.740302475169301,1.3271082155406475,9.067431572824717,0.6438683127572017,0.4854481415432376,ok
41_Waveform,UCF_7,2,0.00022586993873119354,2.674638466909528,2.674878528341651,0.7096709870388834,0.0983952252309336,ok
44_Wilt,DyCF_3,4,5.2076212372630835,3.263978235423565,8.471621895208955,0.7151394989232827,0.08904891249604245,ok
35_SpamBase,UCF_6,2,0.00022604689002037048,3.3236209619790316,3.3238591197878122,0.5550667126754083,0.4019510856534929,ok
15_Hepatitis,CBLOF,3,13.148581720888615,0.0007023047655820847,13.149296436458826,0.7250000000000001,0.33333333333333337,ok
23_mammography,UCF_6,3,0.0002236887812614441,6.587979482486844,6.5882174503058195,0.8255459574501381,0.12389648202537677,ok
34_smtp,DyCF_5,1,26.73472094722092,16.9032970815897,43.63803427666426,0.9412557136293909,0.24667634676427033,ok
41_Waveform,UCF_8,2,0.0005597155541181564,5.213405618444085,5.213994404301047,0.7134928547690264,0.1416816138827806,ok
12_fault,UCF_7,2,0.00026762858033180237,4.839831376448274,4.840114926919341,0.744965047685871,0.5616924373995991,ok
29_Pima,UCF_2,4,0.00024846941232681274,3.2560714296996593,3.256331669166684,0.7320164609053498,0.5552114238509778,ok
23_mammography,UCF_7,3,0.0002088993787765503,5.554697457700968,5.554918339475989,0.8047287622356283,0.11583892688629532,ok
35_SpamBase,UCF_7,2,0.0002214871346950531,3.3435485754162073,3.343782041221857,0.5520003346090302,0.4014816766021939,ok
44_Wilt,DyCF_4,4,3.87689271196723,3.526203291490674,7.403115080669522,0.7115156574616034,0.0869241509521663,ok
15_Hepatitis,GMM,3,1.1676706168800592,0.00027165748178958893,1.1679562367498875,0.65,0.2506604506604506,ok
26_optdigits,DyCF_2,3,,,,,,error
41_Waveform,UCG,2,0.0002649594098329544,4.499179238453507,4.499479256570339,0.4310069790628116,0.02813121932679908,ok
29_Pima,UCF_3,4,0.00021317973732948303,3.521938532590866,3.5221635419875383,0.7312757201646091,0.5568823758563881,ok
35_SpamBase,UCF_8,2,0.00021004676818847656,4.560631833970547,4.560856511816382,0.5511219859045946,0.4026831019816537,ok
12_fault,UCF_8,2,0.0002658981829881668,3.0601802822202444,3.0604634396731853,0.7241365868870353,0.5639144336674308,ok
15_Hepatitis,KDE,3,0.0013779029250144958,0.00036257877945899963,0.001772398129105568,0.6125,0.24166666666666664,ok
23_mammography,UCF_8,3,0.000258568674325943,7.241824202239513,7.242101369425654,0.8165594704349664,0.13379779160435504,ok
44_Wilt,DyCF_5,4,5.227719204500318,4.145598795264959,9.373336307704449,0.7124548205629286,0.08759629718381842,ok
34_smtp,DyCG,1,37.10651655681431,13.26759179122746,50.37414359115064,0.5713862997484835,0.00045252563256647344,ok
29_Pima,UCF_4,4,0.00023120827972888947,1.5103520173579454,1.5105956830084324,0.7219753086419753,0.5417807376779343,ok
12_fault,UCG,2,0.0005127359181642532,5.852916533127427,5.853489428758621,0.7015020399677763,0.5416692057900487,ok
35_SpamBase,UCG,2,0.00021857023239135742,6.522995440289378,6.5232440289109945,0.5340791454921889,0.42959640309268093,ok
41_Waveform,KNN,3,8.425249315798283,4.778787188231945,13.204056711867452,0.7588235294117647,0.1661844999431021,ok
15_Hepatitis,HBOS,3,6.039264280349016,0.00024010799825191498,6.039531107991934,0.6,0.22929292929292927,ok
23_mammography,UCG,3,0.000235849991440773,7.323864668607712,7.324130609631538,0.28481530167523456,0.021511560919458196,ok
44_Wilt,DyCG,4,4.936693159863353,8.212788997218013,13.149514893069863,0.4719152286719855,0.050660447880748055,ok
12_fault,KNN,3,5.064604515209794,2.431137168779969,7.495761822909117,0.7221875730880175,0.5263605943206631,ok
29_Pima,UCF_5,4,0.00022963806986808777,1.9700223952531815,1.970264384523034,0.7111934156378601,0.5292308385238044,ok
41_Waveform,CBLOF,3,22.914606135338545,0.08307436108589172,22.997700568288565,0.7363908275174477,0.23727502248984172,ok
35_SpamBase,KNN,3,5.732857147231698,3.4317758213728666,9.164657255634665,0.5460584101888449,0.4238962143084737,ok
23_mammography,KNN,4,0.24135089106857777,0.45936681143939495,0.7007424794137478,0.8451836028888211,0.16267454906100004,ok
15_Hepatitis,ECOD,3,1.7864039652049541,0.0010902322828769684,1.7875023670494556,0.575,0.2150974025974026,ok
36_speech,PCA,3,167.48046645522118,0.1054285392165184,167.58592045120895,0.436734068627451,0.014542086146985357,ok
12_fault,CBLOF,3,7.368744945153594,0.039680177345871925,7.408443436026573,0.6476702788389075,0.4748896627430713,ok
29_Pima,UCF_6,4,0.000264899805188179,1.6672448441386223,1.6675228141248226,0.7020576131687243,0.5260075090922853,ok
41_Waveform,GMM,3,1.919519916176796,0.0004725158214569092,1.9200116600841284,0.6207710202725157,0.059790202192886166,ok
44_Wilt,KernelCF_rbf,4,22.159204905852675,3.217065902426839,25.376286156475544,0.38770360391982017,0.0410389094755724,ok
15_Hepatitis,OCSVM,3,0.00216684490442276,0.00030283816158771515,0.0024855341762304306,0.6875,0.2708333333333333,ok
35_SpamBase,CBLOF,3,12.70526616461575,0.04282705299556255,12.74811264872551,0.5513860133425351,0.41483035698756776,ok
34_smtp,KernelCF_rbf,1,,,,,,ram_kill
12_fault,GMM,3,2.1551386453211308,0.0005165375769138336,2.1556803919374943,0.6132896754242354,0.43615674775296726,ok
29_Pima,UCF_7,4,0.0006758067756891251,3.1067492440342903,3.1074404679238796,0.6586008230452675,0.49128571177330405,ok
23_mammography,CBLOF,4,17.48339379951358,0.1501251608133316,17.633535258471966,0.7876106194690266,0.11169051813712387,ok
41_Waveform,KDE,3,1.0898794569075108,0.9046486113220453,1.9945459496229887,0.7886340977068793,0.1525375386053407,ok
15_Hepatitis,LODA,3,0.012691117823123932,0.0010435320436954498,0.013762669637799263,0.3875,0.20909090909090908,ok
35_SpamBase,GMM,3,10.302918080240488,0.22756260074675083,10.530510487034917,0.5394655666394796,0.40776919623813457,ok
12_fault,KDE,3,0.9756416846066713,0.3947183471173048,1.3703831247985363,0.7154050050674359,0.5196549393303432,ok
44_Wilt,KernelCF_lin_2,4,17.959396552294493,2.0611905958503485,20.020604204386473,0.28722263857398994,0.03468523950302555,ok
18_Ionosphere,DyCF_4,3,,,,,,ram_kill
23_mammography,GMM,4,1.3714308328926563,0.0005712024867534637,1.372020298615098,0.8629492265439779,0.1769866053831138,ok
29_Pima,UCF_8,4,0.0007777363061904907,2.6684913486242294,2.6692784912884235,0.6814814814814815,0.5196921641396293,ok
34_smtp,KernelCF_lin_2,1,,,,,,ram_kill
15_Hepatitis,IForest,3,0.3529246151447296,0.051653627306222916,0.4045867156237364,0.725,0.29583333333333334,ok
12_fault,HBOS,3,3.41832522302866,0.0008666757494211197,3.419226774945855,0.5551440970868741,0.42006241242451675,ok
35_SpamBase,KDE,3,2.1894350964576006,0.8022791538387537,2.9917488396167755,0.5202961289917811,0.40381739758304547,ok
41_Waveform,HBOS,3,12.316146399825811,0.0008747037500143051,12.317052064463496,0.7219341974077766,0.057885556405733604,ok
15_Hepatitis,PCA,3,0.0023956838995218277,0.00023842789232730865,0.0026453714817762375,0.6875,0.2784382284382284,ok
21_Lymphography,DyCF_5,2,,,,,,error
18_Ionosphere,DyCF_5,3,,,,,,error
29_Pima,UCG,4,0.00018152035772800446,4.178255278617144,4.178458586335182,0.5489711934156379,0.41876771032577004,ok
23_mammography,KDE,4,6.100507140159607,10.679202465340495,16.779724523425102,0.8700108761140192,0.1923938408409189,ok
44_Wilt,KernelCF_lin_3,4,11.167902011424303,1.0257781110703945,12.193696463480592,0.293132725565158,0.03488831553753972,ok
41_Waveform,ECOD,3,0.46820557303726673,0.014420276507735252,0.48263217881321907,0.6235626453971419,0.044283409517376,ok
12_fault,ECOD,3,1.3380669001489878,0.11857865191996098,1.4566587135195732,0.46354044853304227,0.3233252415433907,ok
35_SpamBase,HBOS,3,4.7969567477703094,0.0017050281167030334,4.798685468733311,0.6774382018947236,0.5383526197254224,ok
18_Ionosphere,DyCG,3,,,,,,error
29_Pima,KNN,5,0.005659395828843117,0.001926535740494728,0.0076070912182331085,0.7264197530864198,0.5426379536983268,ok
15_Hepatitis,DyCF_2,3,,,,,,error
23_mammography,HBOS,4,3.559632172808051,0.0007564052939414978,3.560419486835599,0.8260682456593351,0.11730680819330502,ok
12_fault,OCSVM,3,0.11592831648886204,0.024733087047934532,0.14067103154957294,0.5297029702970297,0.39005094056577505,ok
35_SpamBase,ECOD,3,0.45597794465720654,0.03602830693125725,0.49201792664825916,0.6515308363134451,0.5134677364601451,ok
41_Waveform,OCSVM,3,0.4330772403627634,0.6569264829158783,1.090013176202774,0.7158856763044201,0.07665060032741308,ok
44_Wilt,KernelCF_lin_4,4,12.102355843409896,0.5904340650886297,12.692821310833097,0.2955517820382685,0.03497614766434166,ok
29_Pima,CBLOF,5,2.7468086685985327,0.0007083546370267868,2.7475277949124575,0.6605761316872427,0.4997384103517542,ok
23_mammography,ECOD,4,1.514942055568099,0.02543054334819317,1.5403827391564846,0.9083667832523493,0.4110285463385576,ok
12_fault,LODA,3,0.029074350371956825,0.0031602289527654648,0.03226646967232227,0.46811413424807047,0.3335340182195934,ok
35_SpamBase,OCSVM,3,1.581132858991623,0.40671479143202305,1.9878563676029444,0.5401530836313445,0.41291934570678906,ok
41_Waveform,LODA,3,0.04409683123230934,0.005153665319085121,0.049270959571003914,0.6214689265536723,0.05271979492525332,ok
15_Hepatitis,DyCF_3,3,,,,,,error
18_Ionosphere,KernelCF_rbf,3,6.944127403199673,1.3344756923615932,8.278615018352866,0.8521671826625388,0.7906633604743369,ok
35_SpamBase,LODA,3,0.07998641766607761,0.013969648629426956,0.09398616850376129,0.528126764539808,0.423782855650913,ok
29_Pima,GMM,5,1.6306869722902775,0.00029774755239486694,1.6310004517436028,0.6786831275720164,0.5128600214410928,ok
44_Wilt,KernelCF_lin_5,4,22.972397722303867,2.2687699403613806,25.24118629284203,0.2972403783214594,0.035042272680788134,ok
12_fault,IForest,3,0.6736998911947012,0.12142826057970524,0.7951434515416622,0.5558457420545204,0.4056524803536761,ok
23_mammography,OCSVM,4,4.476141443476081,1.2721718326210976,5.748330842703581,0.8741304977191459,0.19196048390349454,ok
35_SpamBase,IForest,3,0.4937134198844433,0.0462522879242897,0.5399875175207853,0.5722128113432461,0.42458927613866143,ok
41_Waveform,IForest,3,0.23679032735526562,0.014127986505627632,0.2509343307465315,0.7245264207377866,0.06125893636272944,ok
44_Wilt,UCF_2,4,0.00025874748826026917,1.8374193124473095,1.8376951031386852,0.33533814614895696,0.03678921501904673,ok
18_Ionosphere,KernelCF_lin_2,3,7.80452661588788,0.4275712054222822,8.23211527056992,0.8335913312693498,0.7585579501521686,ok
29_Pima,KDE,5,0.2177966795861721,0.09799663722515106,0.315808417275548,0.7270781893004116,0.5431221640845456,ok
23_mammography,LODA,4,0.21091021597385406,0.04560137167572975,0.2565448582172394,0.8976197741837046,0.21977699738276724,ok
12_fault,PCA,3,0.35275862738490105,0.0006459839642047882,0.3534151613712311,0.466749824588758,0.3313386861731211,ok
41_Waveform,PCA,3,0.004264982417225838,0.0006956737488508224,0.004979148507118225,0.6572947823197076,0.05358068402925492,ok
35_SpamBase,PCA,3,1.3375106882303953,0.047290511429309845,1.3848177511245012,0.5610373925591317,0.4213993441389651,ok
15_Hepatitis,DyCF_4,3,,,,,,error
44_Wilt,UCF_3,4,0.0002353675663471222,3.607695795595646,3.6079470943659544,0.33091743902554716,0.036565268174728105,ok
18_Ionosphere,KernelCF_lin_3,3,3.9041732102632523,0.4789245519787073,4.383129743859172,0.8304953560371517,0.7540869157151445,ok
23_mammography,IForest,4,0.43059483356773853,0.035960227251052856,0.4665777124464512,0.8617598960900761,0.20028703638816206,ok
29_Pima,HBOS,5,17.29860113747418,0.00025317631661891937,17.298880523070693,0.7000000000000001,0.5492350859230501,ok
34_smtp,KernelCF_lin_3,1,,,,,,ram_kill
12_fault,DyCF_2,3,,,,,,error
44_Wilt,UCF_4,4,0.00037254951894283295,4.0603024289011955,4.060683574527502,0.32725565157997594,0.036351933616169924,ok
23_mammography,PCA,4,0.0045857299119234085,0.000597706064581871,0.005199665203690529,0.8999397510230589,0.20974149463869796,ok
18_Ionosphere,KernelCF_lin_4,3,5.2192616648972034,0.4880608581006527,5.707356933504343,0.7952786377708978,0.7325603727066783,ok
41_Waveform,DyCF_2,3,14.917368911206722,16.869944274425507,31.787330366671085,0.6311731472249916,0.059817173783112645,ok
29_Pima,ECOD,5,4.963800003752112,0.0019276775419712067,4.965734321624041,0.5947325102880658,0.48431056702129094,ok
44_Wilt,UCF_5,4,0.0002265889197587967,2.362840475514531,2.3630792647600174,0.3359737413791468,0.03680391652131178,ok
23_mammography,DyCF_2,4,3.6602787151932716,4.607959507033229,8.268257638439536,0.8596394450834488,0.15412923370402715,ok
18_Ionosphere,KernelCF_lin_5,3,3.173595556989312,0.78939707018435,3.9630100280046463,0.6520897832817338,0.6599811953805996,ok
35_SpamBase,DyCF_2,3,48.540019592270255,30.849135357886553,79.3891722522676,0.43313831900788424,0.3458508775470187,ok
12_fault,DyCF_3,3,,,,,,error
44_Wilt,UCF_6,4,0.00021269731223583221,2.616599889472127,2.61682384647429,0.37680362004686324,0.039285004962580944,ok
29_Pima,OCSVM,5,0.055880725383758545,0.0030141212046146393,0.05890376679599285,0.617366255144033,0.4696753819673215,ok
18_Ionosphere,UCF_2,3,0.0002022571861743927,1.692475814372301,1.6926916055381298,0.9136996904024768,0.8882860783955013,ok
34_smtp,KernelCF_lin_4,1,,,,,,ram_kill
23_mammography,DyCF_3,4,2.6945934519171715,4.653404638171196,7.348016239702702,0.8588961135497601,0.15191956934880843,ok
41_Waveform,DyCF_3,3,38.48610887862742,10.667381102219224,49.15351199731231,0.6339647723496178,0.07605270615846718,ok
44_Wilt,UCF_7,4,0.0002677496522665024,3.251002002507448,3.2512819413095713,0.3398157722482047,0.03707226633513519,ok
29_Pima,LODA,5,0.04825804382562637,0.0019449256360530853,0.05022650025784969,0.5579423868312757,0.40883511642445336,ok
18_Ionosphere,UCF_3,3,0.00027519650757312775,1.1234889421612024,1.1237789709120989,0.936532507739938,0.9222023149513774,ok
29_Pima,IForest,5,0.42543261870741844,0.01053544320166111,0.4360056109726429,0.6678189300411522,0.5058922212473442,ok
26_optdigits,DyCF_3,3,,,,,,ram_kill
23_mammography,DyCF_4,4,14.862258499488235,4.05780122615397,18.920083248987794,0.8657152023035454,0.1679908054870571,ok
36_speech,DyCF_2,3,,,,,,ram_kill
18_Ionosphere,UCF_4,3,0.00039223767817020416,0.7933223973959684,0.7937300149351358,0.9543343653250773,0.9460556954241175,ok
44_Wilt,UCF_8,4,0.0004643574357032776,5.495453117415309,5.495935942977667,0.3626118220712815,0.03849411187419985,ok
36_speech,DyCF_3,3,,,,,,error
18_Ionosphere,UCF_5,3,0.00027482770383358,0.5474765654653311,0.5477626044303179,0.9589783281733746,0.9553617803484525,ok
29_Pima,PCA,5,0.0025015752762556076,0.0002672877162694931,0.002781713381409645,0.6224691358024692,0.47179292085465147,ok
26_optdigits,DyCF_4,3,,,,,,error
23_mammography,DyCF_5,4,11.297658352181315,4.735782543197274,16.033467506989837,0.8699443675031102,0.18991491602787564,ok
44_Wilt,UCG,4,0.00024300813674926758,6.656840888783336,6.657106915488839,0.39131795888552645,0.040130867236815713,ok
36_speech,DyCF_4,3,,,,,,error
18_Ionosphere,UCF_6,3,0.00027543678879737854,0.6843250412493944,0.6846155412495136,0.9554953560371516,0.9525996426030283,ok
29_Pima,DyCF_2,5,3.8714494220912457,2.4301502350717783,6.301614757627249,0.6825514403292181,0.5115773772588521,ok
26_optdigits,DyCF_5,3,,,,,,error
36_speech,DyCF_5,3,,,,,,error
44_Wilt,KNN,5,0.05884004011750221,0.032119013369083405,0.09099217317998409,0.5858006128276398,0.05909975660101321,ok
18_Ionosphere,UCF_7,3,0.0002284068614244461,0.8706798497587442,0.870919480919838,0.9597523219814241,0.9559336878840652,ok
23_mammography,DyCG,4,13.033499045297503,10.543188018724322,23.576728612184525,0.6294140200151797,0.03165073987193594,ok
29_Pima,DyCF_3,5,5.526906518265605,1.9720029886811972,7.498931650072336,0.6908641975308641,0.5133731368050793,ok
36_speech,DyCG,3,,,,,,error
26_optdigits,DyCG,3,,,,,,error
18_Ionosphere,UCF_8,3,0.0002862773835659027,0.610805805772543,0.6111054755747318,0.8475232198142415,0.877416424203983,ok
41_Waveform,DyCF_4,3,161.44397206418216,26.101032556965947,187.54504320770502,0.43383183781987367,0.03424006148473791,ok
44_Wilt,CBLOF,5,19.985493905842304,0.1620416771620512,20.14755038358271,0.4424691451718478,0.045326876338899855,ok
18_Ionosphere,UCG,3,0.00036054663360118866,2.737609861418605,2.7380170598626137,0.9330495356037151,0.9414864804222672,ok
29_Pima,DyCF_4,5,13.866864118725061,4.838654302060604,18.70553908124566,0.6984362139917695,0.5254597099504258,ok
26_optdigits,KernelCF_rbf,3,29.742953926324844,7.5019691325724125,37.24494918063283,0.6439766081871345,0.03722639997008066,ok
34_smtp,KernelCF_lin_5,1,,,,,,ram_kill
36_speech,KernelCF_rbf,3,34.20283188484609,4.567094227299094,38.769951144233346,0.43612132352941174,0.01453380956600498,ok
15_Hepatitis,DyCF_5,3,,,,,,ram_kill
23_mammography,KernelCF_rbf,4,60.26160489208996,5.699605414643884,65.96123794838786,0.8749051274226739,0.1016003142613721,ok
44_Wilt,GMM,5,1.2002915889024734,0.0005933158099651337,1.2009183540940285,0.6669765588684508,0.07587193852358472,ok
18_Ionosphere,KNN,4,1.2490958087146282,1.143374152481556,2.392493547871709,0.9585913312693498,0.958393866663805,ok
29_Pima,DyCF_5,5,11.183496829122305,2.6477662920951843,13.83128528855741,0.4175308641975308,0.3802099160450513,ok
44_Wilt,KDE,5,5.780879421159625,1.234735045582056,7.015630206093192,0.34977659301983627,0.03761444349165054,ok
36_speech,KernelCF_lin_2,3,20.38853583857417,1.3261884190142155,21.71474759839475,0.4236111111111111,0.014126473606915038,ok
26_optdigits,KernelCF_lin_2,3,18.10041654482484,2.2998878564685583,20.40034064464271,0.573640350877193,0.031025691318950895,ok
18_Ionosphere,CBLOF,4,15.238844990730286,0.0008105859160423279,15.239669626578689,0.9462074303405572,0.9382212496942879,ok
36_speech,KernelCF_lin_3,3,18.711558928713202,1.9672018066048622,20.678781144320965,0.42172181372549017,0.014070863127296999,ok
23_mammography,KernelCF_lin_2,4,57.411862870678306,7.470514111220837,64.88239330239594,0.880171044498173,0.10647874350927572,ok
29_Pima,DyCG,5,20.94618819281459,8.339331213384867,29.285548565909266,0.5834567901234567,0.3941833094983126,ok
44_Wilt,HBOS,5,29.21859031356871,0.0003886669874191284,29.2190152797848,0.362616565319268,0.04131681969491957,ok
18_Ionosphere,GMM,4,0.7035848312079906,0.00031562894582748413,0.7039178255945444,0.9609133126934983,0.9579254045375318,ok
26_optdigits,KernelCF_lin_3,3,32.479583287611604,2.884965928271413,35.36456919647753,0.5067397660818713,0.026884479018969176,ok
29_Pima,KernelCF_rbf,5,3.452660746872425,2.066975835710764,5.51965288259089,0.6835390946502057,0.5136921904515447,ok
44_Wilt,ECOD,5,1.2475473564118147,0.006574966013431549,1.2541298512369394,0.4085454355724626,0.05046733465319871,ok
36_speech,KernelCF_lin_4,3,25.43743417225778,2.563965966925025,28.001420499756932,0.42156862745098045,0.01406806499113553,ok
18_Ionosphere,KDE,4,0.01107591949403286,0.004560071974992752,0.01565888710319996,0.9702012383900929,0.9694271801086536,ok
44_Wilt,OCSVM,5,6.2349502351135015,1.2823944203555584,7.517360718920827,0.32882092341551805,0.03654490025512622,ok
23_mammography,KernelCF_lin_3,4,69.87394172511995,8.651916483417153,78.5258776564151,0.8757071430248117,0.10047933854900949,ok
29_Pima,KernelCF_lin_2,5,3.9220611788332462,2.5638506952673197,6.485938595607877,0.7035390946502058,0.49326908381831114,ok
26_optdigits,KernelCF_lin_4,3,40.029646979644895,2.4396316464990377,42.4692973587662,0.4138742690058479,0.02269334715989441,ok
18_Ionosphere,HBOS,4,11.833974797278643,0.00035256706178188324,11.834357596933842,0.5886222910216719,0.3981142218131176,ok
36_speech,KernelCF_lin_5,3,11.193920781835914,1.7989393752068281,12.992890875786543,0.4216196895424837,0.014071129830549948,ok
44_Wilt,LODA,5,0.0971177201718092,0.06083352491259575,0.15798038430511951,0.33585041693149803,0.036829516645523516,ok
29_Pima,KernelCF_lin_3,5,5.1425048019737005,1.1832472290843725,6.32578925229609,0.7023868312757202,0.49234705010547786,ok
36_speech,UCF_2,3,0.00025712698698043823,3.691458288580179,3.6917319372296333,0.4880514705882353,0.01666201151500575,ok
18_Ionosphere,ECOD,4,1.7992823664098978,0.003198659047484398,1.8024959601461887,0.718266253869969,0.651466783651858,ok
26_optdigits,KernelCF_lin_5,3,24.858866538852453,2.7130323238670826,27.571923011913896,0.32210526315789473,0.019680964747442888,ok
44_Wilt,IForest,5,1.9693286996334791,0.07185477949678898,2.0411970876157284,0.45269558783072295,0.04460478570722248,ok
34_smtp,UCF_2,1,0.0002658087760210037,330.9160002321005,330.916280252859,0.8792019996729507,0.41843839669450694,ok
29_Pima,KernelCF_lin_4,5,7.353579247370362,1.0374573860317469,8.391056165099144,0.708559670781893,0.4940754714960152,ok
36_speech,UCF_3,3,0.00024303048849105835,2.569416543468833,2.5696753934025764,0.5123570261437909,0.018404984667629073,ok
18_Ionosphere,OCSVM,4,0.005428597331047058,0.0011593326926231384,0.006605856120586395,0.8746130030959752,0.8672716777505985,ok
23_mammography,KernelCF_lin_4,4,49.2604881580919,6.0653039664030075,55.325822073966265,0.8614821248327503,0.08653583658158646,ok
26_optdigits,UCF_2,3,0.00027922727167606354,4.190236845985055,4.1905338652431965,0.7415350877192982,0.07036041305781858,ok
44_Wilt,PCA,5,0.22955326363444328,0.0004839058965444565,0.23005352169275284,0.4510923700112889,0.04509014760573325,ok
36_speech,UCF_4,3,0.0002668779343366623,2.667990017682314,2.6682763565331697,0.47084354575163395,0.016606959548230243,ok
18_Ionosphere,LODA,4,0.013595020398497581,0.0015048831701278687,0.015129216015338898,0.8134674922600619,0.7939014826897763,ok
29_Pima,KernelCF_lin_5,5,6.152231061831117,0.7784567698836327,6.930721610784531,0.7176954732510288,0.5067345431455429,ok
26_optdigits,UCF_3,3,0.00034368783235549927,3.3270695209503174,3.3274379074573517,0.5725730994152047,0.06704139195800395,ok
36_speech,UCF_5,3,0.0003145206719636917,4.62223264016211,4.622570818290114,0.5310968137254901,0.021406443015360297,ok
18_Ionosphere,IForest,4,0.3561518248170614,0.009213229641318321,0.3653851356357336,0.8757739938080495,0.8303526039334119,ok
44_Wilt,DyCF_2,5,3.210390504449606,2.8935616854578257,6.103972906246781,0.7139347139347139,0.08798240205262807,ok
41_Waveform,DyCF_5,3,,,,,,ram_kill
15_Hepatitis,DyCG,3,,,,,,ram_kill
23_mammography,KernelCF_lin_5,4,54.12416306696832,3.2638652976602316,57.38805833272636,0.8347456632473416,0.0706952026708754,ok
29_Pima,UCF_2,5,0.0005061589181423187,3.502692122012377,3.503209972754121,0.768477366255144,0.5997898875714193,ok
26_optdigits,UCF_4,3,0.0003039799630641937,4.557066848501563,4.557383390143514,0.5255409356725146,0.05828190871653965,ok
36_speech,UCF_6,3,0.00040685757994651794,3.2359523121267557,3.2363737486302853,0.4905024509803922,0.020741633844884477,ok
18_Ionosphere,PCA,4,0.0030229203402996063,0.00031612813472747803,0.0033492688089609146,0.803405572755418,0.7601321795057527,ok
44_Wilt,DyCF_3,5,4.455474866554141,3.7699812036007643,8.225480608642101,0.6923719085881249,0.08368880440170014,ok
15_Hepatitis,KernelCF_rbf,3,1.6230702605098486,0.5899289380759001,2.2130173053592443,0.725,0.29642857142857143,ok
29_Pima,UCF_3,5,0.0002704877406358719,3.7263652198016644,3.726656775921583,0.7726748971193416,0.6055350499352138,ok
23_mammography,UCF_2,4,0.00027174875140190125,5.649768248200417,5.650053106248379,0.7863117454206865,0.059374884796091626,ok
21_Lymphography,DyCG,2,,,,,,error
26_optdigits,UCF_5,3,0.0002937689423561096,4.173909645527601,4.174215793609619,0.5342982456140352,0.05777476940824204,ok
36_speech,UCF_7,3,0.00022810883820056915,6.672357594594359,6.672598177567124,0.5566789215686274,0.018549972233807485,ok
15_Hepatitis,KernelCF_lin_2,3,0.9248011521995068,0.581324927508831,1.506142571568489,0.7875,0.35158730158730156,ok
44_Wilt,DyCF_4,5,4.966360665857792,4.263733072206378,9.230112355202436,0.6834071698936564,0.08007757587719004,ok
29_Pima,UCF_4,5,0.0004483293741941452,2.712774571031332,2.7132419180125,0.771358024691358,0.6031914155724585,ok
18_Ionosphere,DyCF_2,4,17.663895938545465,7.873611921444535,25.537522884085774,0.3792569659442725,0.5209262107435579,ok
23_mammography,UCF_3,4,0.00024502910673618317,5.196718655526638,5.196977017447352,0.8307003747955838,0.11535805815863089,ok
36_speech,UCF_8,3,0.0002516079694032669,3.2232524883002043,3.223520325496793,0.4199346405228758,0.01792631570107568,ok
26_optdigits,UCF_6,3,0.00023553892970085144,6.1309509966522455,6.13120130635798,0.5069298245614035,0.056437681218213735,ok
21_Lymphography,KernelCF_rbf,2,1.0375622529536486,0.8874028027057648,1.924985220655799,1.0,1.0,ok
15_Hepatitis,KernelCF_lin_3,3,0.8709640819579363,0.8707279767841101,1.7417080476880074,0.7625,0.35,ok
44_Wilt,DyCF_5,5,6.203877190127969,3.1910388357937336,9.394932406023145,0.6669196398926128,0.07550596664779566,ok
29_Pima,UCF_5,5,0.00023222900927066803,1.775672286748886,1.7759185526520014,0.7720987654320988,0.6046128077246335,ok
26_optdigits,UCF_7,3,0.00021748989820480347,4.975160527974367,4.97539172694087,0.4432309941520468,0.03129237404105091,ok
36_speech,UCG,3,0.00026467815041542053,6.993286520242691,6.993594249710441,0.47048611111111116,0.015408335851950387,ok
23_mammography,UCF_4,4,0.0002237670123577118,5.083643451333046,5.083879502490163,0.8190105083605236,0.111985331786818,ok
15_Hepatitis,KernelCF_lin_4,3,0.5750956479460001,0.516246547922492,1.091372188180685,0.7250000000000001,0.3144230769230769,ok
21_Lymphography,KernelCF_lin_2,2,0.9950753971934319,0.9763337001204491,1.9714250676333904,1.0,1.0,ok
29_Pima,UCF_6,5,0.00020102784037590027,3.4988495856523514,3.4990653470158577,0.7561316872427982,0.5744459616863761,ok
44_Wilt,DyCG,5,6.426064306870103,6.6741464622318745,13.100242132321,0.44827488070731314,0.04795781755233669,ok
15_Hepatitis,KernelCF_lin_5,3,0.26672831922769547,0.31062656082212925,0.577370997518301,0.7,0.3041666666666667,ok
26_optdigits,UCF_8,3,0.0002307593822479248,3.9704092387109995,3.970652714371681,0.4651461988304093,0.055619382612138335,ok
23_mammography,UCF_5,4,0.00025268644094467163,5.926013356074691,5.92627758346498,0.8015696032174519,0.10676246783038598,ok
36_speech,KNN,4,7.360830428078771,3.383539343252778,10.744398064911366,0.4834558823529412,0.018767806319440736,ok
21_Lymphography,KernelCF_lin_3,2,0.6959304548799992,0.5734583530575037,1.269404549151659,0.9767441860465117,0.75,ok
29_Pima,UCF_7,5,0.0002288874238729477,2.9758905954658985,2.9761320129036903,0.7395884773662551,0.5684630224016769,ok
18_Ionosphere,DyCF_3,4,67.79011389426887,9.41032805852592,77.20045618340373,0.42260061919504643,0.54373428227526,ok
26_optdigits,UCG,3,0.0002198982983827591,4.4300299398601055,4.430279118940234,0.6203216374269005,0.060087930353615496,ok
15_Hepatitis,UCF_2,3,0.0001893807202577591,1.7467015981674194,1.746902635321021,0.7875,0.35625,ok
34_smtp,UCF_3,1,0.00023145787417888641,291.6262389551848,291.6264868285507,0.8644925674149866,0.43185428521868635,ok
44_Wilt,KernelCF_rbf,5,20.236687945201993,1.4816717617213726,21.718380849808455,0.3619667403451187,0.03994819501654508,ok
23_mammography,UCF_6,4,0.00021209567785263062,6.14196140691638,6.142186036333442,0.8064521177124168,0.12984170796030858,ok
21_Lymphography,KernelCF_lin_4,2,0.8892353754490614,0.9153518583625555,1.8046028446406126,0.9651162790697674,0.7,ok
29_Pima,UCF_8,5,0.00019510090351104736,2.3914544489234686,2.391661398112774,0.7100411522633745,0.5571948487546673,ok
36_speech,CBLOF,4,13.536018025130033,0.08296816796064377,13.619004914537072,0.4703329248366013,0.018105821016330508,ok
23_mammography,UCF_7,4,0.00031622685492038727,5.41507220454514,5.415404951199889,0.7870276910557655,0.11772181974758364,ok
21_Lymphography,KernelCF_lin_5,2,1.0277187321335077,0.9846374858170748,2.0123774986714125,0.9651162790697674,0.7,ok
15_Hepatitis,UCF_3,3,0.00022688694298267365,1.7600109595805407,1.760249625891447,0.75,0.3410714285714286,ok
26_optdigits,KNN,4,6.586674980819225,2.9279672130942345,9.514670541509986,0.35985380116959065,0.021850748826895826,ok
12_fault,DyCF_4,3,,,,,,error
44_Wilt,KernelCF_lin_2,5,12.19442637450993,0.776624072343111,12.971083126962185,0.28816180167531524,0.03466508051916781,ok
29_Pima,UCG,5,0.00020750798285007477,4.067663038149476,4.067896768450737,0.6702880658436214,0.5315705455336519,ok
21_Lymphography,UCF_2,2,0.0002383887767791748,0.5451340358704329,0.5453858748078346,1.0,1.0,ok
15_Hepatitis,UCF_4,3,0.00027871690690517426,0.6315190438181162,0.631812509149313,0.75,0.3410714285714286,ok
36_speech,GMM,4,18.692374352365732,0.20512711256742477,18.89752741716802,0.5062806372549018,0.022271179059367537,ok
23_mammography,UCF_8,4,0.0002041589468717575,7.395988838747144,7.396204307675362,0.8120779637410702,0.11653265507171459,ok
22_magic.gamma,KNN,1,1.5580078102648258,3.2038934379816055,4.7619303818792105,0.8133945460914553,0.7416788522964952,ok
18_Ionosphere,DyCF_4,4,,,,,,ram_kill
12_fault,DyCF_5,3,,,,,,ram_kill
44_Wilt,KernelCF_lin_3,5,13.387477731332183,1.126089695841074,14.513589806854725,0.2983313253583524,0.035019577258172,ok
26_optdigits,CBLOF,4,19.54062913544476,0.14501309767365456,19.685663232579827,0.5820760233918127,0.03246308854220501,ok
15_Hepatitis,UCF_5,3,0.000248197466135025,1.3686461132019758,1.3689072337001562,0.7125,0.3005952380952381,ok
21_Lymphography,UCF_3,2,0.0003227982670068741,1.406740728765726,1.407074986025691,1.0,1.0,ok
23_mammography,UCG,4,0.00021960772573947906,7.924362266436219,7.924608815461397,0.2632058715366619,0.021465174578263045,ok
18_Ionosphere,DyCF_5,4,,,,,,error
26_optdigits,GMM,4,10.894463948905468,0.08043544180691242,10.974920142441988,0.50546783625731,0.027611970917792425,ok
22_magic.gamma,CBLOF,1,19.564332319423556,0.15337111800909042,19.717724116519094,0.7263633424052167,0.66640233807331,ok
12_fault,DyCG,3,,,,,,ram_kill
36_speech,KDE,4,27.741668470203876,3.1641682628542185,30.90586667135358,0.541156045751634,0.035559073676139086,ok
41_Waveform,DyCG,3,,,,,,ram_kill
44_Wilt,KernelCF_lin_4,5,13.794129619374871,0.8403226360678673,14.634473135694861,0.30263819453008645,0.035184829459859894,ok
23_mammography,KNN,5,0.1239120401442051,0.04952072724699974,0.17345316521823406,0.841936417767971,0.15243683942529457,ok
15_Hepatitis,UCF_6,3,0.00030195899307727814,0.8494936842471361,0.8498071432113647,0.7125,0.3005952380952381,ok
21_Lymphography,UCF_4,2,0.00025007501244544983,0.6334779858589172,0.6337384656071663,1.0,1.0,ok
18_Ionosphere,DyCG,4,,,,,,error
22_magic.gamma,GMM,1,1.3105103708803654,0.02772044762969017,1.3382429964840412,0.7362392552073509,0.6619014539764737,ok
26_optdigits,KDE,4,2.6157982535660267,1.6497062370181084,4.265537057071924,0.2934795321637427,0.019307780257161768,ok
21_Lymphography,UCF_5,2,0.0002480987459421158,1.0370123125612736,1.0372719801962376,1.0,1.0,ok
15_Hepatitis,UCF_7,3,0.00020315684378147125,1.104052659124136,1.104266257956624,0.7625000000000001,0.37900641025641024,ok
12_fault,KernelCF_rbf,3,12.638453217223287,1.6588352154940367,14.297306209802628,0.5446324159975052,0.43627587796045336,ok
36_speech,HBOS,4,16.304106786847115,0.013446912169456482,16.31759092397988,0.47303921568627455,0.018446813161663245,ok
41_Waveform,KernelCF_rbf,3,14.279328517615795,1.551729891449213,15.831076588481665,0.7018943170488534,0.05773840215652971,ok
23_mammography,CBLOF,5,14.382478268817067,0.14358704909682274,14.526080679148436,0.8171756531536818,0.12397159714119435,ok
18_Ionosphere,KernelCF_rbf,4,3.6991901360452175,0.8294560480862856,4.5286596436053514,0.863390092879257,0.8130654403619662,ok
44_Wilt,KernelCF_lin_5,5,12.921230182051659,1.2610028609633446,14.182250410318375,0.30464933167635866,0.035266529006994576,ok
15_Hepatitis,UCF_8,3,0.0002123769372701645,1.0993802081793547,1.0996083673089743,0.7,0.3011904761904762,ok
21_Lymphography,UCF_6,2,0.00019859708845615387,0.610159482806921,0.6103671062737703,1.0,1.0,ok
26_optdigits,HBOS,4,2.5798778515309095,0.0029516909271478653,2.582859169691801,0.8497953216374269,0.20966943006905703,ok
12_fault,KernelCF_lin_2,3,5.3726315554231405,1.207935394719243,6.580585557967424,0.5220238559289,0.4032136652861289,ok
23_mammography,GMM,5,1.330582482740283,0.0005510281771421432,1.3311517294496298,0.8692949304789402,0.20141340896128415,ok
36_speech,ECOD,4,2.086980428546667,0.2812063489109278,2.368197478353977,0.47227328431372556,0.018922186284422327,ok
18_Ionosphere,KernelCF_lin_2,4,4.885407945141196,0.4998023044317961,5.385227508842945,0.831656346749226,0.7914424318632103,ok
41_Waveform,KernelCF_lin_2,3,13.659584939479828,0.7904813401401043,14.450084755197167,0.5777999335327351,0.0399431383235473,ok
15_Hepatitis,UCG,3,0.00023035705089569092,1.0144803188741207,1.0147377252578735,0.65,0.2701923076923077,ok
21_Lymphography,UCF_7,2,0.00018843822181224823,0.6508383844047785,0.6510367300361395,1.0,1.0,ok
44_Wilt,UCF_2,5,0.00034589506685733795,0.981193820014596,0.98155746050179,0.3107965810668514,0.035554208842578365,ok
26_optdigits,ECOD,4,0.6514658592641354,0.1309682335704565,0.7824425604194403,0.5971345029239766,0.033380040713862025,ok
12_fault,KernelCF_lin_3,3,1.9419652316719294,0.6030962634831667,2.5450785122811794,0.5701774901899639,0.4252660654337509,ok
18_Ionosphere,KernelCF_lin_3,4,2.985577827319503,0.36779872328042984,3.353391330689192,0.8080495356037152,0.7670404345852444,ok
36_speech,OCSVM,4,1.2105407305061817,0.27034150436520576,1.4809014853090048,0.463031045751634,0.017983371194108345,ok
15_Hepatitis,KNN,4,0.3436484709382057,0.3701426088809967,0.7138087507337332,0.7375,0.425595238095238,ok
22_magic.gamma,KDE,1,40.841857155784965,6.5058530401438475,47.34772637672722,0.721891083506238,0.6590807322320147,ok
26_optdigits,OCSVM,4,1.17042457126081,0.1854159329086542,1.3558542095124722,0.4902777777777778,0.026026428884671694,ok
21_Lymphography,UCF_8,2,0.0002164877951145172,1.1437077950686216,1.143936512991786,1.0,1.0,ok
44_Wilt,UCF_3,5,0.0002172812819480896,2.8625394720584154,2.862766418606043,0.30888979537628186,0.035485253276576166,ok
18_Ionosphere,KernelCF_lin_4,4,3.31959930062294,0.39291685819625854,3.712528061121702,0.7647058823529411,0.7314430748441242,ok
23_mammography,KDE,5,6.887420352548361,7.753186579793692,14.640626644715667,0.8741500590752956,0.19858119627224982,ok
41_Waveform,KernelCF_lin_3,3,11.059057388454676,0.6749583631753922,11.73402876406908,0.5140245928880026,0.03441101804400633,ok
12_fault,KernelCF_lin_4,3,4.116011906415224,0.5334178693592548,4.649448396638036,0.5936955900314441,0.4415751299417159,ok
15_Hepatitis,CBLOF,4,3.5749548114836216,0.0007164347916841507,3.5756819173693657,0.6625,0.3214285714285714,ok
26_optdigits,LODA,4,0.040527187287807465,0.00780930370092392,0.04836319200694561,0.42957602339181283,0.024104711918398344,ok
44_Wilt,UCF_4,5,0.00017298944294452667,3.4402575325220823,3.440439883619547,0.30325481676833027,0.03520600106459382,ok
36_speech,LODA,4,13.30493438988924,0.08383568003773689,13.38880549930036,0.47661356209150324,0.016857225504004408,ok
22_magic.gamma,HBOS,1,12.14313342794776,0.0017316155135631561,12.144893404096365,0.7122572148419606,0.6170655708132278,ok
21_Lymphography,UCG,2,0.00016510114073753357,1.7856920845806599,1.7858817838132381,0.9883720930232558,0.8333333333333333,ok
18_Ionosphere,KernelCF_lin_5,4,4.794189592823386,0.3042375259101391,5.098450519144535,0.621517027863777,0.661452484465131,ok
41_Waveform,KernelCF_lin_4,3,7.850389210507274,0.8969694878906012,8.747371526435018,0.4901296111665005,0.03238643587617662,ok
23_mammography,HBOS,5,6.685662055388093,0.0008283033967018127,6.6865157056599855,0.817424082376783,0.08804535974181579,ok
15_Hepatitis,GMM,4,0.9231975115835667,0.00029123760759830475,0.9234998170286417,0.6625,0.4625,ok
26_optdigits,IForest,4,0.8387073706835508,0.09080972149968147,0.9295265413820744,0.7606432748538011,0.06288230921227857,ok
12_fault,KernelCF_lin_5,3,8.63244511000812,0.7890583463013172,9.421520119532943,0.6031288168186897,0.44867110892396156,ok
22_magic.gamma,ECOD,1,0.36848582327365875,0.04043826647102833,0.4089371431618929,0.6369729999191613,0.5307905050858565,ok
34_smtp,UCF_4,1,0.0002120882272720337,237.94635372422636,237.94658031314611,0.856666744535551,0.3301338373729612,ok
36_speech,IForest,4,0.42026241309940815,0.12603674456477165,0.5463147386908531,0.4983149509803922,0.02252853102185703,ok
21_Lymphography,KNN,3,0.6377231553196907,0.5289830397814512,1.1667536720633507,1.0,1.0,ok
44_Wilt,UCF_5,5,0.00021381862461566925,1.8136598411947489,1.813884649425745,0.3125041503419882,0.03566735496041258,ok
23_mammography,ECOD,5,0.2713478896766901,0.013464901596307755,0.28482350893318653,0.9024514291526803,0.46203205324717944,ok
18_Ionosphere,UCF_2,4,0.00018094852566719055,0.8217576555907726,0.8219479843974113,0.9547213622291022,0.9394889306618965,ok
15_Hepatitis,KDE,4,0.0011852644383907318,0.00034334883093833923,0.0015469584614038467,0.48750000000000004,0.1892361111111111,ok
35_SpamBase,DyCF_3,3,1229.7912641670555,53.31637023575604,1283.1076622530818,0.49245822615387835,0.40216787284288386,ok
12_fault,UCF_2,3,0.0002158675342798233,2.1443938072770834,2.144621055573225,0.6824406850133833,0.5146917752719152,ok
26_optdigits,PCA,4,,,,,,error
41_Waveform,KernelCF_lin_5,3,5.823030237108469,0.5666573382914066,6.389699263498187,0.4821867730142905,0.03216428885772585,ok
44_Wilt,UCF_6,5,0.00019796006381511688,2.6376911122351885,2.6378985829651356,0.35424473262311096,0.03796294158433232,ok
23_mammography,OCSVM,5,4.323134759441018,1.456493254750967,5.7796419356018305,0.8840168071172039,0.2094619551434333,ok
21_Lymphography,CBLOF,3,7.812686460092664,0.0006536971777677536,7.813348904252052,1.0,1.0,ok
35_SpamBase,DyCF_4,3,,,,,,error
18_Ionosphere,UCF_3,4,0.00017661042511463165,0.9001729041337967,0.900358896702528,0.9709752321981424,0.9656528360282409,ok
41_Waveform,UCF_2,3,0.00022174790501594543,1.4081920720636845,1.4084253814071417,0.7605516782984381,0.46811274902043243,ok
12_fault,UCF_3,3,0.00023483671247959137,2.313498839735985,2.3137450888752937,0.710025726982147,0.5235286046333076,ok
15_Hepatitis,HBOS,4,11.543771877884865,0.00017253868281841278,11.543968264013529,0.75,0.36666666666666664,ok
21_Lymphography,GMM,3,1.054418534040451,0.0002603679895401001,1.054703053086996,0.9767441860465116,0.5833333333333333,ok
22_magic.gamma,OCSVM,1,16.47053238376975,5.300374316051602,21.770923422649503,0.6743934412977284,0.6255884216000971,ok
44_Wilt,UCF_7,5,0.0002132561057806015,3.346289871260524,3.346514120697975,0.31761737167142573,0.03592591877767508,ok
18_Ionosphere,UCF_4,4,0.0001980084925889969,1.1204689107835293,1.1206759475171566,0.9744582043343653,0.9724255279849386,ok
23_mammography,LODA,5,0.04349888302385807,0.024054698646068573,0.06759000942111015,0.8927489965024296,0.2874764582784536,ok
35_SpamBase,DyCF_5,3,,,,,,error
21_Lymphography,KDE,3,0.0016643591225147247,0.0005730148404836655,0.0022493917495012283,0.9651162790697674,0.7,ok
15_Hepatitis,ECOD,4,0.6085638292133808,0.0011452604085206985,0.6097187995910645,0.7,0.2922619047619048,ok
41_Waveform,UCF_3,3,0.00020641833543777466,2.7561571784317493,2.7563740853220224,0.7760385510136257,0.46290256695442733,ok
12_fault,UCF_4,3,0.00019715726375579834,2.2326599899679422,2.232866110280156,0.7341805046646397,0.5321035869390481,ok
22_magic.gamma,LODA,1,0.1002485528588295,0.0211150124669075,0.12139793112874031,0.6448680984074803,0.5694323708024143,ok
35_SpamBase,DyCG,3,,,,,,error
18_Ionosphere,UCF_5,4,0.00019308924674987793,0.9992486033588648,0.9994525834918022,0.9763931888544892,0.9756981717508033,ok
44_Wilt,UCF_8,5,0.000215139240026474,5.03605080395937,5.036278240382671,0.37503913179588855,0.039306678698988906,ok
15_Hepatitis,OCSVM,4,0.001247679814696312,0.00024747662246227264,0.0015025679022073746,0.7,0.37435897435897436,ok
23_mammography,IForest,5,0.7053042463958263,0.10833313874900341,0.8136502243578434,0.8849674890260792,0.30440663218186265,ok
21_Lymphography,HBOS,3,5.012108761817217,0.00017822906374931335,5.012311732396483,1.0,1.0,ok
41_Waveform,UCF_4,3,0.00020443834364414215,3.758909033611417,3.759123522788286,0.7687603855101361,0.43507370912745597,ok
26_optdigits,DyCF_2,4,,,,,,error
15_Hepatitis,LODA,4,0.010777492076158524,0.00098421610891819,0.011791188269853592,0.825,0.54375,ok
12_fault,UCF_5,3,0.00019328854978084564,2.1811442021280527,2.1813480108976364,0.7353369195187235,0.5239354645954284,ok
23_mammography,PCA,5,0.004482630640268326,0.0005640555173158646,0.005063600838184357,0.8969233899047754,0.23080751858395387,ok
22_magic.gamma,IForest,1,0.31805109791457653,0.03089950792491436,0.3489668257534504,0.7276568941823178,0.6243723536962036,ok
18_Ionosphere,UCF_6,4,0.0002081412822008133,0.6880382560193539,0.6882569268345833,0.9775541795665634,0.9773091135516184,ok
44_Wilt,UCG,5,0.00024652667343616486,4.800786528736353,4.801061455160379,0.3963742612391261,0.040539089631593576,ok
21_Lymphography,ECOD,3,0.5030319336801767,0.0012305527925491333,0.5042672529816628,1.0,1.0,ok
12_fault,UCF_6,3,0.00018460862338542938,2.746348910033703,2.7465436682105064,0.7293989241443829,0.513784656111823,ok
35_SpamBase,KernelCF_rbf,3,7.447595244273543,2.77192722260952,10.219557764008641,0.5670002300437083,0.4267230804627211,ok
41_Waveform,UCF_5,3,0.00021819956600666046,2.9499345384538174,2.9501635152846575,0.709238949817215,0.13879353826652038,ok
15_Hepatitis,IForest,4,0.31864779628813267,0.0070111677050590515,0.32567112147808075,0.7625,0.3742424242424242,ok
22_magic.gamma,PCA,1,0.02927594818174839,0.0012706033885478973,0.030560551211237907,0.6658360054970225,0.5897509568210368,ok
18_Ionosphere,UCF_7,4,0.00023005902767181396,1.074024362489581,1.0742648523300886,0.9787151702786379,0.977630922879185,ok
23_mammography,DyCF_2,5,3.5271501634269953,3.2793192453682423,6.806486016139388,0.8575815904165004,0.16163508015861264,ok
21_Lymphography,OCSVM,3,0.001721097156405449,0.00035162828862667084,0.002080334350466728,0.9883720930232558,0.8333333333333333,ok
12_fault,UCF_7,3,0.00017055682837963104,2.433886006474495,2.4340657014399767,0.7208362568540319,0.5155150662346886,ok
6_cardio,KNN,1,2.238700022920966,2.6230668798089027,4.861786901950836,0.7346721840476823,0.3732454051537387,ok
36_speech,PCA,4,97.97645612247288,0.30514345318078995,98.28161756321788,0.46798406862745096,0.018040924356024605,ok
18_Ionosphere,UCF_8,4,0.00020708702504634857,1.1320236418396235,1.1322416793555021,0.9222136222910217,0.9394901494120562,ok
15_Hepatitis,PCA,4,0.0020243357867002487,0.00021242909133434296,0.0022470038384199142,0.7375,0.4265151515151515,ok
21_Lymphography,LODA,3,0.2238866165280342,0.0010111518204212189,0.22491927817463875,0.8604651162790697,0.2,ok
41_Waveform,UCF_6,3,0.00019700080156326294,3.3060480393469334,3.306254766881466,0.735559986706547,0.310877720162305,ok
35_SpamBase,KernelCF_lin_2,3,8.275924330577254,0.637135611847043,8.913074811920524,0.6618488194575152,0.49539495211991225,ok
22_magic.gamma,DyCF_2,1,10.54905791208148,4.807542163878679,15.35661849193275,0.7582897254183396,0.679927197107365,ok
12_fault,UCF_8,3,0.00019047781825065613,2.4438345599919558,2.4440340008586645,0.7011642109092797,0.5024111089799794,ok
18_Ionosphere,UCG,4,0.00021760910749435425,1.2769822850823402,1.2772229295223951,0.96671826625387,0.970715931242247,ok
6_cardio,CBLOF,1,6.917864026501775,0.033841852098703384,6.951714100316167,0.6732470293458865,0.26896588542256067,ok
23_mammography,DyCF_3,5,4.997178040444851,5.325450204312801,10.322645334526896,0.8520848493384349,0.15059635268002652,ok
41_Waveform,UCF_7,3,0.00030485913157463074,2.2842480801045895,2.284566380083561,0.7146560319042872,0.11834793013104872,ok
15_Hepatitis,DyCF_2,4,,,,,,error
21_Lymphography,IForest,3,0.6268076524138451,0.006673585623502731,0.6334897074848413,1.0,1.0,ok
35_SpamBase,KernelCF_lin_3,3,10.16826800070703,0.8514444474130869,11.01972977630794,0.6746345441997617,0.5105367687084201,ok
6_cardio,GMM,1,0.9976223427802324,0.00035806745290756226,0.9979903995990753,0.9176189210736114,0.5090544976176814,ok
12_fault,UCG,3,0.00018351711332798004,4.985712269321084,4.98591866903007,0.6538161690184766,0.4586470455246809,ok
41_Waveform,UCF_8,3,0.00021645799279212952,2.449262145906687,2.4494902957230806,0.5826188102359589,0.10051068856698944,ok
18_Ionosphere,KNN,5,1.3504070322960615,0.8025930356234312,2.1530257407575846,0.9295665634674922,0.9296852176655623,ok
6_cardio,KDE,1,0.16732849180698395,0.07949868030846119,0.24684263207018375,0.7419612011692798,0.2604966901506838,ok
22_magic.gamma,DyCF_3,1,10.08514234982431,6.741263933479786,16.826418597251177,0.7682626444989357,0.6911972707747998,ok
21_Lymphography,PCA,3,0.002096695825457573,0.00023408979177474976,0.0023429058492183685,1.0,1.0,ok
23_mammography,DyCF_4,5,8.548255402594805,4.065673662349582,12.613944252952933,0.8614625634766009,0.17008421256472472,ok
15_Hepatitis,DyCF_3,4,,,,,,error
12_fault,KNN,4,3.2685976792126894,2.665267948061228,5.933892756700516,0.7436137314518854,0.569420725548878,ok
41_Waveform,UCG,3,0.00016815774142742157,3.1751009337604046,3.1752914916723967,0.40558325024925224,0.026110951747470017,ok
35_SpamBase,KernelCF_lin_4,3,8.821115970611572,1.322963995859027,10.144094774499536,0.6804771315640881,0.5177897194958172,ok
18_Ionosphere,CBLOF,5,7.522696953266859,0.0007915552705526352,7.523501828312874,0.8951238390092879,0.8821770038598067,ok
6_cardio,HBOS,1,3.292308522388339,0.0005501881241798401,3.292890587821603,0.8650392923579211,0.47624291180304246,ok
21_Lymphography,DyCF_2,3,,,,,,error
18_Ionosphere,GMM,5,0.6845463588833809,0.00028398819267749786,0.6848395392298698,0.9593653250773994,0.9551723278889312,ok
12_fault,CBLOF,4,10.173797309398651,0.019723640754818916,10.19353450089693,0.6686156804656844,0.49347790816419895,ok
23_mammography,DyCF_5,5,9.455410599708557,5.027167059481144,14.482591891661286,0.862550174878524,0.17288433031622175,ok
41_Waveform,KNN,4,5.193210907280445,4.649680200964212,9.842918971553445,0.8399800598205384,0.1739228501776921,ok
22_magic.gamma,DyCF_4,1,21.304760206490755,8.094810141250491,29.399586150422692,0.7781249494758966,0.7049479554263611,ok
6_cardio,ECOD,1,0.8224965278059244,0.00650755874812603,0.8290131222456694,0.9428267719524696,0.5928251245390739,ok
21_Lymphography,DyCF_3,3,,,,,,error
35_SpamBase,KernelCF_lin_5,3,13.798579415306449,1.4948694743216038,15.29346626251936,0.6840245101114667,0.5224274169470194,ok
41_Waveform,CBLOF,4,9.980810275301337,0.03721885569393635,10.018054151907563,0.8385177799933533,0.27610382977516834,ok
18_Ionosphere,KDE,5,0.010831620544195175,0.00402713380753994,0.014881012961268425,0.9431114551083591,0.9384122102652579,ok
15_Hepatitis,DyCF_4,4,,,,,,error
12_fault,GMM,4,3.816344065591693,0.0004429873079061508,3.8168058563023806,0.6259452716925236,0.4624193887821726,ok
23_mammography,DyCG,5,12.029880421236157,10.665584599599242,22.695497201755643,0.6057095686329742,0.02974685263378842,ok
6_cardio,OCSVM,1,0.1683531142771244,0.02952830120921135,0.1978972014039755,0.9500778254432254,0.5668315228304815,ok
35_SpamBase,UCF_2,3,0.00022636912763118744,4.374236626550555,4.374475046992302,0.5681190789886442,0.4211050317795695,ok
41_Waveform,GMM,4,2.0635373517870903,0.0005498770624399185,2.064098596572876,0.6463609172482553,0.05947726345601177,ok
12_fault,KDE,4,0.8894049730151892,0.22960494831204414,1.1190346479415894,0.7486032067773706,0.603710330545173,ok
34_smtp,UCF_5,1,0.000262528657913208,242.4672739971429,242.46755131334066,0.8554130554971539,0.34291879842691525,ok
22_magic.gamma,DyCF_5,1,37.12947135232389,13.127725454047322,50.25721258856356,0.7891994287408045,0.7223299674081314,ok
18_Ionosphere,HBOS,5,14.745649652555585,0.0003402605652809143,14.746015990152955,0.5228328173374612,0.35473899178995966,ok
6_cardio,LODA,1,0.018376311287283897,0.0033197887241840363,0.021734479814767838,0.8938536881667362,0.4667033427682735,ok
35_SpamBase,UCF_3,3,0.000353299081325531,3.66471622698009,3.665092756971717,0.5755641299119559,0.4252011870209359,ok
21_Lymphography,DyCF_4,3,,,,,,error
41_Waveform,KDE,4,2.8775074500590563,0.2926484104245901,3.1701753474771976,0.8431372549019608,0.1901116598628657,ok
12_fault,HBOS,4,10.652724158018827,0.0006023868918418884,10.653371952474117,0.566669265351732,0.41020421709830246,ok
6_cardio,IForest,1,0.2639329247176647,0.026423340663313866,0.2903740257024765,0.945522189742227,0.659824946539162,ok
23_mammography,KernelCF_rbf,5,32.09522153995931,3.5795138124376535,35.67475865222514,0.8501795732494541,0.0894181158869404,ok
18_Ionosphere,ECOD,5,2.7827960681170225,0.002537893131375313,2.7853440046310425,0.7430340557275542,0.6912315347167625,ok
35_SpamBase,UCF_4,3,0.0002453569322824478,4.187559813261032,4.187817523255944,0.5939963820398604,0.4377937011635263,ok
12_fault,ECOD,4,0.5783818289637566,0.045474497601389885,0.6238747891038656,0.49630986720719317,0.3375609449560244,ok
6_cardio,PCA,1,0.002730540931224823,0.00041551701724529266,0.0031570103019475937,0.961087278387305,0.6523185048808671,ok
41_Waveform,HBOS,4,13.03167786449194,0.0010920129716396332,13.032793056219816,0.6886008640744433,0.051349745326617076,ok
12_fault,OCSVM,4,0.3179613687098026,0.0661978293210268,0.38417685590684414,0.5455939294716873,0.4043827231666032,ok
18_Ionosphere,OCSVM,5,0.004629548639059067,0.0009876322001218796,0.005627542734146118,0.8912538699690402,0.877076159058157,ok
35_SpamBase,UCF_5,3,0.0002688281238079071,5.183025347068906,5.183310026302934,0.5872649894389025,0.43097782073470414,ok
41_Waveform,ECOD,4,0.2846432514488697,0.012883799150586128,0.2975381091237068,0.5964772349617813,0.0464762105565269,ok
22_magic.gamma,DyCG,1,35.920185301452875,18.53397992439568,54.45419383980334,0.2719218021610843,0.24947426089147148,ok
12_fault,LODA,4,0.0411844328045845,0.036447763442993164,0.07765939831733704,0.5627452509030431,0.40937593929392346,ok
6_cardio,DyCF_2,1,19.4622951913625,5.861314481124282,25.323627362027764,0.7276489123419764,0.33292989388430017,ok
18_Ionosphere,LODA,5,0.02466610260307789,0.001522701233625412,0.02621913142502308,0.8773219814241486,0.8318705989878192,ok
35_SpamBase,UCF_6,3,0.0002475883811712265,2.59038595110178,2.5906479600816965,0.5842247527030136,0.44191587590497206,ok
23_mammography,KernelCF_lin_2,5,47.12934443168342,2.0840495359152555,49.21341914497316,0.8527577599899847,0.09795895455722804,ok
41_Waveform,OCSVM,4,4.320819314569235,1.090746495872736,5.411578735336661,0.7216018610834164,0.07847323732610856,ok
12_fault,IForest,4,1.3041314259171486,0.055888887494802475,1.3600338771939278,0.5620695927860502,0.415959094509415,ok
18_Ionosphere,IForest,5,0.1592177338898182,0.007959429174661636,0.16718944907188416,0.8513931888544891,0.8121610640124154,ok
35_SpamBase,UCF_7,3,0.00021868012845516205,3.662681484594941,3.662911841645837,0.5869643641382772,0.4326074146229799,ok
41_Waveform,LODA,4,0.03964629955589771,0.005999809131026268,0.04568133130669594,0.6025257560651379,0.04486171556059614,ok
6_cardio,DyCF_3,1,33.82231359370053,9.258981611579657,43.08131219819188,0.5701757716107968,0.31537816283411646,ok
12_fault,PCA,4,,,,,,error
18_Ionosphere,PCA,5,0.0025893747806549072,0.0003002583980560303,0.00290055014193058,0.8181114551083591,0.7729328772166374,ok
41_Waveform,IForest,4,0.5823298804461956,0.09532628208398819,0.6776724215596914,0.7546360917248256,0.07002708156124111,ok
35_SpamBase,UCF_8,3,0.00024895742535591125,4.328078096732497,4.328340716660023,0.5702365267582659,0.43075265057194106,ok
23_mammography,KernelCF_lin_3,5,73.1151510104537,3.6932633593678474,76.8084354698658,0.8457430576747025,0.0910952350829181,ok
41_Waveform,PCA,4,0.0037210341542959213,0.0006208643317222595,0.004357444122433662,0.6334662678630775,0.05141599388309795,ok
12_fault,DyCF_2,4,,,,,,error
35_SpamBase,UCG,3,0.0002413485199213028,3.9989368692040443,3.999211236834526,0.5777077190120669,0.44458370390590085,ok
18_Ionosphere,DyCF_2,5,19.371970871463418,16.12425142340362,35.49623606540263,0.5785603715170279,0.6749979641398598,ok
22_magic.gamma,KernelCF_rbf,1,181.7035573106259,18.454006023705006,200.1575853638351,0.708891837999515,0.6116095953034717,ok
41_Waveform,DyCF_2,4,17.068996720016003,9.21937726251781,26.288392271846533,0.6629444998338319,0.05748129972070398,ok
35_SpamBase,KNN,4,11.36683172173798,5.979004660621285,17.345855550840497,0.5154338415207981,0.40059008978984895,ok
12_fault,DyCF_3,4,,,,,,error
23_mammography,KernelCF_lin_4,5,71.70939227566123,4.757280983030796,76.46670166030526,0.8249023888328132,0.07503248247533528,ok
34_smtp,UCF_6,1,0.00019774027168750763,392.9834464080632,392.98365605808794,0.8553585472780931,0.39626809695634657,ok
6_cardio,DyCF_4,1,,,,,,error
35_SpamBase,CBLOF,4,6.109502740204334,0.038418566808104515,6.147935856133699,0.5291188280318715,0.39709659474224124,ok
18_Ionosphere,DyCF_3,5,75.80903604440391,16.39572010561824,92.20476847141981,0.44040247678018574,0.5434708214195928,ok
41_Waveform,DyCF_3,4,42.44227986037731,10.384273311123252,52.8265717048198,0.6655699567962778,0.05381348592858706,ok
26_optdigits,DyCF_3,4,,,,,,ram_kill
35_SpamBase,GMM,4,8.9508349429816,0.5146192274987698,9.465484278276563,0.5065850011502185,0.38590213073125523,ok
36_speech,DyCF_2,4,,,,,,ram_kill
23_mammography,KernelCF_lin_5,5,69.95270964689553,2.7576010655611753,72.71034146100283,0.7875988826553366,0.05791919506284576,ok
36_speech,DyCF_3,4,,,,,,error
26_optdigits,DyCF_4,4,,,,,,error
35_SpamBase,KDE,4,4.362398557364941,1.6144591178745031,5.976882545277476,0.4894519731476253,0.38107586754350675,ok
23_mammography,UCF_2,5,0.00023414753377437592,5.166134303435683,5.16638227365911,0.7728633130677683,0.05132114742984435,ok
22_magic.gamma,KernelCF_lin_2,1,175.8326050117612,7.053101442754269,182.88573565147817,0.744261270243324,0.5912347273871786,ok
6_cardio,DyCF_5,1,,,,,,ram_kill
15_Hepatitis,DyCF_5,4,,,,,,ram_kill
36_speech,DyCF_4,4,,,,,,error
26_optdigits,DyCF_5,4,,,,,,error
23_mammography,UCF_3,5,0.00020597875118255615,8.088862854987383,8.089081045240164,0.8147422204486593,0.1303268166054806,ok
36_speech,DyCF_5,4,,,,,,error
35_SpamBase,HBOS,4,34.06032006442547,0.16540905088186264,34.22575791552663,0.6183548737896564,0.4675012438204199,ok
26_optdigits,DyCG,4,,,,,,error
36_speech,DyCG,4,,,,,,error
35_SpamBase,ECOD,4,2.3508944250643253,0.26412907987833023,2.6150426156818867,0.639816906121254,0.5084544754354339,ok
23_mammography,UCF_4,5,0.0002328883856534958,8.751538967713714,8.751785868778825,0.8058711454347707,0.1311965090756553,ok
18_Ionosphere,DyCF_4,5,,,,,,ram_kill
41_Waveform,DyCF_4,4,180.29981834068894,19.428649304434657,199.72850150056183,0.5232967763376537,0.036117934442366176,ok
18_Ionosphere,DyCF_5,5,,,,,,error
23_mammography,UCF_5,5,0.00021886825561523438,9.239458410069346,9.239688958972692,0.7923522921997137,0.1282348205217914,ok
35_SpamBase,OCSVM,4,11.272258687764406,2.621808797121048,13.894082086160779,0.5122001589392894,0.39074771429665367,ok
36_speech,KernelCF_rbf,4,20.013683691620827,6.439724799245596,26.453425500541925,0.4651756535947712,0.017767508913245494,ok
26_optdigits,KernelCF_rbf,4,27.72148071974516,4.746920065954328,32.46841742657125,0.6253070175438596,0.03570718444261066,ok
18_Ionosphere,DyCG,5,,,,,,error
35_SpamBase,LODA,4,0.039864206686615944,0.017885643988847733,0.05777700990438461,0.3771684233640755,0.33002059987623483,ok
22_magic.gamma,KernelCF_lin_3,1,172.26112107932568,9.49906330741942,181.76020870544016,0.7641819137183046,0.5931312776746863,ok
23_mammography,UCF_6,5,0.00023359805345535278,8.50231227837503,8.502557875588536,0.8080150700687778,0.12691000871330496,ok
36_speech,KernelCF_lin_2,4,7.711367100477219,1.3441659808158875,9.055551821365952,0.4554227941176471,0.01737669032770691,ok
26_optdigits,KernelCF_lin_2,4,21.428754767403007,1.316347612068057,22.745122622698545,0.5734649122807017,0.030931691689989466,ok
35_SpamBase,IForest,4,0.21292232908308506,0.02448180690407753,0.23741910979151726,0.5362135851266285,0.40484954271436546,ok
41_Waveform,DyCF_5,4,,,,,,ram_kill
18_Ionosphere,KernelCF_rbf,5,5.307410659268498,1.1442220080643892,6.451651018112898,0.8564241486068112,0.8031208127034777,ok
23_mammography,UCF_7,5,0.00027430057525634766,8.250639302656054,8.250929940491915,0.7916324342934047,0.1350862055119387,ok
3_backdoor,KDE,1,,,,,,timeout
36_speech,KernelCF_lin_3,4,15.668373167514801,1.853172829374671,17.52156687900424,0.45358455882352944,0.017313888779112746,ok
35_SpamBase,PCA,4,1.2746806032955647,0.002622503787279129,1.2773199081420898,0.528480979567936,0.39867685386631213,ok
26_optdigits,KernelCF_lin_3,4,9.539558002725244,1.1102746147662401,10.649853266775608,0.5148684210526315,0.027381011148880592,ok
13_fraud,KDE,1,,,,,,timeout
8_celeba,KDE,1,,,,,,timeout
18_Ionosphere,KernelCF_lin_2,5,3.950852559879422,0.323567533865571,4.274436343461275,0.8308823529411764,0.7767668259092145,ok
23_mammography,UCF_8,5,0.0002526473253965378,12.037162957713008,12.037426736205816,0.811246606104708,0.14543044657623047,ok
8_celeba,HBOS,1,14.93298725783825,0.42153083719313145,15.354585729539394,0.7541434515402509,0.09060414442133552,ok
6_cardio,DyCG,1,,,,,,ram_kill
15_Hepatitis,DyCG,4,,,,,,ram_kill
3_backdoor,HBOS,1,10.416084237396717,0.11623112298548222,10.532410899177194,0.7299579019695315,0.049447780436917214,ok
13_fraud,HBOS,1,5.225790740922093,0.12534971348941326,5.351193135604262,0.9384643201733887,0.24449839184801506,ok
36_speech,KernelCF_lin_4,4,20.816773295402527,2.7375540509819984,23.55435741506517,0.45292075163398693,0.017268227183077387,ok
34_smtp,UCF_7,1,0.00026780925691127777,516.6155351717025,516.6158271804452,0.8554831374930891,0.3962688330956924,ok
18_Ionosphere,KernelCF_lin_3,5,3.1222254913300276,0.5741578172892332,3.696402804926038,0.8289473684210527,0.7851725726603584,ok
26_optdigits,KernelCF_lin_4,4,24.381574973464012,2.018650544807315,26.4002429805696,0.4305994152046783,0.023470128695584413,ok
23_mammography,UCG,5,0.0002277679741382599,11.42460540868342,11.424861539155245,0.2853571512405812,0.01843465151459285,ok
15_Hepatitis,KernelCF_rbf,4,0.8473209198564291,0.638861944898963,1.4862003661692142,0.6375,0.30491452991452994,ok
6_cardio,KernelCF_rbf,1,12.5639265794307,2.9948249366134405,15.558766713365912,0.9535325158498159,0.6099570945254902,ok
8_celeba,ECOD,1,5.980920400470495,30.75707194954157,36.73800906352699,0.7636619166041159,0.09753537963101612,ok
18_Ionosphere,KernelCF_lin_4,5,2.9410625975579023,0.7033560648560524,3.644435489550233,0.788312693498452,0.7624939881843361,ok
36_speech,KernelCF_lin_5,4,14.681459309533238,2.249178985133767,16.93066026084125,0.45281862745098034,0.0172663464449984,ok
15_Hepatitis,KernelCF_lin_2,4,0.9310961253941059,0.9583396278321743,1.8894513826817274,0.6125,0.23392857142857143,ok
13_fraud,ECOD,1,11.489560743793845,21.87601374462247,33.36558940075338,0.9450121438631902,0.20972576903970494,ok
6_cardio,KernelCF_lin_2,1,2.7112632282078266,1.4804618619382381,4.191745743155479,0.9418776811814282,0.5470283321318846,ok
3_backdoor,ECOD,1,15.610156597569585,32.591209284961224,48.20138152316213,0.8419707108465242,0.09059418365265304,ok
35_SpamBase,DyCF_2,4,62.07765069976449,42.17090575955808,104.24857285246253,0.4363458602589037,0.35471611599445907,ok
22_magic.gamma,KernelCF_lin_4,1,185.76968783698976,18.753575667738914,204.5232919435948,0.7722801864676242,0.5904210443813913,ok
1_ALOI,KNN,1,7.442620849236846,28.865120546892285,36.30778416804969,0.6913805100917138,0.0737068436212759,ok
26_optdigits,KernelCF_lin_5,4,36.67599003016949,1.873073786497116,38.54908076301217,0.3508918128654971,0.02065166289504452,ok
36_speech,UCF_2,4,0.00024298764765262604,2.8960369005799294,2.8962962925434113,0.5475898692810457,0.02128118699686147,ok
18_Ionosphere,KernelCF_lin_5,5,3.6853706780821085,0.6838423516601324,4.369232522323728,0.6838235294117647,0.7027273934641294,ok
15_Hepatitis,KernelCF_lin_3,4,0.7282230239361525,0.7141587529331446,1.442403418943286,0.5875,0.22574786324786325,ok
6_cardio,KernelCF_lin_3,1,13.472253952175379,2.4418864250183105,15.914162591099739,0.9278311377700164,0.4999621382787055,ok
26_optdigits,UCF_2,4,0.0003852955996990204,6.173533594235778,6.173943422734737,0.7065058479532164,0.05859669083790753,ok
1_ALOI,CBLOF,1,25.896137164905667,0.35067350789904594,26.246834184974432,0.5711922919365171,0.040960520898564744,ok
36_speech,UCF_3,4,0.0005082245916128159,2.4374222550541162,2.4379584938287735,0.6407271241830066,0.02718736499963715,ok
18_Ionosphere,UCF_2,5,0.00031625665724277496,0.9619138687849045,0.9622504394501448,0.9140866873065016,0.8950568470746807,ok
15_Hepatitis,KernelCF_lin_4,4,0.5988351125270128,0.4951746743172407,1.094038324430585,0.5625,0.2165158371040724,ok
1_ALOI,GMM,1,3.873717388138175,0.16356049105525017,4.037321535870433,0.5729687750465694,0.04160937097550415,ok
6_cardio,KernelCF_lin_4,1,11.00176010467112,0.9943661894649267,11.996156312525272,0.909342849550131,0.4362609742555146,ok
26_optdigits,UCF_3,4,0.000298207625746727,3.268484076485038,3.268796496093273,0.5360964912280702,0.0446581167767228,ok
36_speech,UCF_4,4,0.0005472563207149506,2.9650283753871918,2.965611210092902,0.547232434640523,0.018736001570220675,ok
18_Ionosphere,UCF_3,5,0.0004029069095849991,0.9101769234985113,0.910598561167717,0.9353715170278638,0.9183245840082308,ok
15_Hepatitis,KernelCF_lin_5,4,0.5542705804109573,0.4359480682760477,0.9902490116655827,0.55,0.21197038255861786,ok
18_Ionosphere,UCF_4,5,0.00028335675597190857,0.7748780287802219,0.7751800790429115,0.9551083591331269,0.942441409620594,ok
26_optdigits,UCF_4,4,0.0003063064068555832,3.516715845093131,3.5170419197529554,0.4815497076023392,0.03354838438689663,ok
6_cardio,KernelCF_lin_5,1,7.109352285042405,1.5968578029423952,8.70623347721994,0.8815155081431988,0.3760059672097242,ok
36_speech,UCF_5,4,0.0004682876169681549,4.673286847770214,4.673782382160425,0.6277062908496732,0.029222285278926365,ok
22_magic.gamma,KernelCF_lin_5,1,109.84480288811028,11.973541300743818,121.81836776435375,0.7742335156692086,0.5863557230579721,ok
21_Lymphography,DyCF_5,3,,,,,,error
15_Hepatitis,UCF_2,4,0.00036158598959445953,0.7011415790766478,0.7015215158462524,0.5125,0.19545454545454546,ok
18_Ionosphere,UCF_5,5,0.00021910667419433594,1.3706830814480782,1.3709149193018675,0.9523993808049536,0.9414394050700258,ok
26_optdigits,UCF_5,4,0.0003069974482059479,4.663533380255103,4.663856597617269,0.47989766081871343,0.031052154979820605,ok
6_cardio,UCF_2,1,0.00033093802630901337,1.9252993017435074,1.9256512317806482,0.8766941270263088,0.4672252716228842,ok
36_speech,UCF_6,4,0.0002740379422903061,5.039439462125301,5.039733473211527,0.711703431372549,0.03732968648768212,ok
22_magic.gamma,UCF_2,1,0.00043850764632225037,9.23324160091579,9.233703346922994,0.8281110721888387,0.7679540167682843,ok
15_Hepatitis,UCF_3,4,0.00030073709785938263,1.1140179075300694,1.1143315825611353,0.44999999999999996,0.17814685314685313,ok
18_Ionosphere,UCF_6,5,0.00024406984448432922,1.418246503919363,1.4185035042464733,0.9465944272445821,0.9368786236834976,ok
6_cardio,UCF_3,1,0.00038755685091018677,1.9873896967619658,1.9877951331436634,0.8306822064462245,0.37735829919716474,ok
26_optdigits,UCF_6,4,0.000242527574300766,4.017805540934205,4.018060339614749,0.44222222222222224,0.028004685562909158,ok
36_speech,UCF_7,4,0.00022505782544612885,4.125398313626647,4.12563694268465,0.7379493464052287,0.09072090240639338,ok
15_Hepatitis,UCF_4,4,0.0002691112458705902,1.7684851177036762,1.768768522888422,0.46249999999999997,0.18092463092463093,ok
22_magic.gamma,UCF_3,1,0.0002484973520040512,15.44773555546999,15.448008393868804,0.824126135108189,0.7638163935291195,ok
18_Ionosphere,UCF_7,5,0.0002269390970468521,1.9681793805211782,1.968418376520276,0.9469814241486068,0.9386637440170778,ok
26_optdigits,UCF_7,4,0.00025034695863723755,4.321376193314791,4.32164004445076,0.4325438596491228,0.02516405841074507,ok
6_cardio,UCF_4,1,0.0002806279808282852,3.025324299931526,3.025623347610235,0.7803424319501917,0.31198878481197845,ok
36_speech,UCF_8,4,0.00022557005286216736,5.4253004882484674,5.42553897947073,0.5158803104575164,0.024810867365477204,ok
15_Hepatitis,UCF_5,4,0.00024212896823883057,1.639735970646143,1.6399890258908272,0.44999999999999996,0.17648809523809525,ok
22_magic.gamma,UCF_4,1,0.000509338453412056,13.413024896755815,13.413561441004276,0.825609792244887,0.7640957481648324,ok
18_Ionosphere,UCF_8,5,0.00021949037909507751,0.5662052650004625,0.5664351154118776,0.9334365325077398,0.9252561107968035,ok
26_optdigits,UCF_8,4,0.00024642981588840485,3.714084267616272,3.7143436279147863,0.3723391812865497,0.024923954327167628,ok
36_speech,UCG,4,0.00022428110241889954,4.528652949258685,4.528907775878906,0.689797794117647,0.02746307224637764,ok
6_cardio,UCF_5,1,0.00026182830333709717,3.5433470513671637,3.543623188510537,0.7359249838654569,0.2525753376332824,ok
15_Hepatitis,UCF_6,4,0.0002839677035808563,0.6082291323691607,0.6085275001823902,0.4625,0.18060897435897438,ok
12_fault,DyCF_4,4,,,,,,error
18_Ionosphere,UCG,5,0.00024558044970035553,2.42069898173213,2.4209736082702875,0.9117647058823528,0.9132177143243378,ok
22_magic.gamma,UCF_5,1,0.00036270730197429657,20.05203554779291,20.052421735599637,0.8252367222656354,0.7624600943870716,ok
26_optdigits,UCG,4,0.0004226565361022949,6.034724285826087,6.035215124487877,0.5480847953216376,0.034215193166423505,ok
6_cardio,UCF_6,1,0.00024908967316150665,2.7982306573539972,2.798492945730686,0.7406324740898219,0.23999339036331216,ok
36_speech,KNN,5,6.717378467321396,3.4089979603886604,10.126412326470017,0.358609068627451,0.06777635552205158,ok
15_Hepatitis,UCF_7,4,0.0003543570637702942,1.2970036454498768,1.2973739225417376,0.44999999999999996,0.17648809523809525,ok
34_smtp,UCF_8,1,0.00024203769862651825,454.4939961824566,454.4942535609007,0.8540075221342304,0.4240451487809597,ok
41_Waveform,DyCG,4,,,,,,ram_kill
12_fault,DyCF_5,4,,,,,,ram_kill
6_cardio,UCF_7,1,0.0003514587879180908,3.453919056802988,3.4542846642434597,0.7212330587297369,0.21879099623596113,ok
36_speech,CBLOF,5,16.411909880116582,0.05887473188340664,16.470807341858745,0.3524305555555556,0.03969210965242707,ok
26_optdigits,KNN,5,9.163574900478125,4.014261234551668,13.177884565666318,0.3527485380116959,0.02075105670317067,ok
22_magic.gamma,UCF_6,1,0.0005566626787185669,13.758896939456463,13.759465366601944,0.7873634501899704,0.7214101957642236,ok
15_Hepatitis,UCF_8,4,0.0003736782819032669,1.1317678205668926,1.1321597881615162,0.475,0.18547008547008548,ok
6_cardio,UCF_8,1,0.0008034165948629379,2.628477280959487,2.629293255507946,0.6865343001404655,0.2079028536605626,ok
41_Waveform,KernelCF_rbf,4,26.921101855114102,2.9970463197678328,29.918176935985684,0.6943502824858757,0.05652486848346605,ok
12_fault,DyCG,4,,,,,,ram_kill
15_Hepatitis,UCG,4,0.0003834869712591171,1.7425685320049524,1.742988146841526,0.46249999999999997,0.18846153846153846,ok
22_magic.gamma,UCF_7,1,0.00037554651498794556,21.8645685557276,21.864970764145255,0.8080217455740887,0.7432907995498779,ok
10_cover,KNN,1,69.90935773029923,15.295488897711039,85.20488969609141,0.7779830028833435,0.03287271936465203,ok
36_speech,GMM,5,22.714437428861856,0.5687584318220615,23.283218167722225,0.39215686274509803,0.04073045681533088,ok
26_optdigits,CBLOF,5,15.99058954231441,0.18832878395915031,16.178934887051582,0.7651900584795321,0.05525867638357423,ok
6_cardio,UCG,1,0.00027990899980068207,3.6765289809554815,3.6768424063920975,0.2876504308872101,0.07131604991900263,ok
15_Hepatitis,KNN,5,0.6157437693327665,0.7914447858929634,1.407215554267168,0.55,0.21865079365079365,ok
12_fault,KernelCF_rbf,4,12.809749089181423,4.16146969422698,16.971244363114238,0.5484654764689068,0.4617567316699251,ok
22_magic.gamma,UCF_8,1,0.00021583028137683868,20.47431779280305,20.47454545274377,0.799669504998518,0.7339950872015811,ok
26_optdigits,GMM,5,5.820768428966403,0.07474850676953793,5.895534794777632,0.5197222222222222,0.027933257521285414,ok
41_Waveform,KernelCF_lin_2,4,36.13978386670351,1.3292390014976263,37.46904132142663,0.5538384845463609,0.04307141257802579,ok
6_cardio,KNN,2,4.408140029758215,3.0285028107464314,7.436675569042563,0.7452640370525037,0.32022700633732465,ok
10_cover,CBLOF,1,21.63109022937715,0.2735548224300146,21.90466197952628,0.9248821234412827,0.06739458025381191,ok
15_Hepatitis,CBLOF,5,10.160666828975081,0.0007568728178739548,10.16158976405859,0.4125,0.16721491228070173,ok
36_speech,KDE,5,21.889782207086682,15.258804082870483,37.14860949292779,0.40492238562091504,0.01563005169237241,ok
12_fault,KernelCF_lin_2,4,9.162269728258252,1.1532291397452354,10.315514836460352,0.5307554377484993,0.4417366447115093,ok
26_optdigits,KDE,5,5.252244859933853,2.4230149053037167,7.675283003598452,0.31967836257309945,0.01984114382866057,ok
41_Waveform,KernelCF_lin_3,4,22.294704532250762,1.1306474525481462,23.425368335098028,0.4813891658358259,0.03593660683033955,ok
6_cardio,CBLOF,2,8.729666348546743,0.039859699085354805,8.769539088010788,0.8120041000721309,0.5286511672564056,ok
15_Hepatitis,GMM,5,1.1147074233740568,0.0003000199794769287,1.1150254532694817,0.45000000000000007,0.21425653594771243,ok
22_magic.gamma,UCG,1,0.0001989062875509262,20.162508819252253,20.162731528282166,0.768265473848724,0.6895373249043445,ok
10_cover,GMM,1,4.714663555845618,0.23586205951869488,4.950565479695797,0.9368124700353766,0.08231044690022074,ok
36_speech,HBOS,5,5.823492739349604,0.027358554303646088,5.850890373811126,0.34895833333333337,0.0673110348727789,ok
12_fault,KernelCF_lin_3,4,6.478235013782978,0.7093007676303387,7.187551846727729,0.5718796289077727,0.4548612368985037,ok
15_Hepatitis,KDE,5,0.001380622386932373,0.0004057958722114563,0.0018092803657054901,0.48750000000000004,0.2603874883286648,ok
22_magic.gamma,KNN,2,1.010360112413764,0.31866414844989777,1.3290668092668056,0.8080317156638193,0.7412208133165404,ok
26_optdigits,HBOS,5,14.20279386267066,0.06529255211353302,14.268118374049664,0.8361549707602339,0.15032968364508137,ok
6_cardio,GMM,2,2.072490194812417,0.0004085805267095566,2.072950839996338,0.8769598724422004,0.4679152594516588,ok
41_Waveform,KernelCF_lin_4,4,14.463714668527246,0.8508178032934666,15.314549023285508,0.4523762047191758,0.03503098746956171,ok
36_speech,ECOD,5,0.8647006060928106,0.539853235706687,1.4045672044157982,0.3460477941176471,0.06727574144459032,ok
6_cardio,KDE,2,0.2992999143898487,0.08261298388242722,0.3819355498999357,0.7467066550244865,0.22722141839634818,ok
12_fault,KernelCF_lin_4,4,10.780850043520331,0.8313506916165352,11.612228823825717,0.5971648345936956,0.4654524719595029,ok
22_magic.gamma,CBLOF,2,11.069453779608011,0.15713969804346561,11.226622490212321,0.7139713292554768,0.6597149739210088,ok
15_Hepatitis,HBOS,5,14.357503481209278,0.00021797046065330505,14.357751859351993,0.7,0.3011904761904762,ok
26_optdigits,ECOD,5,1.7328046765178442,0.12443169392645359,1.8572488315403461,0.5823830409356725,0.03245841200850886,ok
36_speech,OCSVM,5,7.189747259020805,1.3237096443772316,8.513479199260473,0.3489583333333333,0.06740402132572954,ok
41_Waveform,KernelCF_lin_5,4,12.181245744228363,0.43878748267889023,12.620054291561246,0.439514788966434,0.03526826779567774,ok
6_cardio,HBOS,2,6.752227200195193,0.000524597242474556,6.75277260504663,0.8538020576287917,0.50250328206266,ok
34_smtp,UCG,1,0.00029508955776691437,263.421726744622,263.42206485942006,0.5596787129830791,0.22304406525445367,ok
22_magic.gamma,GMM,2,2.058804636821151,0.000924333930015564,2.059746978804469,0.7407726819541376,0.671317509012262,ok
15_Hepatitis,ECOD,5,0.47299534641206264,0.0013118106871843338,0.4743130952119827,0.7,0.279004329004329,ok
12_fault,KernelCF_lin_5,4,5.21956055611372,0.7745885886251926,5.994168423116207,0.6094826018034875,0.4713054213061492,ok
26_optdigits,OCSVM,5,1.0140062142163515,0.1923364158719778,1.2063599601387978,0.5067690058479533,0.026923804161800777,ok
36_speech,LODA,5,8.258245836943388,0.015839876607060432,8.274122914299369,0.45481004901960786,0.015550500177343756,ok
34_smtp,KNN,2,0.48174968361854553,0.17041023634374142,0.6522033009678125,0.8841077393884178,0.14962802808620015,ok
6_cardio,ECOD,2,1.141364973038435,0.007334930822253227,1.1487110238522291,0.9452564443263354,0.57780629283671,ok
26_optdigits,LODA,5,0.039490340277552605,0.010455075651407242,0.04998072236776352,0.4808479532163743,0.02611538953049184,ok
41_Waveform,UCF_2,4,0.000396728515625,1.6047931127250195,1.6052089277654886,0.8231306081754736,0.5156083389565342,ok
12_fault,UCF_2,4,0.0003375690430402756,1.4470039680600166,1.4473597183823586,0.6928873989761182,0.5587772823528874,ok
15_Hepatitis,OCSVM,5,0.0015047043561935425,0.00029361993074417114,0.0018083397299051285,0.5,0.19722222222222222,ok
36_speech,IForest,5,0.9333508238196373,0.06103561818599701,0.9944034870713949,0.3711703431372549,0.021373458044299572,ok
6_cardio,OCSVM,2,0.6446074731647968,0.12545888870954514,0.7700824700295925,0.9295015375270491,0.526236604799179,ok
12_fault,UCF_3,4,0.0004362668842077255,3.3419489059597254,3.3423959370702505,0.7348821496322862,0.5886219541242359,ok
26_optdigits,IForest,5,1.6867622304707766,0.21692598424851894,1.9037113059312105,0.7150000000000001,0.05011716969861293,ok
41_Waveform,UCF_3,4,0.0002705175429582596,2.759101552888751,2.7593875396996737,0.8445995347291458,0.5162735262252347,ok
15_Hepatitis,LODA,5,0.1051944475620985,0.001092754304409027,0.106311971321702,0.35,0.15293560606060605,ok
34_smtp,CBLOF,2,17.054810354486108,0.345314372330904,17.400154281407595,0.7694068727077348,0.3947729574216693,ok
26_optdigits,PCA,5,,,,,,error
6_cardio,LODA,2,0.03034242056310177,0.003997547551989555,0.034368572756648064,0.9148096123913291,0.5322422942014631,ok
12_fault,UCF_4,4,0.0002264082431793213,1.618247926235199,1.618486573919654,0.7674696603518618,0.614251336480637,ok
41_Waveform,UCF_4,4,0.00028150714933872223,4.082879642024636,4.083174677565694,0.8395480225988701,0.5012679845094293,ok
34_smtp,GMM,2,1.4301630035042763,0.002489810809493065,1.4326739013195038,0.6963892198316475,0.2736153117948444,ok
15_Hepatitis,IForest,5,1.6997604724019766,0.07472984492778778,1.7745057493448257,0.575,0.21626984126984128,ok
22_magic.gamma,KDE,2,63.51507065072656,47.70990436337888,111.2250129468739,0.7249576944841153,0.6682710981666156,ok
6_cardio,IForest,2,1.1647414285689592,0.07834388501942158,1.2431086339056492,0.9279070650316996,0.6399994281824555,ok
15_Hepatitis,PCA,5,0.0022463351488113403,0.00021321885287761688,0.002468464896082878,0.4875,0.18895173453996983,ok
41_Waveform,UCF_5,4,0.0004901289939880371,3.60911176353693,3.609625382348895,0.7432037221668328,0.11111602524708075,ok
12_fault,UCF_5,4,0.00024243630468845367,3.433535724878311,3.4337905198335648,0.7699124243132975,0.6158366244197754,ok
6_cardio,PCA,2,,,,,,error
9_census,KDE,1,,,,,,timeout
26_optdigits,DyCF_2,5,,,,,,error
15_Hepatitis,DyCF_2,5,,,,,,error
41_Waveform,UCF_6,4,0.00023844651877880096,4.137667691335082,4.137922048568726,0.8470255898969757,0.42064043402572626,ok
12_fault,UCF_6,4,0.0004495196044445038,2.9932299870997667,2.993694894015789,0.7655856136794781,0.6100181560143845,ok
22_magic.gamma,HBOS,2,24.437382532283664,0.00202154740691185,24.439450470730662,0.7265946080676888,0.6399418258401284,ok
12_fault,UCF_7,4,0.00019493885338306427,5.82789434120059,5.828099738806486,0.7437956394064603,0.5834861144114207,ok
22_magic.gamma,ECOD,2,1.8444239627569914,0.5972909387201071,2.4417295437306166,0.6484691870334941,0.5533445125836427,ok
41_Waveform,UCF_7,4,0.00021603889763355255,6.218645695596933,6.218874154612422,0.7914921900963775,0.14428880958490187,ok
6_cardio,DyCF_2,2,22.048590123653412,5.594362668693066,27.642964424565434,0.7948065753008617,0.3105453399941681,ok
15_Hepatitis,DyCF_3,5,,,,,,error
36_speech,PCA,5,168.1557860970497,0.17466503381729126,168.330473061651,0.35197099673202614,0.06746539501233595,ok
9_census,HBOS,1,35.50897924602032,1.7428312301635742,37.25190746411681,0.6093166217535178,0.07246744018655626,ok
12_fault,UCF_8,4,0.0002834070473909378,2.356397971510887,2.3566971085965633,0.706829344351758,0.5578465696432332,ok
41_Waveform,UCF_8,4,0.00022272951900959015,3.746478121727705,3.7467119116336107,0.7899634430043203,0.22670730921851873,ok
12_fault,UCG,4,0.0004322156310081482,2.820046531036496,2.820528855547309,0.6948104259244823,0.5428568263686188,ok
22_magic.gamma,OCSVM,2,22.36943180114031,2.645532213151455,25.014996103942394,0.6784520762038211,0.6365886695002101,ok
41_Waveform,UCG,4,0.00024080835282802582,5.582052975893021,5.582326965406537,0.43512794948487865,0.029795355978029354,ok
6_cardio,DyCF_3,2,27.566870469599962,7.8449109345674515,35.411805521696806,0.6093922022702251,0.344147380652432,ok
21_Lymphography,DyCG,3,,,,,,error
22_magic.gamma,LODA,2,0.1004317682236433,0.021089481189846992,0.12156364694237709,0.6305138638139636,0.5660909228580313,ok
12_fault,KNN,5,3.8192957267165184,1.2589743733406067,5.0782943069934845,0.733439879421013,0.5379067742836187,ok
15_Hepatitis,DyCF_4,5,,,,,,error
41_Waveform,KNN,5,3.6279282961040735,2.1672319043427706,5.795190079137683,0.7212362911266202,0.14061789811913403,ok
22_magic.gamma,IForest,2,0.2656357102096081,0.030441896989941597,0.2960969414561987,0.7248481582280187,0.6439124383049325,ok
21_Lymphography,KernelCF_rbf,3,1.043262729421258,0.8439276088029146,1.887203387916088,1.0,1.0,ok
12_fault,CBLOF,5,5.277319127693772,0.05336986482143402,5.330702094361186,0.6512564642291001,0.4541450208396087,ok
22_magic.gamma,PCA,2,0.023167189210653305,0.0016655512154102325,0.024858837947249413,0.676337204602409,0.6080448920714034,ok
41_Waveform,CBLOF,5,22.77656482718885,0.14404278062283993,22.920638283714652,0.7020272515785977,0.16436037507113144,ok
21_Lymphography,KernelCF_lin_2,3,1.3499041330069304,0.9367946796119213,2.2867334987968206,0.9767441860465116,0.5833333333333333,ok
35_SpamBase,DyCF_3,4,999.9090116005391,78.49690271541476,1078.4059382323176,0.48371133697220653,0.3795195898461492,ok
12_fault,GMM,5,2.7122303787618876,0.0003920178860425949,2.712645746767521,0.6398482367921832,0.45688790073683827,ok
22_magic.gamma,DyCF_2,2,17.487426025792956,8.224084818735719,25.711530800908804,0.7605250464821751,0.6853608935843738,ok
21_Lymphography,KernelCF_lin_3,3,0.9212433788925409,0.7837231047451496,1.7049863822758198,0.9651162790697675,0.5,ok
41_Waveform,GMM,5,3.8556424640119076,0.0005111582577228546,3.8561643920838833,0.5629112662013959,0.050918325591517065,ok
35_SpamBase,DyCF_4,4,,,,,,error
12_fault,KDE,5,0.6708206851035357,0.498978516086936,1.1698234099894762,0.7469400483355422,0.5621935885149822,ok
21_Lymphography,KernelCF_lin_4,3,0.8316308427602053,0.582529503852129,1.4141753762960434,0.9418604651162791,0.3666666666666667,ok
6_cardio,DyCF_4,2,,,,,,error
41_Waveform,KDE,5,0.7318355850875378,0.30446421541273594,1.0363143477588892,0.7497175141242938,0.13876856747709762,ok
35_SpamBase,DyCF_5,4,,,,,,error
12_fault,HBOS,5,3.874770427122712,0.0010652057826519012,3.87587121501565,0.5690470621865337,0.407829239770105,ok
22_magic.gamma,DyCF_3,2,15.440602865070105,7.617529666051269,23.058147098869085,0.7692203120368625,0.6950860567445047,ok
21_Lymphography,KernelCF_lin_5,3,0.7686822228133678,0.8105558473616838,1.579259430989623,0.8953488372093023,0.25,ok
12_fault,ECOD,5,1.0977553483098745,0.009441027417778969,1.10720806568861,0.47150541825836123,0.3215958136472691,ok
35_SpamBase,DyCG,4,,,,,,error
41_Waveform,HBOS,5,6.394225282594562,0.0011191926896572113,6.395371474325657,0.7009305417082087,0.05128127622272869,ok
21_Lymphography,UCF_2,3,0.00045906752347946167,1.1434128358960152,1.1438932307064533,1.0,1.0,ok
12_fault,OCSVM,5,0.36432127095758915,0.09505116939544678,0.4593871422111988,0.5368623476520881,0.40250729268870655,ok
22_magic.gamma,DyCF_4,2,17.246427604928613,7.048053931444883,24.29449937492609,0.7779039907305112,0.7095783430458702,ok
41_Waveform,ECOD,5,1.5935564488172531,0.056378452107310295,1.6499424632638693,0.6063476237952808,0.04129902510944562,ok
35_SpamBase,KernelCF_rbf,4,16.63898740336299,2.6911627240478992,19.33016812428832,0.5132850241545893,0.38243190438444863,ok
9_census,ECOD,1,104.40949619188905,149.79984700866044,254.20935848914087,0.6579300380708648,0.0839220537395077,ok
21_Lymphography,UCF_3,3,0.00024408847093582153,1.4007617738097906,1.401019362732768,1.0,1.0,ok
12_fault,LODA,5,0.1219969168305397,0.17652891390025616,0.2985504548996687,0.431641589355786,0.30078728656808,ok
41_Waveform,OCSVM,5,0.720214918255806,0.15754997171461582,0.8777809888124466,0.668461282818212,0.054668847443323204,ok
21_Lymphography,UCF_4,3,0.00022933818399906158,1.048527430742979,1.0487676709890366,1.0,1.0,ok
35_SpamBase,KernelCF_lin_2,4,13.978922115638852,1.2849605847150087,15.26390123181045,0.5993553547901374,0.43499070412856533,ok
22_magic.gamma,DyCF_5,2,40.834502782672644,11.453613866120577,52.28813855908811,0.788231791113147,0.7273510713858886,ok
41_Waveform,LODA,5,0.05314997211098671,0.006095385178923607,0.05927548557519913,0.5813891658358258,0.044514429001233466,ok
12_fault,IForest,5,0.22263335064053535,0.012260090559720993,0.23490804061293602,0.5357708999246381,0.38112265964503805,ok
21_Lymphography,UCF_5,3,0.00028277933597564697,1.1379287485033274,1.1382248979061842,1.0,1.0,ok
41_Waveform,IForest,5,0.35044202022254467,0.02712191268801689,0.37758012115955353,0.7239946826188103,0.06665528507127531,ok
12_fault,PCA,5,0.359001774340868,0.0008843448013067245,0.3599032573401928,0.47464982718744314,0.3336051661578097,ok
35_SpamBase,KernelCF_lin_3,4,28.374162638559937,6.288615580648184,34.662802094593644,0.6125933245498463,0.4471197652673028,ok
1_ALOI,KDE,1,890.1250798758119,367.5779804009944,1257.703101336956,0.5766590079823513,0.06457966456953214,ok
21_Lymphography,UCF_6,3,0.00026840902864933014,2.2397920824587345,2.2400747798383236,1.0,1.0,ok
6_cardio,DyCF_5,2,,,,,,ram_kill
22_magic.gamma,DyCG,2,44.95081711187959,14.265628073364496,59.216489946469665,0.2743559860957667,0.24958308122478146,ok
41_Waveform,PCA,5,0.005241936072707176,0.0006235875189304352,0.005881961435079575,0.6425390495181122,0.048204181587138586,ok
12_fault,DyCF_2,5,,,,,,error
1_ALOI,HBOS,1,10.115026533603668,0.010066388174891472,10.125131839886308,0.5406879887631685,0.036671014377966035,ok
21_Lymphography,UCF_7,3,0.0001926776021718979,1.6524744387716055,1.652677409350872,1.0,1.0,ok
35_SpamBase,KernelCF_lin_4,4,17.48073006980121,1.4042507223784924,18.884997302666306,0.6185901457640588,0.45298335599450634,ok
21_Lymphography,UCF_8,3,0.00021792761981487274,0.7169266082346439,0.717155996710062,1.0,1.0,ok
1_ALOI,ECOD,1,3.7645378429442644,3.658022614195943,7.422583842650056,0.5501032724753518,0.035226711009262265,ok
41_Waveform,DyCF_2,5,15.370980085805058,9.144118340685964,24.515114767476916,0.5758723828514456,0.05055094499208176,ok
12_fault,DyCF_3,5,,,,,,error
35_SpamBase,KernelCF_lin_5,4,20.65928864479065,1.3652652613818645,22.024570675566792,0.6219963611267959,0.4563940619390052,ok
21_Lymphography,UCG,3,0.0002211201936006546,2.711640141904354,2.7118891291320324,1.0,1.0,ok
35_SpamBase,UCF_2,4,0.00023310817778110504,4.849261859431863,4.849507367238402,0.5040074659639877,0.3750255987800105,ok
6_cardio,DyCG,2,,,,,,ram_kill
21_Lymphography,KNN,4,2.5102817993611097,1.5099271945655346,4.020233653485775,1.0,1.0,ok
41_Waveform,DyCF_3,5,32.299174362793565,22.764925830066204,55.064123602584004,0.5909936856098371,0.057248138594221204,ok
22_magic.gamma,KernelCF_rbf,2,154.6134370137006,13.983348766341805,168.59680910408497,0.7072692732612973,0.6116102929368651,ok
21_Lymphography,CBLOF,4,5.8230252135545015,0.0011312440037727356,5.824168788269162,1.0,1.0,ok
35_SpamBase,UCF_3,4,0.0005390290170907974,3.358236564323306,3.358792470768094,0.5098526674613632,0.37725897367307915,ok
6_cardio,KernelCF_rbf,2,8.423036208376288,2.3471754156053066,10.770227232947946,0.955392733761057,0.6303256105125599,ok
21_Lymphography,GMM,4,1.0389671474695206,0.0003134794533252716,1.0393116064369678,0.9767441860465116,0.5833333333333333,ok
35_SpamBase,UCF_4,4,0.00036608800292015076,4.474581887945533,4.474967688322067,0.5211953907606082,0.3831038296848205,ok
6_cardio,KernelCF_lin_2,2,8.346181362867355,2.405476327985525,10.7516950070858,0.9381952089897878,0.5361480586161049,ok
21_Lymphography,KDE,4,0.0021432191133499146,0.0006893947720527649,0.0028467830270528793,0.9883720930232558,0.8333333333333333,ok
35_SpamBase,UCF_5,4,0.00022117793560028076,7.003237143158913,7.003470242023468,0.5128536922015183,0.38272071159376186,ok
6_cardio,KernelCF_lin_3,2,10.897372506558895,1.6846217848360538,12.58201614022255,0.9168216848259367,0.45166994152887224,ok
21_Lymphography,HBOS,4,9.10223500803113,0.00023743696510791779,9.102497484534979,1.0,1.0,ok
35_SpamBase,UCF_6,4,0.00021392852067947388,5.12134282104671,5.121569762006402,0.5205627705627706,0.3837750045279188,ok
22_magic.gamma,KernelCF_lin_2,2,171.61083386093378,16.632137106731534,188.24300164356828,0.7432533480639164,0.5926846142641078,ok
6_cardio,KernelCF_lin_4,2,12.286149056628346,1.868992680683732,14.15516022592783,0.8891841615732128,0.38695835979797516,ok
41_Waveform,DyCF_4,5,207.90399802289903,23.57645668834448,231.48047746531665,0.5159521435692922,0.04689082930573595,ok
35_SpamBase,UCF_7,4,0.0005440860986709595,2.888989409431815,2.889553075656295,0.5157710646841082,0.37851774308525565,ok
21_Lymphography,ECOD,4,2.261593531817198,0.0014003422111272812,2.2630015667527914,1.0,1.0,ok
6_cardio,KernelCF_lin_5,2,11.157827412709594,1.360580651089549,12.518438464030623,0.8418814775445123,0.32030038858524484,ok
21_Lymphography,OCSVM,4,0.0020110104233026505,0.00039188750088214874,0.002416737377643585,1.0,1.0,ok
26_optdigits,DyCF_3,5,,,,,,ram_kill
35_SpamBase,UCF_8,4,0.0006809346377849579,4.289791788905859,4.290496403351426,0.5434102934102933,0.4004134870167756,ok
26_optdigits,DyCF_4,5,,,,,,error
6_cardio,UCF_2,2,0.0002963077276945114,1.5572067387402058,1.5575160756707191,0.8665578375915872,0.45243749938953587,ok
21_Lymphography,LODA,4,0.0781747754663229,0.0013194922357797623,0.07952174916863441,0.5,0.5222222222222223,ok
35_SpamBase,UCG,4,0.0002563074231147766,6.000181553885341,6.000475104898214,0.5581618462053245,0.4376127993129387,ok
26_optdigits,DyCF_5,5,,,,,,error
6_cardio,UCF_3,2,0.00024249032139778137,3.122391266748309,3.1226475834846497,0.8346304240537565,0.36916568204091227,ok
22_magic.gamma,KernelCF_lin_3,2,138.1972652450204,11.123172868043184,149.32046108320355,0.7640652367222656,0.5955900333336923,ok
21_Lymphography,IForest,4,1.240048261359334,0.0894463025033474,1.3295104447752237,1.0,1.0,ok
35_SpamBase,KNN,5,5.444483166560531,3.0545046236366034,8.499012978747487,0.5280888596105987,0.4064223565974012,ok
26_optdigits,DyCG,5,,,,,,error
6_cardio,UCF_4,2,0.000277739018201828,3.43571737408638,3.4360131826251745,0.795110284347595,0.3141943473771153,ok
21_Lymphography,PCA,4,0.0029228031635284424,0.00027552060782909393,0.0032133404165506363,1.0,1.0,ok
6_cardio,UCF_5,2,0.00029811635613441467,2.588475450873375,2.5887902602553368,0.7596522531414904,0.2669765440203056,ok
35_SpamBase,CBLOF,5,22.395712103694677,0.04195031523704529,22.437677439302206,0.5517232365058451,0.40485175076347246,ok
21_Lymphography,DyCF_2,4,,,,,,error
26_optdigits,KernelCF_rbf,5,19.24299922771752,4.333799993619323,23.576817931607366,0.6143713450292397,0.03458430112211643,ok
6_cardio,UCF_6,2,0.00028317980468273163,1.747097397223115,1.7473955433815718,0.7418473102767549,0.25366750172945396,ok
1_ALOI,OCSVM,1,538.1371390651911,69.69620759598911,607.8333698194474,0.5573765658999998,0.046653277123993225,ok
35_SpamBase,GMM,5,3.9475514627993107,0.13245533592998981,4.080030297860503,0.5470570090135308,0.4055914530818005,ok
22_magic.gamma,KernelCF_lin_4,2,85.3381899446249,12.173225119709969,97.51143395341933,0.7727277626579719,0.5941338709065703,ok
6_cardio,UCF_7,2,0.0002942383289337158,1.6545576080679893,1.6548674050718546,0.7418473102767549,0.22694686745968368,ok
26_optdigits,KernelCF_lin_2,5,22.925430100411177,2.626195689663291,25.55164235085249,0.5658479532163743,0.030496669505537373,ok
21_Lymphography,DyCF_3,4,,,,,,error
1_ALOI,LODA,1,11.105900783091784,0.09090582095086575,11.196855941787362,0.5027382713729189,0.0341575609065963,ok
6_cardio,UCF_8,2,0.0002696476876735687,4.006750663742423,4.007037552073598,0.6658820849626058,0.17990290407615264,ok
35_SpamBase,KDE,5,11.62305555678904,2.9731500074267387,14.596220573410392,0.5138313779618128,0.3930104361561766,ok
1_ALOI,IForest,1,0.8077717982232571,0.1395438238978386,0.9473358504474163,0.5608084641052145,0.03616439243149429,ok
26_optdigits,KernelCF_lin_3,5,32.77736067213118,1.8389896135777235,34.616393480449915,0.5132602339181287,0.02730804052709406,ok
6_cardio,UCG,2,0.00026029907166957855,2.0940471161156893,2.0943427346646786,0.38441972590258533,0.11957380829155627,ok
1_ALOI,PCA,1,0.521677628159523,0.02001456916332245,0.5417173653841019,0.5593199493679282,0.0394932295240045,ok
21_Lymphography,DyCF_4,4,,,,,,error
6_cardio,KNN,3,2.752007434144616,1.8714760839939117,4.623525278642774,0.739303747010364,0.36385939640971005,ok
35_SpamBase,HBOS,5,30.837554464116693,0.0014413520693778992,30.83901990763843,0.6550010979358806,0.5106463454059953,ok
26_optdigits,KernelCF_lin_4,5,24.92596342973411,2.0603415835648775,26.986323557794094,0.43121345029239766,0.023430542866099045,ok
41_Waveform,DyCF_5,5,,,,,,ram_kill
15_Hepatitis,DyCF_5,5,,,,,,ram_kill
35_SpamBase,ECOD,5,1.5588879864662886,0.10111451335251331,1.6600188370794058,0.6520745759876195,0.5176292383050414,ok
6_cardio,CBLOF,3,5.192422119900584,0.0015183929353952408,5.193973138928413,0.7673968338331878,0.31552432995946855,ok
22_magic.gamma,KernelCF_lin_5,2,157.6176195051521,17.036517342552543,174.6541807577014,0.7745753280698444,0.5908356617425361,ok
6_cardio,GMM,3,1.7699899598956108,0.0005009565502405167,1.770515326410532,0.9001176872556091,0.49079506632955794,ok
26_optdigits,KernelCF_lin_5,5,19.604636374861002,1.404107740148902,21.00876314751804,0.35157894736842105,0.02060170218961215,ok
35_SpamBase,OCSVM,5,1.3895605336874723,0.18650086410343647,1.5760768484324217,0.5551033105380931,0.41274711395347935,ok
22_magic.gamma,UCF_2,2,0.00023101642727851868,10.331738401204348,10.33198137767613,0.8225819837783946,0.7614451212171529,ok
6_cardio,KDE,3,0.46751159988343716,0.1607038788497448,0.628244012594223,0.7361907292813484,0.28314380370295933,ok
26_optdigits,UCF_2,5,0.0005781855434179306,3.649595271795988,3.650185778737068,0.7099415204678362,0.04933714181734547,ok
36_speech,DyCF_2,5,,,,,,ram_kill
12_fault,DyCF_4,5,,,,,,error
41_Waveform,DyCG,5,,,,,,ram_kill
35_SpamBase,LODA,5,0.12708304077386856,0.006716452538967133,0.13399140164256096,0.3750117635987201,0.32058292744577965,ok
1_ALOI,DyCF_2,1,81.8695953655988,39.797998525202274,121.66762114875019,0.5722118120619057,0.05636780175180585,ok
26_optdigits,UCF_3,5,0.0002059098333120346,4.002124223858118,4.002341540530324,0.5099707602339181,0.029571303412461947,ok
22_magic.gamma,UCF_3,2,0.00024298764765262604,13.14547023177147,13.14572586119175,0.820028832421654,0.7591976089267327,ok
36_speech,DyCF_3,5,,,,,,error
6_cardio,HBOS,3,13.1340421885252,0.013727601617574692,13.147801216691732,0.8411601685585209,0.4815197488658731,ok
41_Waveform,KernelCF_rbf,5,23.57869068905711,4.0886456817388535,27.667382590472698,0.6889664340312396,0.051273204041179604,ok
35_SpamBase,IForest,5,2.007024532184005,0.9721881169825792,2.979228138923645,0.5896216303824999,0.4422086026320101,ok
12_fault,DyCF_5,5,,,,,,ram_kill
26_optdigits,UCF_4,5,0.00044720806181430817,4.29749908298254,4.297961000353098,0.45229532163742686,0.02681271399228237,ok
6_cardio,ECOD,3,2.377886403352022,0.009712014347314835,2.3876054771244526,0.9235032838540679,0.563106985491891,ok
35_SpamBase,PCA,5,0.8442841414362192,0.002568313851952553,0.8468705751001835,0.5682628563063346,0.41983707531877534,ok
22_magic.gamma,UCF_4,2,0.0003184359520673752,15.676876263692975,15.677209183573723,0.8207912748241761,0.7596895523896896,ok
36_speech,DyCF_4,5,,,,,,error
36_speech,DyCF_5,5,,,,,,error
26_optdigits,UCF_5,5,0.00025234930217266083,3.7234474811702967,3.723712719976902,0.45747076023391814,0.027740981537205035,ok
6_cardio,OCSVM,3,0.273125609382987,0.0640526320785284,0.33719360269606113,0.9312858281766068,0.5354255850470797,ok
41_Waveform,KernelCF_lin_2,5,27.506361287087202,1.8125603087246418,29.3189444988966,0.5807909604519774,0.04063591451380137,ok
15_Hepatitis,DyCG,5,,,,,,ram_kill
12_fault,DyCG,5,,,,,,ram_kill
22_magic.gamma,UCF_5,2,0.0002701506018638611,20.118779215961695,20.11906806565821,0.8210698984128695,0.7592216342770309,ok
6_cardio,LODA,3,0.01857537217438221,0.003535021096467972,0.02213609218597412,0.8599142021942978,0.4109169890518663,ok
36_speech,DyCG,5,,,,,,error
26_optdigits,UCF_6,5,0.00025124847888946533,5.004316728562117,5.004585836082697,0.44536549707602335,0.029686986623898886,ok
15_Hepatitis,KernelCF_rbf,5,0.2623255383223295,0.19735009223222733,0.45970191806554794,0.4375,0.17288510101010102,ok
41_Waveform,KernelCF_lin_3,5,24.856365675106645,0.6298401635140181,25.486224243417382,0.539415088069126,0.03652193316542164,ok
12_fault,KernelCF_rbf,5,12.920482331886888,2.4189901407808065,15.339486870914698,0.578740157480315,0.504494807724602,ok
26_optdigits,UCF_7,5,0.00024300068616867065,5.989187071099877,5.989444671198726,0.39267543859649123,0.023399800012215814,ok
6_cardio,IForest,3,0.41885546036064625,0.032223109155893326,0.45109809935092926,0.9280589195550661,0.5971043259876683,ok
15_Hepatitis,KernelCF_lin_2,5,0.8663609214127064,0.5046922769397497,1.3710666485130787,0.39999999999999997,0.16403186274509804,ok
22_magic.gamma,UCF_6,2,0.00023675709962844849,18.493599269539118,18.493848199024796,0.7990044730672846,0.737805514872615,ok
36_speech,KernelCF_rbf,5,17.74770311266184,3.6462101098150015,21.393931390717626,0.3494178921568627,0.06739574777786636,ok
35_SpamBase,DyCF_2,5,44.39756022207439,33.78651930950582,78.18409661203623,0.44728077880251793,0.35168104301359815,ok
12_fault,KernelCF_lin_2,5,7.103399557992816,0.7069707661867142,7.810388604179025,0.5551700839375275,0.4606234239612682,ok
6_cardio,PCA,3,,,,,,error
41_Waveform,KernelCF_lin_4,5,19.19218940474093,1.3191926665604115,20.51140277646482,0.5232967763376537,0.03547656284612184,ok
26_optdigits,UCF_8,5,0.0002455413341522217,4.173481835052371,4.173740254715085,0.4015204678362573,0.026113575625193657,ok
15_Hepatitis,KernelCF_lin_3,5,0.6996260900050402,0.6216298770159483,1.3212720267474651,0.35000000000000003,0.15299922600619195,ok
1_ALOI,DyCF_3,1,144.02959184721112,50.49957628548145,194.52919006161392,0.5729303894996798,0.05484598527002964,ok
36_speech,KernelCF_lin_2,5,10.209735687822104,0.7074901256710291,10.917249996215105,0.3345077614379085,0.06700837779966001,ok
22_magic.gamma,UCF_7,2,0.0002312883734703064,16.385490611195564,16.38573762960732,0.7978884966721458,0.7353158317542792,ok
12_fault,KernelCF_lin_3,5,8.983977682888508,1.4643988385796547,10.448394751176238,0.6020373690912398,0.4648210042296816,ok
26_optdigits,UCG,5,0.00023721717298030853,5.793845320120454,5.794118568301201,0.5960087719298247,0.04254472247952264,ok
15_Hepatitis,KernelCF_lin_4,5,0.6741561908274889,0.7639141641557217,1.438083903864026,0.325,0.1482755183413078,ok
6_cardio,DyCF_2,3,16.16526166908443,6.819410122931004,22.984686790034175,0.8317451881097908,0.35611446204591385,ok
41_Waveform,KernelCF_lin_5,5,25.381126983091235,2.3802126720547676,27.7613537684083,0.5165171153207045,0.0350781828334847,ok
36_speech,KernelCF_lin_3,5,14.55284795537591,1.3051525000482798,15.85801905207336,0.33236315359477125,0.06696457475298029,ok
22_magic.gamma,UCF_8,2,0.00020666047930717468,18.01493010483682,18.015147924423218,0.7957716041065991,0.7344244502287185,ok
12_fault,KernelCF_lin_4,5,7.438112197443843,1.244841631501913,8.682971067726612,0.62042306592864,0.46180801974976016,ok
20_letter,KNN,1,3.8975673727691174,2.6022425070405006,6.499842466786504,0.8638518518518519,0.2551077720341146,ok
41_Waveform,UCF_2,5,0.00034491531550884247,1.9300405494868755,1.9304038062691689,0.7290461947490859,0.3806531836705964,ok
15_Hepatitis,KernelCF_lin_5,5,0.8879456985741854,1.0045548155903816,1.8925163187086582,0.3125,0.14643728304719017,ok
12_fault,KernelCF_lin_5,5,6.301163826137781,1.619983498007059,7.921166256070137,0.6280761934461163,0.45904364452066293,ok
20_letter,CBLOF,1,14.813951624557376,0.023733101785182953,14.837703539058566,0.7897037037037038,0.20233617965301587,ok
22_magic.gamma,UCG,2,0.00017915666103363037,21.120785320177674,21.120986549183726,0.7861104524265043,0.7101571641305493,ok
36_speech,KernelCF_lin_4,5,17.113361332565546,0.8553197421133518,17.96870058402419,0.3319035947712418,0.0669566495118164,ok
15_Hepatitis,UCF_2,5,0.000249447301030159,1.024803003296256,1.0250673331320286,0.3875,0.16087211399711399,ok
41_Waveform,UCF_3,5,0.0002417992800474167,2.9250475205481052,2.9253036975860596,0.743602525756065,0.38269780482205407,ok
6_cardio,DyCF_3,3,28.524125272408128,12.467528956010938,40.99166788905859,0.5495615200637789,0.26039213187864735,ok
12_fault,UCF_2,5,0.00020325928926467896,4.1587792951613665,4.1589930430054665,0.7141056625347574,0.5891282481401472,ok
20_letter,GMM,1,1.5425338800996542,0.00044227950274944305,1.542991565540433,0.7742962962962963,0.21605333190634435,ok
41_Waveform,UCF_4,5,0.00023449771106243134,2.777040658518672,2.777289615944028,0.7421402459288801,0.3658621704153966,ok
15_Hepatitis,UCF_3,5,0.000353008508682251,0.8975580725818872,0.8979298714548349,0.42500000000000004,0.16939484126984128,ok
22_magic.gamma,KNN,3,3.208309728652239,1.623406246304512,4.831743406131864,0.8088671822370724,0.7403187581965769,ok
36_speech,KernelCF_lin_5,5,19.901694633066654,1.5960062555968761,21.49771693907678,0.33200571895424835,0.06695860612745615,ok
12_fault,UCF_3,5,0.00021437928080558777,4.083818567916751,4.084044098854065,0.7413138951690443,0.5963434625022803,ok
20_letter,KDE,1,0.42715935595333576,0.1693768221884966,0.5965726785361767,0.9005925925925926,0.3229805117221764,ok
41_Waveform,UCF_5,5,0.00020984932780265808,3.095920193940401,3.0961415227502584,0.7223994682618811,0.09667497811561825,ok
15_Hepatitis,UCF_4,5,0.000225188210606575,1.5162488482892513,1.5164858475327492,0.42500000000000004,0.16939484126984128,ok
36_speech,UCF_2,5,0.00023381784558296204,3.122896106913686,3.123146425932646,0.40313521241830064,0.032017582240883524,ok
22_magic.gamma,CBLOF,3,15.230460552498698,0.18772475235164165,15.418197376653552,0.7267360081916413,0.6652318272987637,ok
12_fault,UCF_4,5,0.00022840872406959534,3.7193785775452852,3.719618821516633,0.7615056781268679,0.5993831708669779,ok
41_Waveform,UCF_6,5,0.00022028759121894836,4.507981622591615,4.508213218301535,0.7194416749750747,0.18182300436960286,ok
20_letter,HBOS,1,26.324997566640377,0.0009137354791164398,26.325936660170555,0.5583703703703704,0.08013038623442052,ok
15_Hepatitis,UCF_5,5,0.00024129636585712433,1.3563805557787418,1.356633374467492,0.42500000000000004,0.16939484126984128,ok
36_speech,UCF_3,5,0.0004321672022342682,3.5973942764103413,3.597861235961318,0.44429125816993464,0.015738963223204103,ok
22_magic.gamma,GMM,3,1.9039166569709778,0.031600113958120346,1.9355386421084404,0.7366891218237179,0.6607477185650141,ok
12_fault,UCF_5,5,0.0002334490418434143,3.882494505494833,3.8827394135296345,0.767586601179803,0.5966522244127639,ok
6_cardio,DyCF_4,3,,,,,,error
20_letter,ECOD,1,0.5498698614537716,0.01086871512234211,0.5607539173215628,0.5773333333333334,0.08605853616754783,ok
41_Waveform,UCF_7,5,0.00022076815366744995,3.9248809702694416,3.9251134004443884,0.6617480890661349,0.09660079973215131,ok
15_Hepatitis,UCF_6,5,0.00023569725453853607,1.113690735772252,1.1139378529042006,0.425,0.16904761904761906,ok
36_speech,UCF_4,5,0.00027930736541748047,2.877284111455083,2.8775857593864202,0.5032169117647058,0.019683201214012357,ok
12_fault,UCF_6,5,0.000271456316113472,1.4368297811597586,1.4371135104447603,0.7633767313739248,0.5837891896187498,ok
15_Hepatitis,UCF_7,5,0.0003316570073366165,0.947316836565733,0.9476644843816757,0.4125,0.16592261904761904,ok
20_letter,OCSVM,1,0.25216422975063324,0.049650248140096664,0.30182930640876293,0.6000000000000001,0.12437599616784951,ok
41_Waveform,UCF_8,5,0.00026410818099975586,3.9729733895510435,3.9732506833970547,0.6851777999335327,0.1530145949497116,ok
36_speech,UCF_5,5,0.0002653487026691437,5.766764983534813,5.76704909466207,0.45501429738562094,0.01475538821171615,ok
22_magic.gamma,KDE,3,31.90547255985439,14.225423643365502,46.130917992442846,0.7221649915119506,0.6596891646659528,ok
12_fault,UCF_7,5,0.00030567683279514313,2.758612150326371,2.7589390948414803,0.7402744211429018,0.5764399859737294,ok
20_letter,LODA,1,0.04081141948699951,0.025930585339665413,0.06676975637674332,0.5041481481481481,0.0848925633757934,ok
41_Waveform,UCG,5,0.0002358313649892807,5.976221727207303,5.976487664505839,0.45088069125955466,0.027402052157708377,ok
15_Hepatitis,UCF_8,5,0.00024360045790672302,1.4848478808999062,1.4851048290729523,0.4125,0.16592261904761904,ok
36_speech,UCF_6,5,0.0002512577921152115,3.4798529520630836,3.480119438841939,0.5225183823529411,0.017932621217790982,ok
20_letter,IForest,1,0.21251263469457626,0.010712165385484695,0.22323892265558243,0.6122222222222222,0.09635581863677219,ok
12_fault,UCF_8,5,0.00021743960678577423,5.23522898927331,5.235456028953195,0.7235258958966763,0.5549092315685931,ok
22_magic.gamma,HBOS,3,12.504154270514846,0.0018316805362701416,12.506026459857821,0.7077338255503758,0.610364799932734,ok
47_yeast,KNN,1,0.038883501663804054,0.03063093312084675,0.06953808106482029,0.4132205513784461,0.31892378928468357,ok
15_Hepatitis,UCG,5,0.0002515595406293869,1.9323416911065578,1.9326250795274973,0.42500000000000004,0.16939484126984128,ok
36_speech,UCF_7,5,0.0003155190497636795,5.460499880835414,5.460835225880146,0.4171772875816993,0.013768033625342591,ok
12_fault,UCG,5,0.0002414211630821228,5.1422617752105,5.142536539584398,0.6866245679686078,0.5248779722642214,ok
20_letter,PCA,1,0.22365372814238071,0.0006719287484884262,0.22433488443493843,0.5278518518518519,0.09018640456547035,ok
22_magic.gamma,ECOD,3,1.1012385487556458,0.1310393586754799,1.232288395985961,0.6338926463851688,0.5275698229810845,ok
47_yeast,CBLOF,1,8.466789403930306,0.0019214600324630737,8.468725623562932,0.49120569280343707,0.3349781762752813,ok
46_WPBC,KNN,1,0.7772040087729692,0.6454477943480015,1.4226876627653837,0.49068322981366463,0.23856753056656702,ok
24_mnist,KNN,1,10.55633139796555,6.889769168570638,17.446125116199255,0.8619047619047618,0.4619621273622903,ok
36_speech,UCF_8,5,0.0002773962914943695,3.8213635198771954,3.8216584865003824,0.39537377450980393,0.018561958739956953,ok
21_Lymphography,DyCF_5,4,,,,,,error
47_yeast,GMM,1,0.5860022772103548,0.0003126375377178192,0.5863381568342447,0.41854636591478694,0.29790284261395805,ok
20_letter,DyCF_2,1,29.3135324716568,12.288329305127263,41.60187857598066,0.8780740740740741,0.3202639883186607,ok
36_speech,UCG,5,0.00022010691463947296,6.536489212885499,6.53674291819334,0.4920087826797385,0.01564479816392867,ok
46_WPBC,CBLOF,1,6.943582030013204,0.0010654442012310028,6.944658514112234,0.5186335403726708,0.25488226866043784,ok
24_mnist,CBLOF,1,16.787873344495893,0.13029248639941216,16.918180722743273,0.850782920604263,0.4455421322992428,ok
22_magic.gamma,OCSVM,3,38.05905946902931,4.403646215796471,42.462717302143574,0.6723711298536822,0.6231223480759958,ok
47_yeast,KDE,1,0.16492309607565403,0.04212431237101555,0.20707198791205883,0.40870032223415687,0.30804924570281433,ok
42_WBC,KNN,1,0.0024223439395427704,0.0007572527974843979,0.0032031796872615814,0.9635416666666666,0.5138888888888888,ok
46_WPBC,GMM,1,0.7573481611907482,0.0003248080611228943,0.7576942387968302,0.40683229813664595,0.20300138881407082,ok
22_magic.gamma,LODA,3,0.36010467633605003,0.10432096943259239,0.46446446515619755,0.6647103284740373,0.5829921987584529,ok
24_mnist,GMM,1,13.724579496309161,0.09791978634893894,13.82252487540245,0.855908118921156,0.44492760351024174,ok
42_WBC,CBLOF,1,17.940866854041815,0.022777756676077843,17.96365432627499,0.9427083333333334,0.37777777777777777,ok
47_yeast,HBOS,1,9.634197223931551,0.0003219805657863617,9.634543972089887,0.41045694593626925,0.35525740626675906,ok
46_WPBC,KDE,1,0.003956783562898636,0.0014946013689041138,0.005469623953104019,0.4549689440993789,0.22702116510857112,ok
22_magic.gamma,IForest,3,0.8902881648391485,0.12539949268102646,1.0156999677419662,0.7200929643501927,0.6302694446667974,ok
42_WBC,GMM,1,0.4852351974695921,0.0003075283020734787,0.4855635054409504,0.9479166666666666,0.3888888888888889,ok
47_yeast,ECOD,1,1.9036511182785034,0.0033447910100221634,1.9070143159478903,0.4771974579305407,0.365280329578339,ok
20_letter,DyCF_3,1,86.38486520200968,10.794298529624939,97.1791854314506,0.5279259259259259,0.10905018949972028,ok
22_magic.gamma,PCA,3,0.019766055047512054,0.0014905687421560287,0.021276330575346947,0.6619961736412384,0.5842158248891027,ok
47_yeast,OCSVM,1,0.1253113280981779,0.02468876726925373,0.1500217765569687,0.44488453276047263,0.3263795998520611,ok
42_WBC,KDE,1,0.0034066997468471527,0.001260301098227501,0.0046883225440979,0.9427083333333334,0.38888888888888884,ok
46_WPBC,HBOS,1,22.18748540058732,0.00029641762375831604,22.18781623803079,0.5403726708074534,0.2576867121671317,ok
24_mnist,KDE,1,66.16947553493083,12.256282510235906,78.42582170665264,0.8122944977121702,0.4110338493142209,ok
22_magic.gamma,DyCF_2,3,11.801950057968497,6.546376371756196,18.348340772092342,0.7580507127266848,0.6797729148027015,ok
47_yeast,LODA,1,0.026940634474158287,0.0024584047496318817,0.029428139328956604,0.4415503043322592,0.3306866778996753,ok
46_WPBC,ECOD,1,0.509401137009263,0.0021663084626197815,0.5115753840655088,0.515527950310559,0.243971600284147,ok
42_WBC,HBOS,1,15.649984737858176,0.00022597052156925201,15.650246800854802,0.9739583333333334,0.5555555555555556,ok
24_mnist,HBOS,1,6.7473256923258305,0.004924280568957329,6.752285020425916,0.5806718631440988,0.11501810606563226,ok
47_yeast,IForest,1,0.5576299298554659,0.043142279610037804,0.6007872130721807,0.4271168993913355,0.329838287428852,ok
46_WPBC,OCSVM,1,0.002473223954439163,0.0005052573978900909,0.0029905904084444046,0.5124223602484472,0.24905754407025968,ok
22_magic.gamma,DyCF_3,3,11.12590073980391,5.6640653274953365,16.78998644836247,0.7676614750343563,0.6925152252097977,ok
42_WBC,ECOD,1,2.6585831083357334,0.003205249086022377,2.661794839426875,0.9791666666666666,0.5888888888888888,ok
24_mnist,ECOD,1,2.0747148655354977,0.5618680156767368,2.636599851772189,0.7537053643282519,0.1955789440204702,ok
47_yeast,PCA,1,0.0023532435297966003,0.0002920478582382202,0.002659982070326805,0.43313641245972073,0.3133170120473405,ok
46_WPBC,LODA,1,0.013269776478409767,0.0012523438781499863,0.014556847512722015,0.49223602484472045,0.24021314417708203,ok
22_magic.gamma,DyCF_4,3,23.12587922438979,9.182185985147953,32.30808089673519,0.77677912209318,0.7060168952928546,ok
42_WBC,OCSVM,1,0.0025823842734098434,0.0005173981189727783,0.003109171986579895,0.9635416666666666,0.5138888888888888,ok
47_yeast,DyCF_2,1,4.136628607288003,0.8642975892871618,5.000942477956414,0.4278777300393841,0.29984821838185766,ok
24_mnist,OCSVM,1,12.77221087180078,2.340884802863002,15.113111283630133,0.8573681911200018,0.44453169409270693,ok
46_WPBC,IForest,1,1.5290482603013515,0.20590922236442566,1.7349716685712337,0.4891304347826087,0.22761618140872175,ok
42_WBC,LODA,1,0.02296212874352932,0.0011556800454854965,0.024144738912582397,0.9427083333333333,0.3472222222222222,ok
47_yeast,DyCF_3,1,5.788325918838382,3.2253534719347954,9.013698529452085,0.41051288936627284,0.2882232192362463,ok
46_WPBC,PCA,1,0.0032570883631706238,0.0003160014748573303,0.0035872962325811386,0.5062111801242235,0.24722126984146497,ok
24_mnist,LODA,1,18.19436029344797,0.057674605399370193,18.252062050625682,0.42382791841990297,0.08699282415973417,ok
6_cardio,DyCF_5,3,,,,,,ram_kill
22_magic.gamma,DyCF_5,3,48.859414767473936,9.991106156259775,58.85054589249194,0.7873498423647974,0.7228886727324768,ok
42_WBC,IForest,1,0.7080155164003372,0.15168834291398525,0.8597203940153122,0.9791666666666666,0.7222222222222222,ok
24_mnist,IForest,1,0.7598718218505383,0.09336802549660206,0.8532567825168371,0.8367961187372099,0.3361846704960509,ok
47_yeast,DyCF_4,1,12.710618687793612,4.241037949919701,16.95167170651257,0.4603249194414608,0.31308254475346065,ok
46_WPBC,DyCF_2,1,21.97347665205598,10.114371497184038,32.08786532096565,0.36180124223602483,0.1912758542312112,ok
42_WBC,PCA,1,0.0021924450993537903,0.0002342183142900467,0.002438841387629509,0.9739583333333334,0.7916666666666666,ok
24_mnist,PCA,1,,,,,,error
47_yeast,DyCF_5,1,6.163759954273701,3.5183565579354763,9.682129742577672,0.5178347654851414,0.33870600777008875,ok
22_magic.gamma,DyCG,3,35.13431064411998,20.59904732182622,55.733400385826826,0.2777371938239336,0.24935307112643734,ok
42_WBC,DyCF_2,1,1.6350290905684233,1.3268210999667645,2.9618756975978613,0.9635416666666666,0.6666666666666666,ok
47_yeast,DyCG,1,5.497663194313645,6.895356627181172,12.393052550032735,0.5,0.34080717488789236,ok
46_WPBC,DyCF_3,1,85.09124520979822,9.597743444144726,94.6890045311302,0.6195652173913043,0.29955688755405147,ok
42_WBC,DyCF_3,1,10.525797009468079,2.614398641511798,13.140218250453472,0.010416666666666666,0.03039011672407195,ok
47_yeast,KernelCF_rbf,1,11.546807639300823,1.9291807245463133,13.476002832874656,0.4170247046186897,0.3102795978491721,ok
24_mnist,DyCF_2,1,,,,,,error
20_letter,DyCF_4,1,,,,,,ram_kill
6_cardio,DyCG,3,,,,,,ram_kill
42_WBC,DyCF_4,1,4.533483881503344,1.933852393180132,6.467352222651243,0.9791666666666666,0.7222222222222222,ok
47_yeast,KernelCF_lin_2,1,8.18422994762659,0.9972251318395138,9.181470612064004,0.4123478338703903,0.31588955190143975,ok
20_letter,DyCF_5,1,,,,,,error
22_magic.gamma,KernelCF_rbf,3,110.38876154460013,10.989866774529219,121.37865640036762,0.7028324486001455,0.6041663315848795,ok
6_cardio,KernelCF_rbf,3,6.974952545017004,1.9856977686285973,8.960667030885816,0.9363729547093884,0.6393514879875144,ok
34_smtp,KDE,2,1969.8455071672797,1123.609110435471,3093.4546711910516,0.7850857725761363,0.30209331317560834,ok
35_SpamBase,DyCF_3,5,1143.5054447241127,103.48539498634636,1246.9908742327243,0.4843047451743104,0.3869526521440413,ok
47_yeast,KernelCF_lin_3,1,11.826264901086688,0.5974397379904985,12.42373607866466,0.42033655567490147,0.31862428392227454,ok
24_mnist,DyCF_3,1,,,,,,ram_kill
46_WPBC,DyCF_4,1,,,,,,ram_kill
20_letter,DyCG,1,,,,,,error
42_WBC,DyCF_5,1,28.187643291428685,3.3372001070529222,31.52487021870911,0.65625,0.4598290598290598,ok
34_smtp,HBOS,2,5.851648570969701,0.003107519820332527,5.854795690625906,0.6714264022239353,0.0027452633250506413,ok
6_cardio,KernelCF_lin_2,3,12.46017943136394,2.3470387868583202,14.80724573507905,0.9225162294521848,0.6155277655638746,ok
35_SpamBase,DyCF_4,5,,,,,,error
24_mnist,DyCF_4,1,,,,,,error
46_WPBC,DyCF_5,1,,,,,,error
47_yeast,KernelCF_lin_4,1,10.341863686218858,0.7978990506380796,11.139783395454288,0.4242078410311493,0.3185411437410448,ok
34_smtp,ECOD,2,1.8384099826216698,0.2265253234654665,2.064946947619319,0.8093302497255122,0.3567807403320774,ok
6_cardio,KernelCF_lin_3,3,7.55996635183692,0.9410289190709591,8.501017823815346,0.9059640864052239,0.5665456196183186,ok
20_letter,KernelCF_rbf,1,14.608515996485949,2.8010169211775064,17.409550115466118,0.5482962962962963,0.08233870113392892,ok
24_mnist,DyCF_5,1,,,,,,error
35_SpamBase,DyCF_5,5,,,,,,error
42_WBC,DyCG,1,20.092151599004865,12.704796969890594,32.7969834394753,0.5859375,0.05357142857142857,ok
46_WPBC,DyCG,1,,,,,,error
47_yeast,KernelCF_lin_5,1,9.19169045984745,1.0524261966347694,10.24413325637579,0.4268036161833154,0.31908458068650175,ok
20_letter,KernelCF_lin_2,1,2.487322185188532,1.3913694992661476,3.8787111937999725,0.5662962962962963,0.1022789238405076,ok
35_SpamBase,DyCG,5,,,,,,error
24_mnist,DyCG,1,,,,,,error
6_cardio,KernelCF_lin_4,3,10.487031545490026,0.9992116652429104,11.48626215197146,0.8909304885919289,0.5213698399253514,ok
20_letter,KernelCF_lin_3,1,2.212724346667528,0.6674181446433067,2.880156211555004,0.545037037037037,0.10327356509624416,ok
42_WBC,KernelCF_rbf,1,1.2943637911230326,0.8803396597504616,2.174720050767064,0.984375,0.8333333333333333,ok
46_WPBC,KernelCF_rbf,1,1.561406597495079,0.7802899107336998,2.3417133186012506,0.5077639751552795,0.2406373142193515,ok
47_yeast,UCF_2,1,0.00025511905550956726,2.8929578326642513,2.8932272605597973,0.38542785535266744,0.2943222042687262,ok
35_SpamBase,KernelCF_rbf,5,15.336891455575824,4.7462943363934755,20.083202332258224,0.567538741451785,0.42276520902570136,ok
46_WPBC,KernelCF_lin_2,1,0.6254131849855185,0.32975198328495026,0.9551825672388077,0.5217391304347827,0.24262315686119224,ok
42_WBC,KernelCF_lin_2,1,1.6418370380997658,0.27656116522848606,1.9184139464050531,0.953125,0.40277777777777773,ok
24_mnist,KernelCF_rbf,1,34.98826236650348,2.4315942227840424,37.419877018779516,0.8620473201352004,0.37667479152723976,ok
47_yeast,UCF_3,1,0.00022543780505657196,1.789817152544856,1.790054190903902,0.3899704618689581,0.30184023734796916,ok
6_cardio,KernelCF_lin_5,3,10.506135178729892,1.3111022058874369,11.817259376868606,0.8703162370449109,0.4554172199892936,ok
20_letter,KernelCF_lin_4,1,15.445928348228335,0.839044451713562,16.284998018294573,0.5269629629629631,0.10992409330406587,ok
22_magic.gamma,KernelCF_lin_2,3,152.75788800045848,5.981936365365982,158.73984396457672,0.7434388725714747,0.5959124870741026,ok
35_SpamBase,KernelCF_lin_2,5,12.969558222219348,0.6422608084976673,13.611836472526193,0.644653052261748,0.4819402345714212,ok
47_yeast,UCF_4,1,0.00022709928452968597,1.3730691112577915,1.373307939618826,0.39012710347296814,0.29887348021853843,ok
46_WPBC,KernelCF_lin_3,1,0.6325751394033432,0.6701334193348885,1.3027301728725433,0.4906832298136646,0.23310879707881926,ok
42_WBC,KernelCF_lin_3,1,2.030302243307233,0.2847716584801674,2.315095553174615,0.9427083333333333,0.3472222222222222,ok
6_cardio,UCF_2,3,0.00023322924971580505,3.0660519059747458,3.066297635436058,0.8977639421434266,0.5385148791584727,ok
20_letter,KernelCF_lin_5,1,3.3026291746646166,0.8392097670584917,4.141856679692864,0.5132592592592593,0.10790411130755266,ok
24_mnist,KernelCF_lin_2,1,37.32765134423971,1.5904582403600216,38.91813621483743,0.8576234163390126,0.37456816895030975,ok
47_yeast,UCF_5,1,0.0002453811466693878,2.6280553191900253,2.6283145416527987,0.3962361260293591,0.30060921670921487,ok
35_SpamBase,KernelCF_lin_3,5,11.787159828469157,1.2755128983408213,13.062691627070308,0.656829684003597,0.4963332575694201,ok
6_cardio,UCF_3,3,0.00027541816234588623,2.1940313559025526,2.1943225152790546,0.8637105652784631,0.4658528195527223,ok
46_WPBC,KernelCF_lin_4,1,0.5053577069193125,0.4327761083841324,0.9381520040333271,0.4611801242236025,0.2261261218125849,ok
42_WBC,KernelCF_lin_4,1,1.7384691834449768,0.391002656891942,2.1294866520911455,0.9322916666666666,0.30277777777777776,ok
20_letter,UCF_2,1,0.00025918707251548767,2.6603797636926174,2.6606501508504152,0.8255555555555556,0.4032919329482035,ok
47_yeast,UCF_6,1,0.0005791056901216507,2.262957936152816,2.263566119596362,0.41424991049051196,0.3037816153820522,ok
46_WPBC,KernelCF_lin_5,1,0.7713441196829081,0.49872736260294914,1.2700877599418163,0.4503105590062112,0.2227343793378609,ok
20_letter,UCF_3,1,0.00021862797439098358,2.0368752274662256,2.03710712864995,0.8394074074074074,0.3950610833491846,ok
6_cardio,UCF_4,3,0.00032748840749263763,3.962782559916377,3.9631274063140154,0.8178125355909039,0.39431728889144235,ok
42_WBC,KernelCF_lin_5,1,1.8141316641122103,0.5705790147185326,2.3847258258610964,0.9166666666666666,0.26868686868686864,ok
24_mnist,KernelCF_lin_3,1,23.51200732961297,2.5119211934506893,26.023948283866048,0.8650433423007059,0.3928435557064116,ok
35_SpamBase,KernelCF_lin_4,5,9.23372433707118,0.8381148222833872,10.071854641661048,0.6622121839513144,0.5029230345656537,ok
46_WPBC,UCF_2,1,0.00016448833048343658,1.1398058235645294,1.139979563653469,0.4829192546583851,0.2919722473597741,ok
47_yeast,UCF_7,1,0.00023514963686466217,1.4899999368935823,1.4902447238564491,0.40332975295381307,0.3073381751728852,ok
20_letter,UCF_4,1,0.0002054888755083084,3.789380108937621,3.7895969226956367,0.8541481481481481,0.41772099224705717,ok
22_magic.gamma,KernelCF_lin_3,3,94.37401852943003,3.4257362727075815,97.7997767534107,0.7664199294009862,0.6014844957982202,ok
6_cardio,UCF_5,3,0.00022724643349647522,1.4828590005636215,1.4830977097153664,0.777684977791276,0.33799594945177414,ok
21_Lymphography,DyCG,4,,,,,,error
42_WBC,UCF_2,1,0.00021141022443771362,1.0987286157906055,1.0989504363387823,0.984375,0.7555555555555555,ok
47_yeast,UCF_8,1,0.0002401880919933319,2.366910818964243,2.3671627789735794,0.441953097028285,0.3182292681390586,ok
20_letter,UCF_5,1,0.0002750083804130554,1.5102576967328787,1.510547336190939,0.8688888888888889,0.39215825723980524,ok
46_WPBC,UCF_3,1,0.0002590995281934738,0.512360205873847,0.5126300621777773,0.4860248447204969,0.29337390690861975,ok
24_mnist,KernelCF_lin_4,1,7.982777563855052,2.6716981008648872,10.654502123594284,0.8718815387091582,0.4096807546786883,ok
21_Lymphography,KernelCF_rbf,4,0.47121645137667656,0.49162913858890533,0.9628616720438004,1.0,1.0,ok
35_SpamBase,KernelCF_lin_5,5,9.403639122843742,2.0880938954651356,11.491747703403234,0.6653177740134262,0.5068339849127963,ok
6_cardio,UCF_6,3,0.00023757852613925934,2.8529124427586794,2.8531617242842913,0.7605254166508484,0.34726101671583554,ok
42_WBC,UCF_3,1,0.00019647926092147827,1.2724086437374353,1.2726151756942272,0.9791666666666666,0.7,ok
47_yeast,UCG,1,0.00023872032761573792,3.2637239396572113,3.26399002969265,0.4724087003222342,0.32387362707578415,ok
21_Lymphography,KernelCF_lin_2,4,0.8959542401134968,0.4989298954606056,1.3948980532586575,0.9883720930232558,0.8333333333333333,ok
46_WPBC,UCF_4,1,0.00020622648298740387,1.4165333155542612,1.416750494390726,0.49534161490683226,0.2967112380419519,ok
6_cardio,UCF_7,3,0.00023184716701507568,3.5224409718066454,3.522685566917062,0.768156106450021,0.31949702755557036,ok
20_letter,UCF_6,1,0.00028528831899166107,2.9945400804281235,2.9948404878377914,0.8745185185185186,0.38707239997054993,ok
35_SpamBase,UCF_2,5,0.00024975091218948364,2.4810282476246357,2.48129640892148,0.5673923500010456,0.417620900754925,ok
42_WBC,UCF_4,1,0.000255608931183815,1.455826437100768,1.45609400421381,0.9635416666666666,0.625,ok
24_mnist,KernelCF_lin_5,1,33.63723919540644,2.2722092662006617,35.909467516466975,0.8763261364420225,0.4178265082486432,ok
46_WPBC,UCF_5,1,0.0002641472965478897,1.4684251938015223,1.4687014520168304,0.48757763975155277,0.2893806117769274,ok
35_SpamBase,UCF_3,5,0.00024946779012680054,2.3147416841238737,2.315006071701646,0.5721657569483657,0.4208334097030133,ok
47_yeast,KNN,2,0.02515990473330021,0.006239801645278931,0.03141970559954643,0.4170023272466882,0.3336349719505981,ok
21_Lymphography,KernelCF_lin_3,4,0.7117794789373875,0.8064110167324543,1.5182116758078337,0.9418604651162791,0.6428571428571428,ok
20_letter,UCF_7,1,0.000244777649641037,3.221297100186348,3.2215579859912395,0.8911111111111112,0.4157732623780305,ok
42_WBC,UCF_5,1,0.000249326229095459,1.6008908469229937,1.601151943206787,0.9479166666666667,0.3694444444444444,ok
6_cardio,UCF_8,3,0.0005056578665971756,4.384631423279643,4.385156329721212,0.6753729926730193,0.24403249860257165,ok
21_Lymphography,KernelCF_lin_4,4,0.5814962685108185,0.5212121177464724,1.102722454816103,0.8604651162790697,0.5714285714285714,ok
20_letter,UCF_8,1,0.00024638138711452484,2.2702409643679857,2.2705007791519165,0.9075555555555556,0.4347229842834441,ok
42_WBC,UCF_6,1,0.00023457780480384827,1.6141888741403818,1.6144356708973646,0.9479166666666667,0.3694444444444444,ok
24_mnist,UCF_2,1,0.00021326914429664612,4.6025767754763365,4.602802565321326,0.8223632475684625,0.41106789901921625,ok
22_magic.gamma,KernelCF_lin_4,3,90.98160375282168,6.566062692552805,97.54768311604857,0.776208671283447,0.6005530230470622,ok
46_WPBC,UCF_6,1,0.00026664696633815765,1.1494730804115534,1.1497517097741365,0.4487577639751552,0.2741210640895515,ok
35_SpamBase,UCF_4,5,0.00020728819072246552,3.0823305509984493,3.082555713132024,0.5782776000167305,0.42427832613200234,ok
6_cardio,UCG,3,0.0002978481352329254,6.628547599539161,6.628882739692926,0.3565544208648115,0.16443787437769605,ok
47_yeast,CBLOF,2,8.65674415230751,0.001979028806090355,8.65873727016151,0.465203186537773,0.3352913104436647,ok
46_WPBC,UCF_7,1,0.00027281977236270905,1.0634668320417404,1.0637528207153082,0.45962732919254656,0.24631048686629448,ok
42_WBC,UCF_7,1,0.00026747770607471466,1.0227705277502537,1.0230522640049458,0.9427083333333334,0.35555555555555557,ok
21_Lymphography,KernelCF_lin_5,4,0.7905978932976723,0.592612337321043,1.383226314559579,0.8023255813953488,0.5526315789473684,ok
20_letter,UCG,1,0.0002728886902332306,3.902830710634589,3.903133485466242,0.8711851851851852,0.3659503373545742,ok
35_SpamBase,UCF_5,5,0.00023011676967144012,3.7825216334313154,3.782762113958597,0.5733107472237907,0.4228413632372453,ok
24_mnist,UCF_3,1,0.0002935677766799927,6.811554420739412,6.811865329742432,0.8191303947943253,0.42688189134294596,ok
47_yeast,GMM,2,1.0348333548754454,0.00029262714087963104,1.0351434629410505,0.4329126387397064,0.3212377224421795,ok
6_cardio,KNN,4,3.39006045460701,2.7913743685930967,6.181465702131391,0.7456057097300787,0.38107168002627273,ok
46_WPBC,UCF_8,1,0.00025545060634613037,0.6310940515249968,0.631362659856677,0.48447204968944096,0.24978437235297252,ok
42_WBC,UCF_8,1,0.0002460591495037079,1.6340793520212173,1.6343370396643877,0.9583333333333334,0.45833333333333326,ok
35_SpamBase,UCF_6,5,0.00023544766008853912,4.9859479367733,4.9861957263201475,0.585388041909781,0.43120338021808524,ok
21_Lymphography,UCF_2,4,0.00021417438983917236,1.2126631680876017,1.2128894440829754,1.0,1.0,ok
47_yeast,KDE,2,0.09519101493060589,0.04114646837115288,0.1363517940044403,0.40755907626208376,0.3194700676801969,ok
20_letter,KNN,2,2.288952199742198,0.911218011751771,3.2001907397061586,0.8741481481481481,0.2369191568572638,ok
46_WPBC,UCG,1,0.00026005879044532776,0.9203423336148262,0.9206311609596014,0.484472049689441,0.28594955186667825,ok
24_mnist,UCF_4,1,0.00024054758250713348,3.1452580727636814,3.1455128081142902,0.7986158055689683,0.39556168280839765,ok
42_WBC,UCG,1,0.00023870915174484253,1.2912732288241386,1.29154172539711,0.90625,0.2777777777777778,ok
35_SpamBase,UCF_7,5,0.00024664774537086487,3.651742471382022,3.652000581845641,0.5777417027417027,0.42262822751140666,ok
6_cardio,CBLOF,4,4.486984455958009,0.016479726880788803,4.503487251698971,0.8621540564139554,0.5579770150777691,ok
47_yeast,HBOS,2,4.001688189804554,0.0002652294933795929,4.001982677727938,0.38995927318295737,0.3301117646170606,ok
21_Lymphography,UCF_3,4,0.00020709820091724396,0.8601674661040306,0.8603851031512022,0.9767441860465117,0.75,ok
20_letter,CBLOF,2,4.341285010799766,0.0467095747590065,4.388005286455154,0.7474074074074074,0.13616698810844088,ok
24_mnist,UCF_5,1,0.00027571991086006165,5.402315843850374,5.402606567367911,0.7755052769538526,0.36171641450826514,ok
46_WPBC,KNN,2,1.0532592590898275,0.7019100412726402,1.7551978696137667,0.5807453416149069,0.2759023973571466,ok
22_magic.gamma,KernelCF_lin_5,3,51.81979716382921,3.8154088743031025,55.635231766849756,0.779673412195845,0.5981085975153678,ok
42_WBC,KNN,2,0.0019858162850141525,0.0006069056689739227,0.0026084650307893753,0.9895833333333334,0.8666666666666667,ok
21_Lymphography,UCF_4,4,0.0003662947565317154,0.654635202139616,0.6550210397690535,0.9767441860465117,0.75,ok
47_yeast,ECOD,2,0.3403889685869217,0.003465576097369194,0.34386114589869976,0.44640619405657,0.34260790823473275,ok
20_letter,GMM,2,1.318979112431407,0.0004761572927236557,1.3194646779447794,0.7764444444444445,0.17412947354553793,ok
6_cardio,GMM,4,1.1297441255301237,0.0008428953588008881,1.1305966470390558,0.9017501233818003,0.4864823803579321,ok
35_SpamBase,UCF_8,5,0.0003134366124868393,3.4257153999060392,3.4260479994118214,0.5485000104565322,0.41813429425387383,ok
46_WPBC,CBLOF,2,3.4657386168837547,0.0008465833961963654,3.466594247147441,0.5341614906832298,0.2663753850351082,ok
24_mnist,UCF_6,1,0.0002093091607093811,2.897300787270069,2.8975216932594776,0.7423558897243108,0.3275855679173521,ok
47_yeast,OCSVM,2,0.07926400564610958,0.0171419195830822,0.09641456790268421,0.44031954887218044,0.34442129435223373,ok
21_Lymphography,UCF_5,4,0.0004420652985572815,0.6255216766148806,0.625981641933322,0.9767441860465117,0.75,ok
20_letter,KDE,2,0.16791224293410778,0.07722621783614159,0.24515601061284542,0.9178518518518519,0.38849738180054494,ok
22_magic.gamma,UCF_2,3,0.00025067850947380066,6.543655142188072,6.543920069932938,0.8263478483468514,0.7644025734856363,ok
42_WBC,CBLOF,2,3.0141333620995283,0.0016546696424484253,3.0157995615154505,0.9791666666666666,0.7222222222222222,ok
6_cardio,KDE,4,0.26098682172596455,0.15366051346063614,0.41466191597282887,0.7586651987396075,0.2940351205292376,ok
46_WPBC,GMM,2,0.8616705164313316,0.00028836727142333984,0.8619695231318474,0.49534161490683226,0.28795650764328895,ok
35_SpamBase,UCG,5,0.0001881476491689682,4.520666195079684,4.520880103111267,0.5574586444151661,0.4443452926267979,ok
47_yeast,LODA,2,0.016870062798261642,0.0025534220039844513,0.019447384402155876,0.5257787325456499,0.3841593278632352,ok
42_WBC,GMM,2,0.4923468567430973,0.00033806823194026947,0.49269608594477177,0.984375,0.7555555555555555,ok
24_mnist,UCF_7,1,0.00033535994589328766,5.422962032258511,5.423319639638066,0.7321744728794464,0.30810163626883114,ok
21_Lymphography,UCF_6,4,0.00021331757307052612,0.87056789919734,0.8707918412983418,0.9651162790697674,0.7,ok
6_cardio,HBOS,4,5.451186073943973,0.0007374975830316544,5.451997390016913,0.866368019437379,0.5671149126134882,ok
20_letter,HBOS,2,7.190084336325526,0.0009230542927980423,7.1910458113998175,0.6297777777777778,0.08806172518179886,ok
47_yeast,IForest,2,0.24451534263789654,0.010815192013978958,0.2553482409566641,0.41877013963480125,0.3223434199725973,ok
22_magic.gamma,UCF_3,3,0.0003874208778142929,12.639964340254664,12.640372959896922,0.823878769098111,0.7621242055263495,ok
2_annthyroid,KNN,1,0.20822427980601788,0.12951434962451458,0.33777312003076077,0.7911374999999999,0.2589668544523561,ok
46_WPBC,KDE,2,0.004324210807681084,0.0016418211162090302,0.005995301529765129,0.5450310559006211,0.2568355220508569,ok
42_WBC,KDE,2,0.003574589267373085,0.0013140644878149033,0.004908418282866478,0.96875,0.6805555555555556,ok
21_Lymphography,UCF_7,4,0.0002795066684484482,0.791785255074501,0.7920786235481501,0.9651162790697674,0.7,ok
24_mnist,UCF_8,1,0.00027397647500038147,6.619470017030835,6.619761945679784,0.7468901611827735,0.3301391050572832,ok
6_cardio,ECOD,4,1.6780068669468164,0.048137275502085686,1.7261563055217266,0.950115789074067,0.6223943343288854,ok
47_yeast,PCA,2,0.06946882978081703,0.0005973260849714279,0.07009361684322357,0.42058270676691734,0.32106098406971695,ok
20_letter,ECOD,2,1.9565054848790169,0.034575289115309715,1.9910950642079115,0.5433333333333333,0.07049487927644585,ok
22_magic.gamma,UCF_4,3,0.0006478652358055115,13.445981634780765,13.44666258059442,0.825260569642424,0.7630921930958786,ok
42_WBC,HBOS,2,7.806940775364637,0.000339629128575325,7.8073142021894455,1.0,1.0,ok
46_WPBC,HBOS,2,5.414067206904292,0.00034582801163196564,5.41444774530828,0.5931677018633541,0.2799712136214237,ok
2_annthyroid,CBLOF,1,8.61490773409605,0.14377580024302006,8.758705094456673,0.7010875000000001,0.19640269632954122,ok
6_cardio,OCSVM,4,0.1122391801327467,0.023582492023706436,0.1358357686549425,0.9390683724991458,0.5906826034034522,ok
24_mnist,UCG,1,0.00032900646328926086,5.48450986109674,5.48488212749362,0.6006150697845531,0.23226436576793474,ok
21_Lymphography,UCF_8,4,0.0002515297383069992,1.2024216428399086,1.2026845812797546,0.9651162790697674,0.7,ok
20_letter,OCSVM,2,0.07557559013366699,0.01628180593252182,0.09186684712767601,0.5615555555555556,0.08090648218113258,ok
46_WPBC,ECOD,2,0.3110974598675966,0.0018775071948766708,0.31298082135617733,0.4192546583850931,0.2023230337360331,ok
42_WBC,ECOD,2,0.508716931566596,0.0012688450515270233,0.5099915564060211,1.0,1.0,ok
47_yeast,DyCF_2,2,3.2965590488165617,0.5508646201342344,3.8474420960992575,0.476593268886502,0.3523293104244986,ok
6_cardio,LODA,4,0.023534279316663742,0.003029320389032364,0.02658759243786335,0.9069891044379486,0.6022937148755854,ok
2_annthyroid,GMM,1,0.5260984282940626,0.0004301350563764572,0.5265454743057489,0.65375,0.16555835415552234,ok
21_Lymphography,UCG,4,0.00031270086765289307,1.5818166173994541,1.5821658615022898,0.9534883720930233,0.45,ok
22_magic.gamma,UCF_5,3,0.0002270583063364029,7.846963739022613,7.8472030740231276,0.8257282207431759,0.7630491925863524,ok
20_letter,LODA,2,0.04235495626926422,0.002968061715364456,0.045349620282649994,0.5977777777777779,0.10119289578200759,ok
24_mnist,KNN,2,4.596633084118366,3.0882643908262253,7.6849249340593815,0.8382033064312157,0.3919209336650498,ok
46_WPBC,OCSVM,2,0.0022535081952810287,0.00046870671212673187,0.0027326829731464386,0.45962732919254656,0.22575699160057514,ok
42_WBC,OCSVM,2,0.002317117527127266,0.0004695281386375427,0.002795632928609848,0.9947916666666666,0.9166666666666665,ok
6_cardio,IForest,4,0.35114700347185135,0.010210229083895683,0.36137507297098637,0.9438138263543525,0.6475188196439524,ok
2_annthyroid,KDE,1,3.966165266931057,1.43419542722404,5.400375906378031,0.700534375,0.21265806333494983,ok
21_Lymphography,KNN,5,0.6742320973426104,0.7579355034977198,1.4321996681392193,1.0,1.0,ok
47_yeast,DyCF_3,2,4.635717252269387,2.089503303170204,6.725231923162937,0.5165592552810598,0.3445543000960599,ok
20_letter,IForest,2,0.1994127295911312,0.010267399251461029,0.20968974754214287,0.638962962962963,0.08818712720497503,ok
46_WPBC,LODA,2,0.03094947338104248,0.0010744035243988037,0.032055895775556564,0.4720496894409938,0.25375929170154765,ok
42_WBC,LODA,2,0.01160312071442604,0.0012732930481433868,0.012905463576316833,0.9895833333333334,0.8666666666666667,ok
22_magic.gamma,UCF_6,3,0.00023533031344413757,9.352359838783741,9.352608418092132,0.7963036565977742,0.7357438905896696,ok
6_cardio,PCA,4,0.002709111198782921,0.00038861483335494995,0.0031120050698518753,0.9571010971489313,0.6711088235567191,ok
24_mnist,CBLOF,2,10.603575449436903,0.042140375822782516,10.645726036280394,0.8499942516842565,0.4139535848861165,ok
20_letter,PCA,2,0.34915545396506786,0.0006021764129400253,0.34976587258279324,0.4958518518518519,0.06440019541823003,ok
21_Lymphography,CBLOF,5,2.680338015779853,0.0009371861815452576,2.681293761357665,1.0,1.0,ok
2_annthyroid,HBOS,1,3.6554629132151604,0.0006525833159685135,3.6561780478805304,0.6932593749999999,0.26437097013509436,ok
46_WPBC,IForest,2,0.10913126915693283,0.007084228098392487,0.1162250954657793,0.5186335403726707,0.24617772260218027,ok
42_WBC,IForest,2,0.11651240289211273,0.006814258173108101,0.12334017269313335,1.0,1.0,ok
47_yeast,DyCF_4,2,6.292031092569232,2.677749764174223,8.96979745477438,0.395139634801289,0.2872239294827241,ok
24_mnist,GMM,2,12.368536721915007,0.18793708831071854,12.556488847360015,0.846625738658573,0.3960726382130668,ok
21_Lymphography,GMM,5,0.8835349641740322,0.00029395706951618195,0.8838435001671314,1.0,1.0,ok
6_cardio,DyCF_2,4,15.595404922962189,5.453056642785668,21.04848055355251,0.7448844007440872,0.36160300717185234,ok
42_WBC,PCA,2,0.0019480064511299133,0.00024085864424705505,0.0021995380520820618,1.0,1.0,ok
22_magic.gamma,UCF_7,3,0.00025393813848495483,19.562223460525274,19.562490288168192,0.809417288674517,0.7467981502414976,ok
2_annthyroid,ECOD,1,1.777430571615696,0.03205807879567146,1.8094975613057613,0.803715625,0.2984247159961488,ok
46_WPBC,PCA,2,0.0026266854256391525,0.00027946755290031433,0.0029154326766729355,0.453416149068323,0.22394108432676796,ok
20_letter,DyCF_2,2,18.802764059975743,7.044451404362917,25.84722957573831,0.8777777777777778,0.3319598748083775,ok
21_Lymphography,KDE,5,0.0018804799765348434,0.0006380155682563782,0.002534344792366028,1.0,1.0,ok
2_annthyroid,OCSVM,1,1.3966577891260386,0.2370422463864088,1.6337189562618732,0.699746875,0.21354273909761204,ok
42_WBC,DyCF_2,2,1.8141638692468405,2.0463224593549967,3.8605000749230385,0.9739583333333334,0.7916666666666666,ok
47_yeast,DyCF_5,2,9.284674679860473,2.771241459995508,12.05593477934599,0.4605263157894737,0.3123913682793162,ok
22_magic.gamma,UCF_8,3,0.0002893097698688507,13.53425095975399,13.534555397927761,0.7978980625690496,0.7352238687001703,ok
21_Lymphography,HBOS,5,2.706267014145851,0.00017883814871311188,2.7064752839505672,1.0,1.0,ok
34_smtp,OCSVM,2,491.71095320023596,75.65020146034658,567.3611805606633,0.7583105566846544,0.31330251713149776,ok
24_mnist,KDE,2,17.930199587717652,4.075587302446365,22.00581202842295,0.7991860384907221,0.36113049574330525,ok
2_annthyroid,LODA,1,0.0977598074823618,0.007570425048470497,0.10535689257085323,0.5364031250000001,0.1132678381106631,ok
46_WPBC,DyCF_2,2,12.48805539496243,9.020748231559992,21.50882132910192,0.6164596273291925,0.347015162354433,ok
42_WBC,DyCF_3,2,8.412171680480242,1.5955847911536694,10.007771549746394,0.9895833333333334,0.8055555555555556,ok
1_ALOI,DyCF_4,1,1723.4567772522569,204.41159912012517,1927.8684065360576,0.6036165633941912,0.0638133573842623,ok
47_yeast,DyCG,2,12.286571243777871,4.963287433609366,17.24991437420249,0.5017006802721089,0.3415730337078652,ok
6_cardio,DyCF_3,4,23.68517497740686,6.624377429485321,30.309566974639893,0.5929539501157891,0.3754169738128413,ok
21_Lymphography,ECOD,5,1.0131243057549,0.0012481417506933212,1.0143774189054966,1.0,1.0,ok
34_smtp,LODA,2,0.6103020627051592,0.19511920399963856,0.805451886728406,0.7372840111819717,0.25102170592653467,ok
2_annthyroid,IForest,1,0.16431685350835323,0.015776753425598145,0.18011219799518585,0.82124375,0.3173478023635707,ok
24_mnist,HBOS,2,4.648109016939998,0.0053222570568323135,4.65346147492528,0.5919937458324711,0.11289985587678732,ok
22_magic.gamma,UCG,3,0.00018924102187156677,19.062836641445756,19.063049061223865,0.7833992616744363,0.7027349573721673,ok
42_WBC,DyCF_4,2,8.312721256166697,2.3832231294363737,10.695961372926831,0.671875,0.6818181818181818,ok
47_yeast,KernelCF_rbf,2,8.090776013210416,1.6041556801646948,9.6949497256428,0.4130862871464375,0.3242756124009085,ok
2_annthyroid,PCA,1,0.004155874252319336,0.0004795268177986145,0.004655241966247559,0.693934375,0.20712070753064388,ok
24_mnist,ECOD,2,0.3173136804252863,0.12904494814574718,0.44637036323547363,0.7400657607321056,0.1699314129117912,ok
20_letter,DyCF_3,2,47.11506569199264,14.08593013510108,61.20101999677718,0.6106666666666665,0.22030337196270022,ok
21_Lymphography,OCSVM,5,0.00185500830411911,0.0003485381603240967,0.002212716266512871,1.0,1.0,ok
1_ALOI,DyCF_5,1,,,,,,ram_kill
34_smtp,IForest,2,1.1820388901978731,0.13017052970826626,1.312224481254816,0.8369075151260308,0.0034032571815875274,ok
22_magic.gamma,KNN,4,1.5438635740429163,1.7846446745097637,3.328524747863412,0.8096134569265176,0.7378544167187476,ok
42_WBC,DyCF_5,2,8.493459809571505,1.4653950463980436,9.95886697433889,0.9375,0.626984126984127,ok
24_mnist,OCSVM,2,2.8203595522791147,0.6501888502389193,3.4705674424767494,0.853271941321193,0.4035505423369193,ok
47_yeast,KernelCF_lin_2,2,6.162935411557555,1.2642551250755787,7.427205804735422,0.42411833154314355,0.33006960461617085,ok
2_annthyroid,DyCF_2,1,3.838617257773876,1.4902003966271877,5.328842621296644,0.729596875,0.21499142108257935,ok
21_Lymphography,LODA,5,0.011090680956840515,0.001012362539768219,0.012136256322264671,0.8837209302325582,0.26666666666666666,ok
34_smtp,PCA,2,0.04721204936504364,0.003540327772498131,0.05077272653579712,0.7530505135452924,0.3946929901422943,ok
46_WPBC,DyCF_3,2,49.47352647036314,6.876242445781827,56.34979044832289,0.5652173913043478,0.27778678907668836,ok
22_magic.gamma,CBLOF,4,10.372322786599398,0.1239977516233921,10.496332474052906,0.7246484869715178,0.6611749778535243,ok
1_ALOI,DyCG,1,,,,,,ram_kill
24_mnist,LODA,2,14.388962764292955,0.048783550038933754,14.437779143452644,0.5682118139385159,0.13096867660163383,ok
42_WBC,DyCG,2,8.521099664270878,4.1462318152189255,12.667368760332465,0.6484375,0.0625,ok
2_annthyroid,DyCF_3,1,1.9400501251220703,3.4459684509783983,5.386034976691008,0.7607750000000001,0.23471405175859764,ok
47_yeast,KernelCF_lin_3,2,7.1856265515089035,0.8282096572220325,8.01385561004281,0.4405209452201933,0.33097155664037775,ok
21_Lymphography,IForest,5,0.24840832501649857,0.021594947203993797,0.2700192239135504,1.0,1.0,ok
22_magic.gamma,GMM,4,2.455129163339734,0.13502341881394386,2.590170383453369,0.7398648648648648,0.6584603713686539,ok
24_mnist,IForest,2,0.22693011909723282,0.021269699558615685,0.24821819923818111,0.8453565105424111,0.31811179817033747,ok
6_cardio,DyCF_4,4,,,,,,error
2_annthyroid,DyCF_4,1,8.586046295240521,3.346962807700038,11.933021623641253,0.8001968749999999,0.26282519663833287,ok
34_smtp,DyCF_2,2,18.186525704339147,11.440245667472482,29.62678653560579,0.715034924194641,0.33774237266002705,ok
42_WBC,KernelCF_rbf,2,1.3465315662324429,1.1194378789514303,2.4659854732453823,1.0,1.0,ok
21_Lymphography,PCA,5,0.003152899444103241,0.00028248876333236694,0.0034512989223003387,1.0,1.0,ok
47_yeast,KernelCF_lin_4,2,5.068871991708875,0.6581901516765356,5.72708442248404,0.4476369495166488,0.3303891402300171,ok
24_mnist,PCA,2,,,,,,error
2_annthyroid,DyCF_5,1,5.729276744648814,4.97952114418149,10.708814140409231,0.831303125,0.29501390796099486,ok
42_WBC,KernelCF_lin_2,2,1.3865858037024736,0.30035605281591415,1.6869649961590767,0.984375,0.8333333333333333,ok
21_Lymphography,DyCF_2,5,,,,,,error
22_magic.gamma,KDE,4,37.58785120770335,10.208750599995255,47.796621760353446,0.72280994853278,0.6575731867995934,ok
34_smtp,DyCF_3,2,18.416408887133002,9.533958038315177,27.950387010350823,0.7577499007171724,0.28628274645430024,ok
47_yeast,KernelCF_lin_5,2,11.210750848054886,1.2695351280272007,12.480302531272173,0.45343268886501975,0.32956980115160184,ok
42_WBC,KernelCF_lin_3,2,1.5544322039932013,0.7930745482444763,2.347526431083679,0.9791666666666666,0.8095238095238095,ok
2_annthyroid,DyCG,1,8.693755764514208,8.95267590880394,17.646465802565217,0.305165625,0.05030081352543874,ok
21_Lymphography,DyCF_3,5,,,,,,error
46_WPBC,DyCF_4,2,,,,,,ram_kill
42_WBC,KernelCF_lin_4,2,2.2944830916821957,0.6266923323273659,2.921194275841117,0.9635416666666666,0.6666666666666666,ok
47_yeast,UCF_2,2,0.0003310889005661011,2.6681260857731104,2.6684700213372707,0.40708915145005364,0.3173294050875046,ok
22_magic.gamma,HBOS,4,25.20752507634461,0.00204518623650074,25.209601813927293,0.7049147153135189,0.6116979327531721,ok
34_smtp,DyCF_4,2,26.084956631064415,8.105959394946694,34.190938003361225,0.8167900888483971,0.27371418525239544,ok
46_WPBC,DyCF_5,2,,,,,,error
47_yeast,UCF_3,2,0.0002190675586462021,3.752332264557481,3.7525629829615355,0.4084541711421411,0.31998549140720267,ok
24_mnist,DyCF_2,2,,,,,,error
22_magic.gamma,ECOD,4,1.735133295878768,0.09611056745052338,1.8312559314072132,0.6389691735604,0.5276631523243699,ok
42_WBC,KernelCF_lin_5,2,0.93451845087111,0.18636362813413143,1.1208999585360289,0.9479166666666666,0.5909090909090908,ok
2_annthyroid,KernelCF_rbf,1,45.57882525958121,2.709263937547803,48.28811054863036,0.60665625,0.1312436692030576,ok
21_Lymphography,DyCF_4,5,,,,,,error
47_yeast,UCF_4,2,0.00025795958936214447,3.6353630907833576,3.6356323156505823,0.41033387039026137,0.3260608376928349,ok
46_WPBC,DyCG,2,,,,,,error
3_backdoor,OCSVM,1,4603.1371153742075,410.8842322807759,5014.021375024691,0.8821986350187929,0.5296451926351539,ok
34_smtp,DyCF_5,2,17.3285303581506,9.232016880065203,26.56056720018387,0.8155363998099999,0.2651812983630041,ok
42_WBC,UCF_2,2,0.0002760794013738632,0.8922764360904694,0.8925685063004494,0.96875,0.6333333333333333,ok
22_magic.gamma,OCSVM,4,17.543454045429826,4.179956955835223,21.723431719467044,0.6773036296515857,0.6236394722201896,ok
24_mnist,DyCF_3,2,,,,,,ram_kill
2_annthyroid,KernelCF_lin_2,1,34.59240853600204,2.001992406323552,36.59442191198468,0.470540625,0.101401447511346,ok
22_magic.gamma,LODA,4,0.1034385897219181,0.033564433455467224,0.13706420175731182,0.629760044191749,0.5426452073860307,ok
42_WBC,UCF_3,2,0.00024298764765262604,1.285121601074934,1.2853775415569544,0.96875,0.6333333333333333,ok
46_WPBC,KernelCF_rbf,2,1.5234159883111715,1.3695479780435562,2.8929813764989376,0.48291925465838503,0.23515632207319762,ok
47_yeast,UCF_5,2,0.000489966943860054,1.950481852516532,1.9509823583066463,0.41201217329036877,0.3221955838438755,ok
24_mnist,DyCF_4,2,,,,,,error
34_smtp,DyCG,2,22.546680737286806,7.773594839498401,30.320314053446054,0.6118313982915566,0.0005225558038631718,ok
3_backdoor,LODA,1,19.09380899183452,20.320940885692835,39.414823645725846,0.7563879530922311,0.2446975055198538,ok
46_WPBC,KernelCF_lin_2,2,1.298579540103674,1.0379443019628525,2.3365418929606676,0.5543478260869565,0.24927692984415675,ok
47_yeast,UCF_6,2,0.0002603549510240555,1.303259814158082,1.3035334832966328,0.43698532044396704,0.33115543041070583,ok
22_magic.gamma,IForest,4,1.3777810968458652,0.4219953138381243,1.7997989505529404,0.72121001859287,0.6358982083577838,ok
42_WBC,UCF_4,2,0.0002691596746444702,1.5036155804991722,1.5038967356085777,0.9583333333333334,0.44285714285714284,ok
20_letter,DyCF_4,2,,,,,,ram_kill
24_mnist,DyCF_5,2,,,,,,error
2_annthyroid,KernelCF_lin_3,1,38.83573451079428,4.824213774874806,43.659974098205566,0.43148125000000004,0.0957265462952504,ok
6_cardio,DyCF_5,4,,,,,,ram_kill
46_WPBC,KernelCF_lin_3,2,0.7514680679887533,0.5442220773547888,1.2957087755203247,0.5372670807453417,0.24135864214422678,ok
47_yeast,UCF_7,2,0.00028227828443050385,1.9819914791733027,1.9822866600006819,0.4155925528105979,0.3213989743603348,ok
22_magic.gamma,PCA,4,0.022969838231801987,0.0018411483615636826,0.024838536977767944,0.668275443938455,0.5884123018534813,ok
42_WBC,UCF_5,2,0.0003460962325334549,1.4002194367349148,1.4005819763988256,0.9635416666666666,0.5138888888888888,ok
3_backdoor,IForest,1,16.39797729253769,0.24853621423244476,16.646543936803937,0.7136722711913076,0.04093144304735685,ok
24_mnist,DyCG,2,,,,,,error
20_letter,DyCF_5,2,,,,,,error
46_WPBC,KernelCF_lin_4,2,0.8386621810495853,0.6746498327702284,1.5133299883455038,0.5170807453416149,0.2366303810576006,ok
47_yeast,UCF_8,2,0.00027094781398773193,1.4022432751953602,1.4025286696851254,0.4174274973147154,0.3207127725226536,ok
42_WBC,UCF_6,2,0.00021342001855373383,1.6448686067014933,1.6450945939868689,0.9635416666666666,0.625,ok
22_magic.gamma,DyCF_2,4,15.141385819762945,5.231720304116607,20.37312112376094,0.7610042844439653,0.6745582635611562,ok
46_WPBC,KernelCF_lin_5,2,0.3863899018615484,0.3118270691484213,0.6982413120567799,0.4580745341614907,0.21765731798048393,ok
2_annthyroid,KernelCF_lin_4,1,41.85775616951287,2.582115640863776,44.439891429618,0.41699374999999994,0.09603176673475605,ok
20_letter,DyCG,2,,,,,,error
47_yeast,UCG,2,0.0002340078353881836,5.951606737449765,5.951870910823345,0.4461824203365557,0.3115179651506184,ok
42_WBC,UCF_7,2,0.00022839754819869995,0.6781026031821966,0.6783424913883209,0.9635416666666666,0.625,ok
46_WPBC,UCF_2,2,0.00022980757057666779,0.5349400509148836,0.5351841021329165,0.6490683229813665,0.34055550048607286,ok
24_mnist,KernelCF_rbf,2,51.99888979271054,7.8777642250061035,59.87667731381953,0.8644857556735877,0.3460019070912637,ok
22_magic.gamma,DyCF_3,4,19.583615340292454,5.968380516394973,25.552019495517015,0.7714672199617364,0.6880087714687302,ok
46_WPBC,UCF_3,2,0.00046918727457523346,0.938655499368906,0.9391509238630533,0.6599378881987578,0.3580408933942058,ok
47_yeast,KNN,3,0.03767668828368187,0.028014712035655975,0.06571648083627224,0.4516201217329038,0.3328917100744246,ok
3_backdoor,PCA,1,,,,,,error
42_WBC,UCF_8,2,0.00020051933825016022,1.395745800808072,1.3959571719169617,0.9635416666666666,0.625,ok
20_letter,KernelCF_rbf,2,6.030943209305406,3.6026102267205715,9.633568923920393,0.5014814814814814,0.06308036173431296,ok
2_annthyroid,KernelCF_lin_5,1,31.00528915785253,2.7955767828971148,33.80088167078793,0.411428125,0.09857332038527891,ok
46_WPBC,UCF_4,2,0.000227268785238266,1.739906519651413,1.7401486244052649,0.6568322981366459,0.3467487197901944,ok
24_mnist,KernelCF_lin_2,2,26.57883435115218,1.6275729946792126,28.20642470754683,0.8620473201352004,0.3472929232405554,ok
47_yeast,CBLOF,3,6.861241215839982,0.025640076026320457,6.886897491291165,0.5028195488721805,0.34216875626121157,ok
42_WBC,UCG,2,0.00021176785230636597,2.447375923395157,2.4476120304316282,0.6510416666666666,0.34825870646766166,ok
2_annthyroid,UCF_2,1,0.0003244001418352127,2.1259043347090483,2.126248551532626,0.6059343749999999,0.12423712092361888,ok
22_magic.gamma,DyCF_4,4,17.67462603189051,5.352538645267487,23.02718042396009,0.7812776535259087,0.7030931771477861,ok
20_letter,KernelCF_lin_2,2,11.735549772158265,1.1270049884915352,12.862568899989128,0.5151111111111111,0.06387797405752801,ok
46_WPBC,UCF_5,2,0.0002245493233203888,1.3743649162352085,1.374602047726512,0.6459627329192547,0.3441091589059082,ok
47_yeast,GMM,3,1.0338040199130774,0.0003474093973636627,1.034169815480709,0.4652926960257787,0.3193369995218001,ok
2_annthyroid,UCF_3,1,0.00020096823573112488,3.348379472270608,3.3485923185944557,0.634278125,0.13726160516095803,ok
42_WBC,KNN,3,0.002681456506252289,0.0007443949580192566,0.0034475289285182953,0.96875,0.6805555555555556,ok
20_letter,KernelCF_lin_3,2,12.471728224307299,1.5467079244554043,14.018452446907759,0.4787407407407407,0.059941354429946546,ok
24_mnist,KernelCF_lin_3,2,42.65493548847735,2.1975239235907793,44.85249833203852,0.8689659929640615,0.3618824065787644,ok
46_WPBC,UCF_6,2,0.0002142488956451416,1.5656761564314365,1.5659040752798319,0.5139751552795031,0.2656667792708306,ok
22_magic.gamma,DyCF_5,4,40.38720939308405,10.878024283796549,51.26524902135134,0.7915755436393522,0.7221517945505624,ok
47_yeast,KDE,3,0.288279851898551,0.1369662843644619,0.4252784941345453,0.43635875402792695,0.31682883919208,ok
2_annthyroid,UCF_4,1,0.04690146446228027,3.006340144202113,3.053290218114853,0.656915625,0.15401987981764292,ok
34_smtp,KernelCF_rbf,2,,,,,,ram_kill
20_letter,KernelCF_lin_4,2,9.10404253192246,0.5540591236203909,9.65812436491251,0.4398518518518518,0.054805515995022244,ok
42_WBC,CBLOF,3,12.494962718337774,0.0010280739516019821,12.49600626155734,0.9635416666666666,0.625,ok
46_WPBC,UCF_7,2,0.00023537874221801758,1.5831533502787352,1.583400247618556,0.6304347826086957,0.31218063575054256,ok
24_mnist,KernelCF_lin_4,2,32.85276065208018,1.2648413628339767,34.1176302395761,0.8750776022625372,0.37608161542494994,ok
2_annthyroid,UCF_5,1,0.0003397781401872635,5.063323810696602,5.063680598512292,0.6722593749999999,0.16946798005749955,ok
47_yeast,HBOS,3,14.836346486583352,0.00026597827672958374,14.836637975648046,0.43699650912996785,0.36047037387217995,ok
20_letter,KernelCF_lin_5,2,7.620703956112266,0.5866010878235102,8.207335716113448,0.41488888888888886,0.05207501771458707,ok
42_WBC,GMM,3,0.4577788319438696,0.00037197768688201904,0.4581640586256981,0.953125,0.42499999999999993,ok
22_magic.gamma,DyCG,4,32.448524629697204,17.268525332212448,49.71708697080612,0.2801630244401929,0.25258788261629694,ok
46_WPBC,UCF_8,2,0.00027848780155181885,0.9063074290752411,0.9065982289612293,0.5295031055900621,0.2588716919534402,ok
47_yeast,ECOD,3,2.338634019717574,0.003069661557674408,2.341713262721896,0.49530075187969924,0.36799205857334716,ok
2_annthyroid,UCF_6,1,0.00026691704988479614,2.922975642606616,2.923256654292345,0.672265625,0.17582506845299528,ok
42_WBC,KDE,3,0.0030887220054864883,0.0011077150702476501,0.004217106848955154,0.9635416666666666,0.47619047619047616,ok
20_letter,UCF_2,2,0.00021355785429477692,1.8107943013310432,1.8110200520604849,0.804,0.2226806494819317,ok
46_WPBC,UCG,2,0.000248834490776062,3.087277291342616,3.087558140978217,0.5807453416149069,0.3139041969875145,ok
24_mnist,KernelCF_lin_5,2,47.565225560218096,3.308870015665889,50.87412119656801,0.8790071509047849,0.3859706179839528,ok
47_yeast,OCSVM,3,0.2754443045705557,0.03389337845146656,0.3093559108674526,0.4825680272108843,0.33587406142479753,ok
6_cardio,DyCG,4,,,,,,ram_kill
2_annthyroid,UCF_7,1,0.0008288156241178513,5.630787117406726,5.631632583215833,0.6691312499999998,0.1928266291413533,ok
20_letter,UCF_3,2,0.0004473049193620682,4.7267657071352005,4.727225456386805,0.8120740740740742,0.22017544970440095,ok
34_smtp,KernelCF_lin_2,2,,,,,,ram_kill
42_WBC,HBOS,3,3.8409815430641174,0.00029226019978523254,3.841298021376133,0.984375,0.6388888888888888,ok
46_WPBC,KNN,3,1.0918463449925184,1.0296797081828117,2.121557118371129,0.5248447204968945,0.2577087241537369,ok
24_mnist,UCF_2,2,0.0003260485827922821,5.088739607483149,5.089087223634124,0.8128900232231957,0.36150603186466973,ok
47_yeast,LODA,3,0.029011696577072144,0.002813134342432022,0.031854068860411644,0.4589598997493735,0.34141237882456577,ok
20_letter,UCF_4,2,0.0002217572182416916,1.3643878437578678,1.364621501415968,0.8414074074074074,0.27416211007129165,ok
6_cardio,KernelCF_rbf,4,10.04008637368679,2.149330046027899,12.189433988183737,0.9476861167002012,0.6624614649352916,ok
42_WBC,ECOD,3,0.3850367646664381,0.01494506187736988,0.39999429509043694,0.984375,0.7555555555555555,ok
47_yeast,IForest,3,0.14672982320189476,0.01192435622215271,0.15867392718791962,0.46124239169351944,0.3323188391461985,ok
2_annthyroid,UCF_8,1,0.00025084055960178375,5.503834104165435,5.504096604883671,0.674359375,0.18511186704874824,ok
24_mnist,UCF_3,2,0.00025201961398124695,6.3692606799304485,6.369526030495763,0.805520682440045,0.378343377520647,ok
42_WBC,OCSVM,3,0.0025304071605205536,0.0004893168807029724,0.003032110631465912,0.96875,0.6805555555555556,ok
46_WPBC,CBLOF,3,6.916364232078195,0.0006897877901792526,6.917066127061844,0.579192546583851,0.2750632074528415,ok
20_letter,UCF_5,2,0.00020717643201351166,2.611837176606059,2.6120543852448463,0.8290370370370371,0.28535554577620736,ok
22_magic.gamma,KernelCF_rbf,4,116.66102835722268,8.959700277075171,125.6207555346191,0.7081575543639352,0.6024531956546466,ok
6_cardio,KernelCF_lin_2,4,9.819629680365324,1.113535413518548,10.933198634535074,0.9353859003075053,0.5616089749133995,ok
47_yeast,PCA,3,0.00295393168926239,0.00030512735247612,0.003278922289609909,0.4476369495166488,0.31769396451856047,ok
2_annthyroid,UCG,1,0.0005844049155712128,5.015482632443309,5.016114369034767,0.707540625,0.2901453866743971,ok
42_WBC,LODA,3,0.012534178793430328,0.0011203326284885406,0.013676892966032028,0.953125,0.75,ok
46_WPBC,GMM,3,0.4870441537350416,0.0003114081919193268,0.4873665440827608,0.5341614906832298,0.25612145112440726,ok
20_letter,UCF_6,2,0.0002397671341896057,4.2723237704485655,4.272578004747629,0.7530370370370371,0.21346103271234346,ok
24_mnist,UCF_4,2,0.00023297779262065887,6.536049321293831,6.536297131329775,0.7822239083948404,0.3552711382712971,ok
2_annthyroid,KNN,2,0.16467034257948399,0.09259672649204731,0.2572974395006895,0.7680406249999999,0.18849167508291806,ok
46_WPBC,KDE,3,0.02723720297217369,0.001662079244852066,0.0289164986461401,0.5077639751552795,0.2502910939628091,ok
42_WBC,IForest,3,0.1373675223439932,0.007934505119919777,0.14531204290688038,0.984375,0.8333333333333333,ok
47_yeast,DyCF_2,3,6.750355824828148,2.3355592973530293,9.085931483656168,0.4303392409595417,0.31368138908758814,ok
20_letter,UCF_7,2,0.0002459809184074402,2.052423244342208,2.052684711292386,0.8389629629629629,0.37428806002767195,ok
6_cardio,KernelCF_lin_3,4,12.806357484310865,0.6986787188798189,13.505052154883742,0.9186439391063361,0.4919118737972258,ok
24_mnist,UCF_5,2,0.00029989704489707947,6.039012307301164,6.039329929277301,0.7605872479363545,0.33433699368582465,ok
47_yeast,DyCF_3,3,7.241652188822627,2.917426334694028,10.159107014536858,0.4469208736126029,0.30403486647561495,ok
42_WBC,PCA,3,0.0019185170531272888,0.00023145973682403564,0.0021633151918649673,0.9739583333333334,0.7916666666666666,ok
6_cardio,KernelCF_lin_4,4,1.2509095147252083,0.9496563263237476,2.2005822006613016,0.8931703428115866,0.42694088597536695,ok
46_WPBC,HBOS,3,15.255090394988656,0.0002770405262708664,15.25539099611342,0.5590062111801243,0.2603470455265418,ok
2_annthyroid,CBLOF,2,22.176535472273827,0.08829274773597717,22.264849349856377,0.632978125,0.1412302008041425,ok
20_letter,UCF_8,2,0.00021908804774284363,3.535442251712084,3.535671439021826,0.8308148148148148,0.386201876745283,ok
24_mnist,UCF_6,2,0.00023095868527889252,8.481316177174449,8.481559935957193,0.7221448115702099,0.2783055586364955,ok
42_WBC,DyCF_2,3,2.4093532860279083,0.9929667171090841,3.4023328814655542,0.9479166666666666,0.4027777777777778,ok
2_annthyroid,GMM,2,1.2267005890607834,0.00047114863991737366,1.2271967958658934,0.6051593749999999,0.13081545692003096,ok
6_cardio,KernelCF_lin_5,4,9.572918727993965,1.152582611888647,10.725519459694624,0.8532326031661668,0.35245436480637654,ok
47_yeast,DyCF_4,3,9.119452640414238,5.938440654426813,15.057908859103918,0.46224937343358397,0.3182784984036864,ok
22_magic.gamma,KernelCF_lin_2,4,132.33484014309943,7.646357385441661,139.9812157973647,0.742449677993048,0.5830920988764146,ok
46_WPBC,ECOD,3,2.189841900020838,0.0021805688738822937,2.192031377926469,0.49534161490683226,0.23151283813362275,ok
20_letter,UCG,2,0.00024292990565299988,6.1611231211572886,6.161396149545908,0.903888888888889,0.4166756055000361,ok
24_mnist,UCF_7,2,0.0002353191375732422,8.3496670499444,8.349918399006128,0.7057966015957324,0.2910253194855074,ok
2_annthyroid,KDE,2,3.1215290762484074,0.9987909309566021,4.120342308655381,0.6474031250000001,0.15452831663565572,ok
42_WBC,DyCF_3,3,9.291636185720563,2.1860888823866844,11.477739805355668,0.640625,0.2927031509121061,ok
6_cardio,UCF_2,4,0.00019918940961360931,4.01631897687912,4.0165296252816916,0.8900193614517292,0.4820341302432088,ok
20_letter,KNN,3,3.3485568780452013,1.7845265194773674,5.133110264316201,0.8612592592592593,0.2958999971896834,ok
46_WPBC,OCSVM,3,0.0023933686316013336,0.0005171485245227814,0.0029186829924583435,0.5403726708074534,0.26427192724833043,ok
47_yeast,DyCF_5,3,9.38452354259789,4.304136015474796,13.688674507662654,0.4472789115646259,0.3147000854809828,ok
24_mnist,UCF_8,2,0.0002109389752149582,6.11151778884232,6.1117400992661715,0.7200662205973649,0.2895261846326012,ok
2_annthyroid,HBOS,2,4.161178886890411,0.000633876770734787,4.161845711991191,0.60741875,0.20459968822931995,ok
6_cardio,UCF_3,4,0.00020030885934829712,2.233900424093008,2.234111877158284,0.8591549295774649,0.40139272880020543,ok
46_WPBC,LODA,3,0.17481764405965805,0.0012336205691099167,0.17607542872428894,0.5031055900621118,0.265218610583698,ok
42_WBC,DyCF_4,3,7.8622316755354404,2.0505808126181364,9.91282569617033,0.6666666666666666,0.5707070707070707,ok
2_annthyroid,ECOD,2,2.8132897689938545,0.042174436151981354,2.8554791547358036,0.7666406250000001,0.25434025030860263,ok
20_letter,CBLOF,3,26.226225070655346,0.06935330480337143,26.295590557157993,0.7738518518518518,0.18485614600887162,ok
47_yeast,DyCG,3,8.899066980928183,6.271920079365373,15.171020889654756,0.4960503938417472,0.33959326794120215,ok
24_mnist,UCG,2,0.0002750381827354431,8.446213148534298,8.446531044319272,0.6142075371916029,0.2251147479374966,ok
6_cardio,UCF_4,4,0.0004361867904663086,3.765577705577016,3.7660364732146263,0.8199764625488782,0.3342909360670262,ok
46_WPBC,IForest,3,1.0318288635462523,0.10104528814554214,1.1328839417546988,0.4984472049689441,0.23660523898819152,ok
20_letter,GMM,3,1.404280997812748,0.0005988683551549911,1.404900424182415,0.8099259259259259,0.26605530120518345,ok
2_annthyroid,OCSVM,2,3.403558263555169,0.2772869560867548,3.6808638274669647,0.6443812499999999,0.1652679807268977,ok
42_WBC,DyCF_5,3,19.08588981255889,2.9847634322941303,22.07066633552313,0.9895833333333334,0.8666666666666667,ok
47_yeast,KernelCF_rbf,3,9.210018103942275,1.274640079587698,10.48467487283051,0.443452380952381,0.3140015236662713,ok
22_magic.gamma,KernelCF_lin_3,4,115.04073531553149,3.6587525494396687,118.69950633309782,0.761975425076123,0.5842983767956723,ok
46_WPBC,PCA,3,0.003103461116552353,0.00026833824813365936,0.0033820699900388718,0.5139751552795031,0.2664898855002412,ok
20_letter,KDE,3,0.34521341882646084,0.3758924752473831,0.721121046692133,0.8978518518518519,0.36847737244487344,ok
6_cardio,UCF_5,4,0.00025831907987594604,3.2821409478783607,3.2824149560183287,0.7790516685015755,0.27832557928297147,ok
24_mnist,KNN,3,11.351847087964416,5.991222778335214,17.343098387122154,0.8446598146743005,0.3769258243107728,ok
21_Lymphography,DyCF_5,5,,,,,,error
2_annthyroid,LODA,2,0.08889027498662472,0.008792487904429436,0.09772241301834583,0.5583687500000001,0.10921477620705239,ok
47_yeast,KernelCF_lin_2,3,10.887983920052648,0.7631443999707699,11.651147335767746,0.43788041532402433,0.3149752011869361,ok
6_cardio,UCF_6,4,0.00015919841825962067,2.6425328720360994,2.6427013501524925,0.7749136327398353,0.24940622933582793,ok
42_WBC,DyCG,3,18.207579923793674,7.9604843240231276,26.168098663911223,0.39062499999999994,0.0391677973767526,ok
20_letter,HBOS,3,12.484891487285495,0.0007914155721664429,12.485709240660071,0.5043703703703704,0.06501093866931884,ok
46_WPBC,DyCF_2,3,18.6687398198992,7.6212979927659035,26.29005240276456,0.4813664596273292,0.23252449400218586,ok
2_annthyroid,IForest,2,2.489597888663411,0.042154476046562195,2.5317664369940758,0.7783000000000001,0.265514011730195,ok
47_yeast,KernelCF_lin_3,3,11.109984146431088,1.2194729279726744,12.329472742974758,0.44457124955245253,0.31889275716181054,ok
6_cardio,UCF_7,4,0.00021431036293506622,2.6009444165974855,2.6011717543005943,0.7777609050529593,0.2738913611891109,ok
24_mnist,CBLOF,3,34.733182521536946,0.05800950154662132,34.79120607301593,0.8743717090892369,0.41484227567972437,ok
20_letter,ECOD,3,2.0754033643752337,0.041082367300987244,2.116496942937374,0.5813333333333334,0.07953697964628705,ok
42_WBC,KernelCF_rbf,3,1.8769944850355387,1.3382626865059137,3.2152730021625757,0.984375,0.8333333333333333,ok
2_annthyroid,PCA,2,0.0035416875034570694,0.0004974696785211563,0.0040546562522649765,0.63824375,0.1712718920387582,ok
6_cardio,UCF_8,4,0.0002292972058057785,4.754239184781909,4.754482142627239,0.7236627311036028,0.24531640249271136,ok
47_yeast,KernelCF_lin_4,3,12.370065908879042,1.360860737040639,13.730945564806461,0.448532044396706,0.31878555149625276,ok
24_mnist,GMM,3,21.828702069818974,0.19805423729121685,22.02677385136485,0.8376215768779748,0.3615735834177279,ok
42_WBC,KernelCF_lin_2,3,3.4980383533984423,0.5205089505761862,4.018575940281153,0.9739583333333334,0.6666666666666667,ok
6_cardio,UCG,4,0.0002129971981048584,2.6630132272839546,2.66324888728559,0.3143008997380509,0.10492529700459077,ok
20_letter,OCSVM,3,1.0994348730891943,0.16683960519731045,1.266285227611661,0.6527407407407407,0.14621171345203668,ok
2_annthyroid,DyCF_2,2,3.741741295903921,3.4191320315003395,7.16089017316699,0.69674375,0.1528009158122779,ok
22_magic.gamma,KernelCF_lin_4,4,131.49012823216617,14.82682359777391,146.3169713318348,0.76939936945919,0.5807674137591304,ok
47_yeast,KernelCF_lin_5,3,9.634069487452507,1.2938877269625664,10.927976056933403,0.4518662728249194,0.31923633188269673,ok
42_WBC,KernelCF_lin_3,3,1.4603716153651476,0.36481376737356186,1.8252092506736517,0.96875,0.5,ok
46_WPBC,DyCF_3,3,72.8730180952698,10.639362964779139,83.51239992119372,0.45341614906832295,0.2895510016910621,ok
20_letter,LODA,3,0.026159292086958885,0.0033472608774900436,0.029533879831433296,0.6726666666666667,0.10694078157574721,ok
6_cardio,KNN,5,5.506162254139781,4.545013803988695,10.051201280206442,0.7228275312250865,0.327442429219545,ok
2_annthyroid,DyCF_3,2,2.4824049528688192,3.3751816395670176,5.8576035518199205,0.73228125,0.16250846250192297,ok
24_mnist,KDE,3,21.253097843378782,16.42249346524477,37.67561294697225,0.7992527189533467,0.3140428616343968,ok
47_yeast,UCF_2,3,0.00021480955183506012,1.531988326460123,1.5322139970958233,0.41733798782670967,0.2999694699048402,ok
42_WBC,KernelCF_lin_4,3,0.9633239656686783,0.2306545414030552,1.1939949952065945,0.96875,0.5,ok
20_letter,IForest,3,0.279629610478878,0.0218913946300745,0.3015306852757931,0.6557777777777778,0.09700190083976372,ok
47_yeast,UCF_3,3,0.00018214061856269836,3.741288559511304,3.741481401026249,0.41872538489079836,0.3017504872435648,ok
2_annthyroid,DyCF_4,2,6.26709796115756,4.403426636010408,10.670539548620582,0.784034375,0.19391873823134792,ok
6_cardio,CBLOF,5,8.446047402918339,0.043076589703559875,8.489139521494508,0.8104855548384649,0.4716081789575307,ok
24_mnist,HBOS,3,6.35313493013382,0.005015529692173004,6.358179507777095,0.5709871007794716,0.10748669553648021,ok
42_WBC,KernelCF_lin_5,3,2.1676865480840206,0.6648363936692476,2.832537341862917,0.953125,0.4444444444444444,ok
20_letter,PCA,3,0.256279731169343,0.0006146356463432312,0.25690952874720097,0.5697777777777777,0.0859294394698777,ok
6_cardio,GMM,5,2.5996212661266327,0.00039137713611125946,2.6000316813588142,0.8961694696480772,0.4826431440482165,ok
42_WBC,UCF_2,3,0.000232648104429245,0.6966367959976196,0.6968826651573181,0.96875,0.6333333333333333,ok
24_mnist,ECOD,3,1.8166363313794136,0.2373950593173504,2.0540469996631145,0.7472603527166541,0.18175758379064025,ok
47_yeast,UCF_4,3,0.0002370160073041916,2.223894516006112,2.2241420038044453,0.4202246688148944,0.3066177860111684,ok
2_annthyroid,DyCF_5,2,11.586108788847923,4.838727165013552,16.424852142110467,0.7975375000000001,0.20932494324741058,ok
20_letter,DyCF_2,3,21.941069221124053,8.71056268364191,30.651647875085473,0.8941481481481481,0.35388655759454896,ok
42_WBC,UCF_3,3,0.00022850744426250458,1.8728996738791466,1.8731404934078455,0.96875,0.6428571428571428,ok
6_cardio,KDE,5,0.9483708664774895,0.9759671743959188,1.9243557453155518,0.7384685471318477,0.23359361103695853,ok
47_yeast,UCF_5,3,0.0003589969128370285,1.2415495179593563,1.2419177759438753,0.4246330110991765,0.30815662839266644,ok
34_smtp,KernelCF_lin_3,2,,,,,,ram_kill
24_mnist,OCSVM,3,3.0634006559848785,0.5091365445405245,3.5725807920098305,0.8510266491917867,0.37298033503775657,ok
46_WPBC,DyCF_4,3,,,,,,ram_kill
22_magic.gamma,KernelCF_lin_5,4,132.89755572751164,5.2607520911842585,138.1583342384547,0.7700918865026543,0.575223696517164,ok
42_WBC,UCF_4,3,0.00020779669284820557,1.2197277750819921,1.2199464440345764,0.96875,0.6428571428571428,ok
2_annthyroid,DyCG,2,10.516722280532122,7.553186932578683,18.069938108325005,0.418990625,0.07197558869162843,ok
6_cardio,HBOS,5,14.594113145023584,0.0005367845296859741,14.594682035967708,0.8363387874416308,0.4387891468390391,ok
47_yeast,UCF_6,3,0.00022407621145248413,2.14636785723269,2.1466031074523926,0.4535893304690297,0.31843614730003167,ok
46_WPBC,DyCF_5,3,,,,,,error
42_WBC,UCF_5,3,0.00019272789359092712,2.2894540764391422,2.289656089618802,0.96875,0.6428571428571428,ok
24_mnist,LODA,3,20.230918684974313,0.1561852190643549,20.387133134528995,0.7022349451610679,0.2641724343285451,ok
22_magic.gamma,UCF_2,4,0.00019997544586658478,21.045953832566738,21.04616400413215,0.8251231440812696,0.7575590723309034,ok
6_cardio,ECOD,5,0.6465875990688801,0.01832735724747181,0.6649245284497738,0.9226301203447098,0.5158167228125642,ok
47_yeast,UCF_7,3,0.0002413783222436905,3.1249199025332928,3.125174229964614,0.4332482993197279,0.3125547507735441,ok
46_WPBC,DyCG,3,,,,,,error
24_mnist,IForest,3,0.2338440604507923,0.028734983876347542,0.26261321268975735,0.809928490952151,0.27615499231324925,ok
42_WBC,UCF_6,3,0.00022614002227783203,1.6529979296028614,1.6532354895025492,0.96875,0.5317460317460317,ok
2_annthyroid,KernelCF_rbf,2,29.730026002973318,2.381419852375984,32.111462814733386,0.568659375,0.11037431229228224,ok
20_letter,DyCF_3,3,79.14745720289648,14.035295106470585,93.18276683799922,0.7515555555555555,0.25325133308780406,ok
6_cardio,OCSVM,5,0.10406370274722576,0.022005576640367508,0.12608304806053638,0.9296913556812574,0.5088753117352419,ok
22_magic.gamma,UCF_3,4,0.000235656276345253,13.948552059009671,13.948799407109618,0.8218905445824688,0.7559006150384158,ok
47_yeast,UCF_8,3,0.0002467688173055649,2.870099661871791,2.8703616596758366,0.46690386680988194,0.3303045973380727,ok
46_WPBC,KernelCF_rbf,3,1.4744836147874594,0.7922942005097866,2.266793193295598,0.5605590062111802,0.28240451480009077,ok
24_mnist,PCA,3,,,,,,error
42_WBC,UCF_7,3,0.00023331865668296814,1.4751009922474623,1.475346339866519,0.9739583333333334,0.6984126984126984,ok
6_cardio,LODA,5,0.1321150492876768,0.016286438331007957,0.14842341840267181,0.7778747959454841,0.3359323566081864,ok
22_magic.gamma,UCF_4,4,0.0002720877528190613,12.851180996745825,12.851470738649368,0.8254230551588477,0.7587006793412744,ok
47_yeast,UCG,3,0.00018881820142269135,5.691254898905754,5.6914673168212175,0.5165592552810598,0.3403950829799357,ok
46_WPBC,KernelCF_lin_2,3,1.211667001247406,0.5417228247970343,1.7534027006477118,0.5838509316770186,0.2799695628145906,ok
42_WBC,UCF_8,3,0.00021444819867610931,1.2261379640549421,1.2263632528483868,0.6510416666666666,0.481592039800995,ok
2_annthyroid,KernelCF_lin_2,2,41.58520504832268,3.139069352298975,44.72429059818387,0.44018749999999995,0.08468791667231713,ok
6_cardio,IForest,5,0.32712640054523945,0.01069202646613121,0.33783666603267193,0.9290459739569493,0.5935218897351006,ok
46_WPBC,KernelCF_lin_3,3,0.46489171870052814,0.344300115481019,0.8092219438403845,0.5807453416149068,0.28559743677445504,ok
47_yeast,KNN,4,0.02047489583492279,0.007062049582600594,0.027575651183724403,0.3755594343000358,0.3069806817522298,ok
22_magic.gamma,UCF_5,4,0.0002436954528093338,19.038613883778453,19.038870884105563,0.8254168575355015,0.7582987235766456,ok
42_WBC,UCG,3,0.000212009996175766,2.7219272553920746,2.722166595980525,0.6510416666666666,0.3151515151515152,ok
6_cardio,PCA,5,,,,,,error
46_WPBC,KernelCF_lin_4,3,1.5514266081154346,0.49907962046563625,2.050520347431302,0.5822981366459627,0.30016669372440397,ok
47_yeast,CBLOF,4,11.683590546250343,0.004589524120092392,11.688198007643223,0.4041577157178661,0.2947877054233911,ok
2_annthyroid,KernelCF_lin_3,2,42.04564096592367,3.6788179762661457,45.72447462566197,0.39813750000000003,0.0804517647386247,ok
42_WBC,KNN,4,0.0035669170320034027,0.0008187256753444672,0.004409203305840492,0.9895833333333334,0.8666666666666667,ok
22_magic.gamma,UCF_6,4,0.00021328777074813843,19.785672400146723,19.7858971580863,0.7988747271698418,0.7336560006042042,ok
24_mnist,DyCF_2,3,,,,,,error
46_WPBC,KernelCF_lin_5,3,0.5008285194635391,0.6268740687519312,1.1277177594602108,0.5698757763975155,0.303499305275994,ok
47_yeast,GMM,4,1.1684356443583965,0.0003133956342935562,1.1687619648873806,0.36609380594343,0.2804805641431126,ok
42_WBC,CBLOF,4,14.942878440022469,0.00090758316218853,14.943797964602709,0.9791666666666666,0.5888888888888889,ok
6_cardio,DyCF_2,5,18.138292172923684,7.2665601540356874,25.404873806983232,0.8188375536236285,0.38617976435159246,ok
34_smtp,KernelCF_lin_4,2,,,,,,ram_kill
46_WPBC,UCF_2,3,0.0005331467837095261,0.8726795539259911,0.873222729191184,0.5357142857142857,0.2697168076228143,ok
24_mnist,DyCF_3,3,,,,,,ram_kill
2_annthyroid,KernelCF_lin_4,2,36.97508501634002,1.524321150034666,38.499428218230605,0.3830875,0.07866562753715647,ok
22_magic.gamma,UCF_7,4,0.0002193208783864975,20.814868493005633,20.815103940665722,0.8056720379402333,0.7358693555594951,ok
24_mnist,DyCF_4,3,,,,,,error
47_yeast,KDE,4,0.9512551501393318,0.11952482536435127,1.0708021316677332,0.3529359112065879,0.290424828141051,ok
46_WPBC,UCF_3,3,0.00038886629045009613,0.9286590777337551,0.9290676433593035,0.5496894409937888,0.27361765566652785,ok
42_WBC,GMM,4,1.0728656277060509,0.00030460022389888763,1.0731857847422361,0.9739583333333334,0.5555555555555556,ok
24_mnist,DyCF_5,3,,,,,,error
22_magic.gamma,UCF_8,4,0.000242527574300766,19.329088585451245,19.32934506237507,0.8005448519306944,0.7336144876235214,ok
6_cardio,DyCF_3,5,26.845126112923026,9.857008345425129,36.702146807685494,0.5574199916480012,0.3244973950159483,ok
46_WPBC,UCF_4,3,0.0002048872411251068,1.395703373476863,1.39591858163476,0.5388198757763976,0.26930769334977944,ok
42_WBC,KDE,4,0.0030479803681373596,0.0011350437998771667,0.004199173301458359,0.9739583333333334,0.5333333333333333,ok
2_annthyroid,KernelCF_lin_5,2,34.48649042472243,2.220166092738509,36.70667523518205,0.37660312500000004,0.07978132808322164,ok
47_yeast,HBOS,4,19.863300615921617,0.00032739900052547455,19.863652864471078,0.39914518438954527,0.35448141731589494,ok
24_mnist,DyCG,3,,,,,,error
34_smtp,KernelCF_lin_5,2,,,,,,ram_kill
46_WPBC,UCF_5,3,0.0004332084208726883,1.102902639657259,1.1033491175621748,0.5201863354037267,0.2533349968855969,ok
22_magic.gamma,UCG,4,0.00043033622205257416,27.169592179358006,27.17009029723704,0.7389422273719382,0.6653440016159572,ok
42_WBC,HBOS,4,14.02543243765831,0.00022997893393039703,14.025701075792313,0.9895833333333334,0.8666666666666667,ok
47_yeast,ECOD,4,1.9778385106474161,0.015223495662212372,1.9930724799633026,0.43483709273182963,0.34946491291873144,ok
2_annthyroid,UCF_2,2,0.0002712700515985489,3.7104138880968094,3.7106961272656918,0.5426875,0.10464787138279742,ok
42_WBC,ECOD,4,1.9186123758554459,0.0012557320296764374,1.9198763277381659,1.0,1.0,ok
46_WPBC,UCF_6,3,0.0002290084958076477,1.987125663086772,1.9873650930821896,0.5186335403726707,0.2604245795289908,ok
22_magic.gamma,KNN,5,3.42510848864913,1.0337709914892912,4.4588999301195145,0.8094492199078439,0.7437319411837735,ok
47_yeast,OCSVM,4,0.09636425971984863,0.010859712958335876,0.10723490081727505,0.38990332975295383,0.30323015544780263,ok
24_mnist,KernelCF_rbf,3,45.146862687543035,4.1576883271336555,49.30457416921854,0.852367156423168,0.3381555954104074,ok
2_annthyroid,UCF_3,2,0.00020767003297805786,3.4826548658311367,3.4828748740255833,0.5620906250000001,0.10824740916090839,ok
46_WPBC,UCF_7,3,0.00022615864872932434,0.973656265065074,0.9738953523337841,0.48136645962732916,0.2311437114396901,ok
42_WBC,OCSVM,4,0.0028179530054330826,0.0005091167986392975,0.0033481288701295853,0.9895833333333334,0.8666666666666667,ok
47_yeast,LODA,4,0.02945557050406933,0.00264570489525795,0.03214256465435028,0.49438327962764056,0.3591612520149994,ok
6_cardio,DyCF_4,5,,,,,,error
2_annthyroid,UCF_4,2,0.0002446882426738739,3.661337034776807,3.6615961622446775,0.56156875,0.11027698594044891,ok
22_magic.gamma,CBLOF,5,26.31037851795554,0.14868717081844807,26.459079667925835,0.7253178302929051,0.6678209901840559,ok
42_WBC,LODA,4,0.057077573612332344,0.0012204423546791077,0.05832288600504398,1.0,1.0,ok
46_WPBC,UCF_8,3,0.00022179819643497467,0.6819577440619469,0.682189092040062,0.5590062111801242,0.2731822582434611,ok
47_yeast,IForest,4,0.14381666108965874,0.010762576013803482,0.15459530800580978,0.3828544575725027,0.3163821436401558,ok
22_magic.gamma,GMM,5,1.7433649208396673,0.0011108219623565674,1.7445038612931967,0.7405758400474253,0.6687852816440906,ok
2_annthyroid,UCF_5,2,0.00029406696557998657,4.211179176345468,4.211490822955966,0.569415625,0.11520316108248696,ok
24_mnist,KernelCF_lin_2,3,37.6243250798434,3.53669635951519,41.16104084253311,0.8460210158423582,0.3409277306653239,ok
42_WBC,IForest,4,0.4669310450553894,0.022007348015904427,0.4889517053961754,0.9947916666666666,0.9166666666666665,ok
46_WPBC,UCG,3,0.000264069065451622,2.8679140005260706,2.868213016539812,0.32919254658385094,0.1989722597174995,ok
47_yeast,PCA,4,0.0025665462017059326,0.0002902671694755554,0.002872992306947708,0.374172037235947,0.29074596969068583,ok
2_annthyroid,UCF_6,2,0.0002209581434726715,5.582729034125805,5.582962434738874,0.58760625,0.1214129050166046,ok
42_WBC,PCA,4,0.0018208194524049759,0.00022052787244319916,0.0020500756800174713,0.9895833333333334,0.8666666666666667,ok
46_WPBC,KNN,4,1.1294324193149805,0.7168301343917847,1.8462892826646566,0.4875776397515528,0.22262570295839362,ok
21_Lymphography,DyCG,5,,,,,,error
47_yeast,DyCF_2,4,7.6321546994149685,1.752863071858883,9.385032929480076,0.5438148943788041,0.3806852712891225,ok
21_Lymphography,KernelCF_rbf,5,1.2463409192860126,1.0128119997680187,2.259173948317766,1.0,1.0,ok
42_WBC,DyCF_2,4,2.73946869187057,1.4731018375605345,4.2125847581774,0.9791666666666666,0.7222222222222222,ok
46_WPBC,CBLOF,4,5.803577547892928,0.001252792775630951,5.804840927943587,0.44875776397515527,0.21197576479324348,ok
2_annthyroid,UCF_7,2,0.0002497602254152298,4.158015659078956,4.158278489485383,0.5805843749999999,0.12808030763339082,ok
24_mnist,KernelCF_lin_3,3,48.48963521420956,3.5988370086997747,52.08849011361599,0.8552459129475064,0.3562097618736544,ok
21_Lymphography,KernelCF_lin_2,5,0.9028409402817488,0.9559510666877031,1.8588117770850658,1.0,1.0,ok
46_WPBC,GMM,4,0.7411507740616798,0.0003316272050142288,0.7415094990283251,0.37577639751552794,0.18952990026932448,ok
42_WBC,DyCF_3,4,9.136735327541828,1.0186255425214767,10.155375055968761,0.6666666666666666,0.6815920398009949,ok
47_yeast,DyCF_3,4,8.36925271898508,3.9065238162875175,12.275793021544814,0.45396974579305405,0.3199015403038755,ok
2_annthyroid,UCF_8,2,0.00023263879120349884,4.741124900057912,4.741369508206844,0.577984375,0.12105057234689359,ok
22_magic.gamma,KDE,5,77.46320593357086,43.65734099410474,121.12056872993708,0.723621702460187,0.6652142932956032,ok
21_Lymphography,KernelCF_lin_3,5,1.05552177131176,0.7771334052085876,1.8326718769967556,1.0,1.0,ok
46_WPBC,KDE,4,0.0035326089709997177,0.0013042017817497253,0.004851341247558594,0.4425465838509317,0.20764417418099662,ok
34_smtp,UCF_2,2,0.0002111196517944336,308.8343058079481,308.834528375417,0.7463615763776952,0.31054753791943923,ok
42_WBC,DyCF_4,4,11.41413420252502,4.0094763077795506,15.42362461052835,0.3333333333333333,0.35835971656867177,ok
24_mnist,KernelCF_lin_4,3,50.782553277909756,1.6796362772583961,52.46221171692014,0.8635349842496148,0.37367270324021024,ok
2_annthyroid,UCG,2,0.0002463478595018387,6.685367599129677,6.685643680393696,0.579859375,0.16084230354448117,ok
21_Lymphography,KernelCF_lin_4,5,0.9013757798820734,0.8815028388053179,1.7828949596732855,0.9883720930232558,0.8333333333333333,ok
47_yeast,DyCF_4,4,11.719543561339378,4.747552515938878,16.46711361594498,0.421186895810956,0.30126552522147126,ok
22_magic.gamma,HBOS,5,3.8820279855281115,0.0029549915343523026,3.885015480220318,0.7036631322249467,0.6156780528398825,ok
8_celeba,OCSVM,1,,,,,,timeout
22_magic.gamma,ECOD,5,0.3242215383797884,0.0462796576321125,0.37051384523510933,0.6403652555845976,0.5379502601213499,ok
46_WPBC,HBOS,4,22.071247823536396,0.0003017280250787735,22.071597373113036,0.49844720496894407,0.2248511242476849,ok
2_annthyroid,KNN,3,0.17227794416248798,0.059405457228422165,0.2317146323621273,0.812634375,0.23959063878071524,ok
21_Lymphography,KernelCF_lin_5,5,0.45124999806284904,0.6138405054807663,1.0651074033230543,0.9883720930232558,0.8333333333333333,ok
13_fraud,OCSVM,1,,,,,,timeout
47_yeast,DyCF_5,4,9.776342811062932,2.4342351090162992,12.210598558187485,0.4670828857858933,0.32040099449227455,ok
42_WBC,DyCF_5,4,23.129966769367456,4.913035409525037,28.043026577681303,0.984375,0.6388888888888888,ok
46_WPBC,ECOD,4,1.368886299431324,0.0020592063665390015,1.3709578644484282,0.4565217391304348,0.21093708169826478,ok
21_Lymphography,UCF_2,5,0.0002759173512458801,1.515944130718708,1.5162348505109549,1.0,1.0,ok
24_mnist,KernelCF_lin_5,3,49.920273995026946,3.985921809449792,53.9062124658376,0.8699363086615622,0.389075927456215,ok
2_annthyroid,CBLOF,3,13.288347400724888,0.15459619648754597,13.44295820593834,0.66064375,0.18552408721003066,ok
47_yeast,DyCG,4,17.07658706046641,5.844894798472524,22.921524500474334,0.5001342642320086,0.340867554616515,ok
13_fraud,LODA,1,23.722503881901503,29.693637808784842,53.41619534790516,0.8608218614886649,0.17431511499719252,ok
46_WPBC,OCSVM,4,0.002454705536365509,0.0004939567297697067,0.0029593221843242645,0.42701863354037267,0.20378970899877735,ok
42_WBC,DyCG,4,37.023118287324905,7.237609975039959,44.2607613094151,0.5703125,0.05172413793103448,ok
8_celeba,LODA,1,23.58850010856986,29.281510893255472,52.87007812038064,0.6224051626940145,0.03586598339510072,ok
22_magic.gamma,OCSVM,5,71.30965541303158,3.010516934096813,74.32018322683871,0.6759555118428499,0.6321415150808527,ok
2_annthyroid,GMM,3,1.6243766453117132,0.0004428792744874954,1.6248385608196259,0.638071875,0.1573909567520128,ok
21_Lymphography,UCF_3,5,0.0002287197858095169,1.8598960135132074,1.860136579722166,1.0,1.0,ok
24_mnist,UCF_2,3,0.000321926549077034,4.110354755073786,4.110698815435171,0.8182497528224231,0.32931709141641885,ok
42_WBC,KernelCF_rbf,4,3.1412639375776052,0.6042226180434227,3.7455051839351654,0.9895833333333334,0.8666666666666667,ok
13_fraud,IForest,1,3.995909195393324,0.414903836324811,4.410834671929479,0.9463267388380232,0.1913577976857778,ok
46_WPBC,LODA,4,0.03829397074878216,0.0012366920709609985,0.03956986591219902,0.5077639751552796,0.23020479738306593,ok
47_yeast,KernelCF_rbf,4,9.230508469045162,1.7831376697868109,11.013660967350006,0.3626476906552094,0.2878606939321234,ok
21_Lymphography,UCF_4,5,0.00023751892149448395,0.5891978722065687,0.5894472803920507,1.0,1.0,ok
2_annthyroid,KDE,3,4.0533579140901566,2.292086696252227,6.345473360270262,0.68970625,0.18452514527530417,ok
22_magic.gamma,LODA,5,0.1577705517411232,0.05035954527556896,0.20816944539546967,0.5969292123629113,0.5407505071969574,ok
8_celeba,IForest,1,8.394720479846,2.6853845827281475,11.080123359337449,0.6948850840754212,0.060077470213781424,ok
24_mnist,UCF_3,3,0.00022489950060844421,5.241231746971607,5.241469847038388,0.8187923938286081,0.35308089999033543,ok
42_WBC,KernelCF_lin_2,4,1.8697764184325933,0.6090154834091663,2.4788068123161793,0.984375,0.6388888888888888,ok
46_WPBC,IForest,4,1.1556168738752604,0.007588693872094154,1.1632217094302177,0.4860248447204969,0.222280259221253,ok
13_fraud,PCA,1,0.7995177526026964,0.1428382769227028,0.9423881769180298,0.945763748389928,0.14073310538793832,ok
21_Lymphography,UCF_5,5,0.00024487823247909546,1.1965298559516668,1.1967854239046574,1.0,1.0,ok
47_yeast,KernelCF_lin_2,4,9.07306806370616,1.083739148452878,10.15683183260262,0.3685553168635875,0.3047716383881338,ok
8_celeba,PCA,1,1.0633401330560446,0.10197161324322224,1.1653493363410234,0.7909166510536376,0.11337540148999863,ok
22_magic.gamma,IForest,5,0.4643172286450863,0.043755315244197845,0.5080871768295765,0.7294543396836517,0.6431606398526689,ok
24_mnist,UCF_4,3,0.0002612210810184479,5.62633010931313,5.62660906650126,0.8042238624083142,0.33025990095102475,ok
2_annthyroid,HBOS,3,10.42673391662538,0.0005727466195821762,10.427342003211379,0.6245109375,0.22316220943985693,ok
21_Lymphography,UCF_6,5,0.0002580750733613968,0.5413783732801676,0.5416482407599688,1.0,1.0,ok
42_WBC,KernelCF_lin_3,4,1.73285480029881,0.7892752103507519,2.5221462417393923,0.9791666666666666,0.5888888888888889,ok
46_WPBC,PCA,4,0.0039145853370428085,0.0002707485109567642,0.004195155575871468,0.4145962732919255,0.199368031584243,ok
22_magic.gamma,PCA,5,0.02016814798116684,0.0016034282743930817,0.021794676780700684,0.6698464067257688,0.5972679672175851,ok
2_annthyroid,ECOD,3,1.691755624487996,0.02353699691593647,1.7153066750615835,0.7884125,0.27494678148480883,ok
47_yeast,KernelCF_lin_3,4,11.82667512446642,1.8637548815459013,13.690445147454739,0.3872627998567848,0.31296118533959083,ok
24_mnist,UCF_5,3,0.0002913679927587509,7.383804485201836,7.384117072448134,0.783992090317537,0.3088992990798282,ok
21_Lymphography,UCF_7,5,0.00022919662296772003,1.6097949240356684,1.610038312152028,1.0,1.0,ok
42_WBC,KernelCF_lin_4,4,2.1463671009987593,0.44652146473526955,2.5929029546678066,0.9739583333333334,0.5333333333333333,ok
2_annthyroid,OCSVM,3,9.242202684283257,0.545951172709465,9.7881741207093,0.6907156249999999,0.192777090049832,ok
46_WPBC,DyCF_2,4,18.754805091768503,12.074601842090487,30.829421365633607,0.5978260869565217,0.29975087229217445,ok
21_Lymphography,UCF_8,5,0.00022261030972003937,1.6856232341378927,1.685856431722641,1.0,1.0,ok
24_mnist,UCF_6,3,0.0002923775464296341,9.595441050827503,9.595749497413635,0.7631716906946265,0.3003399704037265,ok
22_magic.gamma,DyCF_2,5,15.311974400654435,5.601861586794257,20.913850707933307,0.7602065425345585,0.6854217376098337,ok
47_yeast,KernelCF_lin_4,4,12.112696962431073,0.826305091381073,12.939020743593574,0.39932420336555674,0.31559340514220074,ok
34_smtp,UCF_3,2,0.00037190690636634827,316.9598388057202,316.96023414470255,0.7350589078110279,0.32410689920794,ok
42_WBC,KernelCF_lin_5,4,1.0309516414999962,0.796483350917697,1.8274598959833384,0.9583333333333334,0.42063492063492064,ok
2_annthyroid,LODA,3,0.0619749054312706,0.03592427261173725,0.09793458878993988,0.42344375,0.07657277821702341,ok
24_mnist,UCF_7,3,0.0002430267632007599,11.872223971411586,11.872481072321534,0.7327768963693638,0.30504965160510905,ok
47_yeast,KernelCF_lin_5,4,15.442611776292324,0.8649550080299377,16.30758272856474,0.4064178302900108,0.318950359656644,ok
42_WBC,UCF_2,4,0.00022914819419384003,2.002406809478998,2.0026475582271814,0.9895833333333334,0.8055555555555556,ok
21_Lymphography,UCG,5,0.00020753778517246246,2.7090005557984114,2.7092317175120115,1.0,1.0,ok
22_magic.gamma,DyCF_3,5,26.10185775719583,6.078480625525117,32.18035633303225,0.7690025868340924,0.696182108452582,ok
2_annthyroid,IForest,3,0.3259962871670723,0.016417700797319412,0.3424273356795311,0.824140625,0.3157734315738547,ok
47_yeast,UCF_2,4,0.00026169978082180023,2.648221004754305,2.648497363552451,0.336108127461511,0.27258329680061155,ok
42_WBC,UCF_3,4,0.000189928337931633,0.8885811157524586,0.8887812625616789,0.9895833333333334,0.8055555555555556,ok
24_mnist,UCF_8,3,0.00029570795595645905,6.3856289982795715,6.385949617251754,0.7355222919684532,0.278238027343463,ok
39_vertebral,KNN,1,0.0034025199711322784,0.0006518848240375519,0.004075305536389351,0.5555555555555556,0.14723596722607968,ok
2_annthyroid,PCA,3,0.003761177882552147,0.0005145985633134842,0.004287132993340492,0.6716500000000001,0.2052186725360855,ok
22_magic.gamma,DyCF_4,5,20.96224539913237,8.539478493854403,29.50174424238503,0.7786376007113793,0.711196049229798,ok
47_yeast,UCF_3,4,0.00019591860473155975,1.955004844814539,1.9552102833986282,0.3393528464017186,0.28047712646831946,ok
46_WPBC,DyCF_3,4,94.1074083391577,13.839622216299176,107.94704444520175,0.4208074534161491,0.20112193118778074,ok
24_mnist,UCG,3,0.00023511983454227448,7.425006603822112,7.425274720415473,0.6350348347934055,0.21509007734072766,ok
42_WBC,UCF_4,4,0.00023728981614112854,2.358410930261016,2.358662011101842,0.9739583333333334,0.5555555555555556,ok
39_vertebral,CBLOF,1,17.93060379102826,0.0007127635180950165,17.931330516934395,0.5855379188712522,0.1540983570133091,ok
2_annthyroid,DyCF_2,3,7.097726531326771,4.000516474246979,11.098257165402174,0.734978125,0.19565353330224106,ok
47_yeast,UCF_4,4,0.00024170801043510437,1.9167180638760328,1.9169747196137905,0.335750089509488,0.2857864718330132,ok
42_WBC,UCF_5,4,0.004038326442241669,3.1325286999344826,3.136581476777792,0.9739583333333334,0.5555555555555556,ok
20_letter,DyCF_4,3,,,,,,ram_kill
6_cardio,DyCF_5,5,,,,,,ram_kill
24_mnist,KNN,4,14.8179915510118,4.014545077458024,18.832574186846614,0.8512473845163367,0.4456986847207353,ok
47_yeast,UCF_5,4,0.0006780847907066345,1.6814618576318026,1.6821678634732962,0.3377416756176155,0.27993250096113037,ok
39_vertebral,GMM,1,1.384316636249423,0.0002631284296512604,1.3846053052693605,0.5943562610229277,0.15541893287897668,ok
2_annthyroid,DyCF_3,3,4.8581041023135185,3.245545720681548,8.10366815328598,0.772221875,0.21451860997959016,ok
20_letter,DyCF_5,3,,,,,,error
42_WBC,UCF_6,4,0.0002149399369955063,0.8760620728135109,0.8762867525219917,0.9791666666666666,0.7222222222222222,ok
20_letter,DyCG,3,,,,,,error
24_mnist,CBLOF,4,17.28783625178039,0.1265593320131302,17.414424370974302,0.804028419673036,0.38041494109285773,ok
22_magic.gamma,DyCF_5,5,46.832713317126036,12.021125640720129,58.853862108662724,0.7899896257174422,0.730269813223341,ok
39_vertebral,KDE,1,0.0040874239057302475,0.0010837633162736893,0.005191320553421974,0.4973544973544974,0.1266474379630653,ok
47_yeast,UCF_6,4,0.00021741539239883423,3.101207997649908,3.1014344953000546,0.3698308270676692,0.2882982876723408,ok
2_annthyroid,DyCF_4,3,8.658149918541312,4.082935927435756,12.741102516651154,0.8158,0.25212891084702804,ok
42_WBC,UCF_7,4,0.00021831877529621124,0.8785220254212618,0.8787521440535784,0.9739583333333334,0.6666666666666667,ok
24_mnist,GMM,4,10.958874160423875,0.16863577626645565,11.12753195874393,0.8371019291347636,0.40133037040991837,ok
20_letter,KernelCF_rbf,3,5.950887190178037,3.7922372315078974,9.743137100711465,0.5934074074074074,0.08974450604513111,ok
47_yeast,UCF_7,4,0.00023910962045192719,3.2102093528956175,3.210462514311075,0.3313865019692087,0.2781849826924697,ok
39_vertebral,HBOS,1,7.0669246558099985,0.00024265050888061523,7.0671953447163105,0.43738977072310403,0.11477754041868747,ok
2_annthyroid,DyCF_5,3,14.638836530968547,4.09585988894105,18.734712213277817,0.8383843750000001,0.285143767281233,ok
20_letter,KernelCF_lin_2,3,15.573971392586827,2.1547478642314672,17.728732818737626,0.6585925925925926,0.14319070726385208,ok
42_WBC,UCF_8,4,0.00021183118224143982,1.716858435422182,1.7170822732150555,0.9739583333333334,0.6666666666666667,ok
47_yeast,UCF_8,4,0.0002740081399679184,2.6021678801625967,2.602454898878932,0.3566953097028285,0.2765805473221684,ok
39_vertebral,ECOD,1,3.064078263938427,0.0012404527515172958,3.0653259679675102,0.5308641975308642,0.1576021867938104,ok
20_letter,KernelCF_lin_3,3,4.1466106697916985,2.116642637178302,6.263283606618643,0.6632592592592592,0.1724287454917241,ok
22_magic.gamma,DyCG,5,52.067822858691216,26.24061685241759,78.30848181061447,0.2691731562070545,0.24656725908294663,ok
2_annthyroid,DyCG,3,15.071736702695489,8.059850418940187,23.131622087210417,0.35214375000000003,0.05530068512103237,ok
24_mnist,KDE,4,26.367892807349563,14.775298161432147,41.14324611052871,0.8213239520820399,0.391345497332485,ok
10_cover,KDE,1,,,,,,timeout
42_WBC,UCG,4,0.000207606703042984,3.96128729917109,3.9615198839455843,0.6197916666666666,0.17683013503909023,ok
47_yeast,UCG,4,0.00024345889687538147,6.5037589985877275,6.504029916599393,0.4548872180451128,0.30419770335580876,ok
39_vertebral,OCSVM,1,0.002871612086892128,0.0004871748387813568,0.0033676009625196457,0.5908289241622575,0.15578904444546815,ok
20_letter,KernelCF_lin_4,3,4.25874787196517,1.5893357582390308,5.848104774951935,0.643925925925926,0.17294995758166176,ok
10_cover,HBOS,1,5.076126830652356,0.034372322261333466,5.110555712133646,0.696106529497755,0.02343511410695317,ok
42_WBC,KNN,5,0.0026187561452388763,0.0007674656808376312,0.0034250374883413315,0.9791666666666666,0.8095238095238095,ok
24_mnist,HBOS,4,22.361639995127916,0.06973239593207836,22.431484969332814,0.5712009381251294,0.10570847905671946,ok
39_vertebral,LODA,1,0.020074568688869476,0.001335691660642624,0.021431908011436462,0.3315696649029982,0.09849376439638732,ok
47_yeast,KNN,5,0.025685211643576622,0.005917595699429512,0.03162316791713238,0.40151718582169715,0.3000645167708012,ok
8_celeba,DyCF_2,1,,,,,,error
34_smtp,UCF_4,2,0.007231723517179489,366.3735194336623,366.380770329386,0.7344320632918293,0.3491141406800889,ok
10_cover,ECOD,1,3.593429869040847,2.241181718185544,5.834631776437163,0.9197906363129482,0.10287739872049168,ok
2_annthyroid,KernelCF_rbf,3,36.006817638874054,3.1394176837056875,39.14625804126263,0.5799875,0.13150406319045518,ok
20_letter,KernelCF_lin_5,3,4.988347064703703,1.813372952863574,6.801737265661359,0.6250370370370371,0.1654648524271511,ok
39_vertebral,IForest,1,0.16942350938916206,0.007735053077340126,0.17720009200274944,0.5308641975308642,0.1415817949972632,ok
47_yeast,CBLOF,5,8.472204772755504,0.043470825999975204,8.51568547822535,0.4767946652345148,0.3361614582678782,ok
24_mnist,ECOD,4,1.4834985472261906,0.3625163249671459,1.8460282105952501,0.7622818514175347,0.1920305806720312,ok
20_letter,UCF_2,3,0.0002088509500026703,2.69922904483974,2.6994498427957296,0.7735555555555554,0.296163431549243,ok
42_WBC,CBLOF,5,28.6531117875129,0.0007234755903482437,28.653848614543676,0.9791666666666666,0.7222222222222222,ok
39_vertebral,PCA,1,0.0033365394920110703,0.0002726968377828598,0.003635348752140999,0.5061728395061729,0.14632769425531567,ok
47_yeast,GMM,5,0.5144529528915882,0.0003642141819000244,0.5148493517190218,0.41272824919441464,0.29778452484937895,ok
2_annthyroid,KernelCF_lin_2,3,46.34967008046806,2.671377746388316,49.02107670530677,0.448553125,0.11629497472473183,ok
24_mnist,OCSVM,4,10.354854471981525,1.4319890290498734,11.786863259971142,0.8357464762824492,0.40029117866691577,ok
42_WBC,GMM,5,0.9806319605559111,0.00030333735048770905,0.9809458386152983,0.9739583333333334,0.6984126984126984,ok
20_letter,UCF_3,3,0.00023001804947853088,3.970230272039771,3.9704722594469786,0.8098518518518518,0.3338969084009426,ok
22_magic.gamma,KernelCF_rbf,5,137.97034072503448,10.678174385800958,148.64853398129344,0.7116555738190833,0.6146304606485327,ok
39_vertebral,DyCF_2,1,0.7947609089314938,0.24530060775578022,1.0400824192911386,0.5379188712522046,0.1488436446331183,ok
20_letter,UCF_4,3,0.0002332869917154312,2.64874798245728,2.6489954628050327,0.8434074074074075,0.3752625522949711,ok
47_yeast,KDE,5,0.19447198137640953,0.10432013496756554,0.29881446436047554,0.39055227354099536,0.298798894708007,ok
42_WBC,KDE,5,0.002952665090560913,0.0010700337588787079,0.004043774679303169,0.9739583333333334,0.7916666666666666,ok
24_mnist,LODA,4,18.616321451961994,0.11444421112537384,18.73079125583172,0.5829045089788693,0.15143171439786596,ok
39_vertebral,DyCF_3,1,1.0816211327910423,0.8749727737158537,1.9566112197935581,0.5978835978835979,0.15614352574595924,ok
2_annthyroid,KernelCF_lin_3,3,39.21503135934472,3.001157397404313,42.21621308475733,0.411109375,0.11415602587845969,ok
46_WPBC,DyCF_4,4,,,,,,ram_kill
47_yeast,HBOS,5,18.20554860122502,0.0002449769526720047,18.205814952030778,0.38875089509488003,0.33054597305891253,ok
24_mnist,IForest,4,0.6493715681135654,0.12608523666858673,0.7754729390144348,0.7876020326044469,0.2504257279784813,ok
13_fraud,DyCF_2,1,477.4551346562803,222.25546578876674,699.710630312562,0.9550513084161012,0.1826057885269258,ok
20_letter,UCF_5,3,0.0005153194069862366,5.1887528747320175,5.189278142526746,0.8631111111111112,0.40917136919134145,ok
42_WBC,HBOS,5,8.621880885213614,0.0002650264650583267,8.62217240408063,0.984375,0.6388888888888888,ok
39_vertebral,DyCF_4,1,8.626307113096118,1.2577427625656128,9.884066827595234,0.582010582010582,0.18276852016491307,ok
46_WPBC,DyCF_5,4,,,,,,error
47_yeast,ECOD,5,2.0270369332283735,0.0030334722250699997,2.030081983655691,0.4527166129609739,0.3493111047951155,ok
24_mnist,PCA,4,,,,,,error
20_letter,UCF_6,3,0.00022983737289905548,4.150038454681635,4.150282971560955,0.788962962962963,0.24447378040286807,ok
46_WPBC,DyCG,4,,,,,,error
47_yeast,OCSVM,5,0.3567769080400467,0.076659444719553,0.4334527440369129,0.4351727533118511,0.3143775767649545,ok
42_WBC,ECOD,5,2.8702803272753954,0.001146811991930008,2.8714338410645723,0.9895833333333334,0.8055555555555556,ok
2_annthyroid,KernelCF_lin_4,3,45.603884955868125,3.4670748598873615,49.070979250594974,0.399378125,0.11726641355040804,ok
39_vertebral,DyCF_5,1,10.786646075546741,1.8082559574395418,12.594916822388768,0.380952380952381,0.11698886029565772,ok
46_WPBC,KernelCF_rbf,4,1.9707184210419655,1.067488631233573,3.0382233392447233,0.42391304347826086,0.2021738689023949,ok
42_WBC,OCSVM,5,0.0024025049060583115,0.0004878360778093338,0.0029025543481111526,0.9791666666666666,0.8095238095238095,ok
47_yeast,LODA,5,0.016328083351254463,0.00960376113653183,0.02595893293619156,0.5575322234156821,0.3701548383007071,ok
20_letter,UCF_7,3,0.00023110024631023407,4.37320108152926,4.373444544151425,0.8549629629629629,0.38525132117205,ok
22_magic.gamma,KernelCF_lin_2,5,124.4087197445333,17.696712996810675,142.10545868240297,0.7460483414621001,0.5926340961148219,ok
46_WPBC,KernelCF_lin_2,4,1.041133552789688,0.7540283054113388,1.795177310705185,0.47049689440993786,0.21665728834299702,ok
2_annthyroid,KernelCF_lin_5,3,40.7944662515074,1.379021706059575,42.173504896461964,0.39473125,0.12093977523902691,ok
47_yeast,IForest,5,0.17829089052975178,0.009541202336549759,0.18784044310450554,0.41055764411027573,0.3160629394852566,ok
42_WBC,LODA,5,0.0519654955714941,0.0013449806720018387,0.05335509590804577,0.96875,0.6333333333333333,ok
39_vertebral,DyCG,1,11.953151896595955,5.160703057423234,17.113891480490565,0.49206349206349204,0.12526029213204223,ok
20_letter,UCF_8,3,0.00025827810168266296,4.620481643825769,4.620756302028894,0.8461481481481482,0.3207477326951026,ok
46_WPBC,KernelCF_lin_3,4,0.45264415442943573,0.41749670915305614,0.8701588120311499,0.47049689440993786,0.21604489782314487,ok
42_WBC,IForest,5,0.6478510107845068,0.04689553380012512,0.694755956530571,0.9895833333333334,0.8666666666666667,ok
2_annthyroid,UCF_2,3,0.00024594739079475403,2.5494746565818787,2.5497332513332367,0.561221875,0.12680744029815266,ok
20_letter,UCG,3,0.00022047758102416992,5.371483547613025,5.371732527390122,0.8496296296296296,0.3347143343433025,ok
47_yeast,PCA,5,0.0022928770631551743,0.0002698563039302826,0.0025816429406404495,0.42631131399928385,0.317134986808336,ok
39_vertebral,KernelCF_rbf,1,2.061392556875944,1.7687914427369833,3.8301983550190926,0.46737213403880074,0.12975479744502594,ok
46_WPBC,KernelCF_lin_4,4,1.3502482175827026,1.202504364773631,2.5527683589607477,0.4642857142857143,0.2151737204313914,ok
24_mnist,DyCF_2,4,,,,,,error
39_vertebral,KernelCF_lin_2,1,2.290381783619523,0.4484852571040392,2.738899391144514,0.3315696649029982,0.09799835327658205,ok
42_WBC,PCA,5,0.002044735476374626,0.00023249536752700806,0.002291116863489151,0.9791666666666666,0.8095238095238095,ok
20_letter,KNN,4,3.761781070381403,2.4119464345276356,6.17375935614109,0.8456296296296296,0.3146833151277149,ok
2_annthyroid,UCF_3,3,0.00022605061531066895,4.702245032414794,4.702484158799052,0.5822625,0.13309403840528644,ok
47_yeast,DyCF_2,5,6.817281140014529,2.516567239537835,9.333864379674196,0.43937969924812026,0.3028546980623521,ok
46_WPBC,KernelCF_lin_5,4,1.0784528329968452,0.4173721559345722,1.4958492070436478,0.42701863354037267,0.20770727457555177,ok
34_smtp,UCF_5,2,0.00020453892648220062,416.1863925438374,416.18661354109645,0.7328084970526627,0.34611879305236454,ok
24_mnist,DyCF_3,4,,,,,,ram_kill
42_WBC,DyCF_2,5,2.5214060209691525,1.255350437015295,3.7767739705741405,0.9583333333333334,0.7575757575757576,ok
20_letter,CBLOF,4,14.011130347847939,0.09954523667693138,14.110691295936704,0.768962962962963,0.19793750539056618,ok
46_WPBC,UCF_2,4,0.0002882275730371475,2.30640203692019,2.3067057859152555,0.4906832298136646,0.23390605388840324,ok
39_vertebral,KernelCF_lin_3,1,2.1368853971362114,0.9861615803092718,3.1230736803263426,0.31393298059964725,0.09563469884995367,ok
47_yeast,DyCF_3,5,5.658938284963369,2.3958368953317404,8.054791999980807,0.4780701754385965,0.3170760899568973,ok
2_annthyroid,UCF_4,3,0.00025366805493831635,6.498639691621065,6.498905131593347,0.585515625,0.1336071284234358,ok
22_magic.gamma,KernelCF_lin_3,5,131.62425213493407,17.541449144482613,149.16573177278042,0.7657856161245992,0.5939575184383805,ok
24_mnist,DyCF_4,4,,,,,,error
39_vertebral,KernelCF_lin_4,1,3.2418785467743874,0.3572306502610445,3.599126135930419,0.30511463844797176,0.09469723902501523,ok
20_letter,GMM,4,1.8127916678786278,0.0006169453263282776,1.8134178426116705,0.7943703703703704,0.23338647125958567,ok
42_WBC,DyCF_3,5,5.883486649021506,1.388441177085042,7.2719521671533585,0.3125,0.09169304990200512,ok
2_annthyroid,UCF_5,3,0.00018369033932685852,4.717568524181843,4.717763489112258,0.5922125,0.14043584049367724,ok
24_mnist,DyCF_5,4,,,,,,error
46_WPBC,UCF_3,4,0.00022638030350208282,1.7784706987440586,1.7787084560841322,0.49689440993788825,0.23110305211716914,ok
47_yeast,DyCF_4,5,12.815481463447213,3.059435388073325,15.874933421611786,0.45716970998925893,0.30981478067535084,ok
2_annthyroid,UCF_6,3,0.00025283917784690857,4.415806444361806,4.41607647575438,0.6111843750000001,0.14251600049806842,ok
20_letter,KDE,4,0.8864017929881811,0.8914833944290876,1.777905486524105,0.897925925925926,0.4586454219659039,ok
39_vertebral,KernelCF_lin_5,1,2.151773313060403,0.6976023726165295,2.849392205476761,0.31746031746031744,0.09688355605707447,ok
42_WBC,DyCF_4,5,11.638030288740993,3.1660864800214767,14.804135480895638,0.6666666666666666,0.6815920398009949,ok
24_mnist,DyCG,4,,,,,,error
46_WPBC,UCF_4,4,0.000199049711227417,1.63353980332613,1.6337503716349602,0.4875776397515528,0.22778450859441438,ok
2_annthyroid,UCF_7,3,0.0003144778311252594,4.871401807293296,4.8717344757169485,0.600878125,0.15359620103448857,ok
39_vertebral,UCF_2,1,0.0002261381596326828,2.7528539318591356,2.753092486411333,0.39329805996472667,0.10849653910397167,ok
47_yeast,DyCF_5,5,14.160009877756238,4.091899516060948,18.251922633498907,0.5025957751521661,0.3294793157437015,ok
20_letter,HBOS,4,17.31642805226147,0.000799844041466713,17.317256400361657,0.5714814814814815,0.08416966019861018,ok
9_census,OCSVM,1,,,,,,timeout
46_WPBC,UCF_5,4,0.00028644874691963196,0.5833288356661797,0.5836301557719707,0.48136645962732927,0.2258435358272989,ok
39_vertebral,UCF_3,1,0.00023294053971767426,1.0024975836277008,1.0027436017990112,0.38977072310405647,0.1074614582544261,ok
42_WBC,DyCF_5,5,32.614214427769184,2.980289490893483,35.594516817480326,0.3385416666666667,0.35851511672407194,ok
2_annthyroid,UCF_8,3,0.00023144856095314026,6.005190236493945,6.00543468259275,0.617003125,0.1535428184464659,ok
20_letter,ECOD,4,4.724794389680028,0.22955605573952198,4.954356728121638,0.5938518518518519,0.09125867403177113,ok
22_magic.gamma,KernelCF_lin_4,5,128.92750494368374,20.580096874386072,149.50762253068388,0.7735634986931098,0.5909460429307524,ok
47_yeast,DyCG,5,14.862500261515379,10.728189252316952,25.590718891471624,0.5,0.34080717488789236,ok
46_WPBC,UCF_6,4,0.00024082139134407043,1.5609901770949364,1.5612425059080124,0.44875776397515527,0.2090525704598289,ok
39_vertebral,UCF_4,1,0.00034078769385814667,0.48853497207164764,0.4888974390923977,0.40740740740740744,0.11026488104376755,ok
24_mnist,KernelCF_rbf,4,49.31468828767538,5.474646532908082,54.789351630955935,0.8496401554344577,0.3530477562274233,ok
2_annthyroid,UCG,3,0.00024473853409290314,8.368078656494617,8.36835696361959,0.5893531249999999,0.18562358013875235,ok
9_census,LODA,1,24.41872227191925,22.353711845353246,46.772505696862936,0.3461265788033473,0.04759946964525045,ok
20_letter,OCSVM,4,0.2102676723152399,0.04468496888875961,0.25497437082231045,0.6382222222222222,0.16097963178232602,ok
47_yeast,KernelCF_rbf,5,9.851386399939656,1.4000736624002457,11.251476876437664,0.41040100250626566,0.3094823941341246,ok
39_vertebral,UCF_5,1,0.00020588748157024384,1.2766054049134254,1.27682189270854,0.4409171075837743,0.11679523002103648,ok
46_WPBC,UCF_7,4,0.00019491836428642273,0.8067359607666731,0.8069415371865034,0.4549689440993788,0.21792919491120824,ok
42_WBC,DyCG,5,29.574764585122466,10.501126326620579,40.075919983908534,0.59375,0.05454545454545454,ok
20_letter,LODA,4,0.019829068332910538,0.003517497330904007,0.023379389196634293,0.5768888888888889,0.10584362762897763,ok
2_annthyroid,KNN,4,1.4211022350937128,0.6169003918766975,2.038029197603464,0.808571875,0.22250154103358474,ok
47_yeast,KernelCF_lin_2,5,9.760299747809768,0.9137235675007105,10.674043238162994,0.39424453992123165,0.3039656573664118,ok
24_mnist,KernelCF_lin_2,4,39.71346356905997,1.853792330250144,41.56727460026741,0.8450897886919133,0.36005431941581323,ok
46_WPBC,UCF_8,4,0.0002092067152261734,1.4790982361882925,1.4793204329907894,0.39596273291925466,0.19548763969157296,ok
39_vertebral,UCF_6,1,0.00020598061382770538,1.845628907904029,1.8458447214215994,0.4885361552028219,0.12705918673695157,ok
20_letter,IForest,4,2.385598987340927,0.17337173782289028,2.5589860044419765,0.6513333333333333,0.12999831450299526,ok
42_WBC,KernelCF_rbf,5,3.607702123001218,0.6340831965208054,4.241800982505083,0.9895833333333334,0.8666666666666667,ok
9_census,IForest,1,18.006899259984493,11.371871199458838,29.37879185192287,0.6294177884721155,0.07653612158017804,ok
46_WPBC,UCG,4,0.0002554897218942642,2.197314566001296,2.1976083666086197,0.4518633540372671,0.2169397491982145,ok
39_vertebral,UCF_7,1,0.0002996474504470825,1.1015255767852068,1.101840803399682,0.4444444444444445,0.12405287640581757,ok
42_WBC,KernelCF_lin_2,5,1.9611549079418182,0.9185828268527985,2.8797523640096188,0.9791666666666666,0.7222222222222222,ok
20_letter,PCA,4,0.37888328917324543,0.0006514955312013626,0.3795461766421795,0.5702222222222223,0.09466903127444758,ok
2_annthyroid,CBLOF,4,16.337321888655424,0.1359221264719963,16.473259082064033,0.688703125,0.18228685814058665,ok
47_yeast,KernelCF_lin_3,5,8.57909606397152,1.1370355412364006,9.71614851243794,0.4036206587898317,0.30517274855835436,ok
39_vertebral,UCF_8,1,0.00023790821433067322,1.4913079291582108,1.4915578495711088,0.4938271604938272,0.12777558671021821,ok
24_mnist,KernelCF_lin_3,4,44.37728628702462,1.626266771927476,46.00357351079583,0.8526269802947736,0.3760603416538448,ok
2_annthyroid,GMM,4,1.1533878520131111,0.0004851389676332474,1.1538894791156054,0.6555968750000001,0.15646380974334692,ok
46_WPBC,KNN,5,1.7812496721744537,1.9434087853878736,3.7246796004474163,0.5388198757763976,0.247236392864507,ok
42_WBC,KernelCF_lin_3,5,2.8815957345068455,0.630679814144969,3.5122940372675657,0.9739583333333334,0.5555555555555556,ok
47_yeast,KernelCF_lin_4,5,12.605766979977489,1.855385398492217,14.461167894303799,0.4070667740780523,0.310267509816196,ok
39_vertebral,UCG,1,0.0002751406282186508,2.5446456596255302,2.544948697090149,0.5520282186948854,0.15253643173785947,ok
22_magic.gamma,KernelCF_lin_5,5,176.60591733269393,13.404803112149239,190.01073905453086,0.7747330980032875,0.5866667542518447,ok
20_letter,DyCF_2,4,24.516710160300136,11.552837278693914,36.069564778357744,0.8621481481481482,0.3317201424691254,ok
2_annthyroid,KDE,4,5.05003921687603,2.2426538225263357,7.292713060975075,0.7031593749999999,0.1776536820000828,ok
42_WBC,KernelCF_lin_4,5,2.5550663974136114,0.987727215513587,3.542808150872588,0.96875,0.5317460317460317,ok
39_vertebral,KNN,2,0.002157377079129219,0.0006341747939586639,0.0028150640428066254,0.41093474426807763,0.11346335489724288,ok
47_yeast,KernelCF_lin_5,5,8.825779162347317,1.2579083144664764,10.083705645054579,0.41089330469029717,0.312218865888418,ok
24_mnist,KernelCF_lin_4,4,40.419482039287686,2.586870636790991,43.00637178309262,0.8608378745027706,0.38903702337553453,ok
46_WPBC,CBLOF,5,18.017874121665955,0.0008009839802980423,18.01869521662593,0.4953416149068323,0.23849211456243066,ok
2_annthyroid,HBOS,4,10.970708141103387,0.0006216652691364288,10.9713633377105,0.6137765625000001,0.21639158662292488,ok
42_WBC,KernelCF_lin_5,5,5.019598055630922,0.95859863050282,5.978212539106607,0.9583333333333334,0.45833333333333326,ok
22_magic.gamma,UCF_2,5,0.00023223087191581726,16.444751949980855,16.44499895721674,0.8272246773193933,0.7688472313707874,ok
34_smtp,UCF_6,2,0.00018734857439994812,463.6371504049748,463.63734769262373,0.7350005061477485,0.33045536001618475,ok
47_yeast,UCF_2,5,0.00020656920969486237,1.8807582929730415,1.8809777405112982,0.3727846401718582,0.28520703472226716,ok
39_vertebral,CBLOF,2,9.928278809413314,0.0006674043834209442,9.928954683244228,0.4691358024691358,0.12849644814027106,ok
2_annthyroid,ECOD,4,0.619127381592989,0.023518148809671402,0.6426562890410423,0.8065749999999998,0.26980159333417963,ok
46_WPBC,GMM,5,0.9757359046489,0.00029435940086841583,0.9760442730039358,0.4549689440993789,0.27527579536405344,ok
42_WBC,UCF_2,5,0.0002196580171585083,1.7137160766869783,1.713947294279933,0.9895833333333334,0.8666666666666667,ok
24_mnist,KernelCF_lin_5,4,43.68041964434087,2.4070667754858732,46.08750206977129,0.8676139891011934,0.39892769100771497,ok
20_letter,DyCF_3,4,79.33579355292022,10.490820663049817,89.82663086429238,0.44,0.13905407144620624,ok
47_yeast,UCF_3,5,0.0002287309616804123,1.3904539290815592,1.3906941693276167,0.3720909416398138,0.2838926844829646,ok
39_vertebral,GMM,2,0.4177609570324421,0.0002991408109664917,0.4180955719202757,0.4779541446208113,0.12655824072820746,ok
46_WPBC,KDE,5,0.003918208181858063,0.0014528315514326096,0.005396068096160889,0.5077639751552795,0.24544530554189853,ok
22_magic.gamma,UCF_3,5,0.00020764954388141632,21.702480740845203,21.702702797949314,0.8229202931745304,0.7642610796011188,ok
2_annthyroid,OCSVM,4,3.239076938480139,0.6080381888896227,3.8471319042146206,0.699634375,0.18421920739634698,ok
42_WBC,UCF_3,5,0.00031617656350135803,1.0335780754685402,1.0339098945260048,0.984375,0.8333333333333333,ok
24_mnist,UCF_2,4,0.0002581179141998291,5.74425551854074,5.744529956951737,0.8040054264100618,0.3235828492036436,ok
39_vertebral,KDE,2,0.00314498133957386,0.0011729151010513306,0.004337133839726448,0.3880070546737214,0.10771906727460931,ok
2_annthyroid,LODA,4,0.07411381974816322,0.021930936723947525,0.09607556834816933,0.3216328125,0.0636868971404,ok
47_yeast,UCF_4,5,0.00028391554951667786,3.3708108104765415,3.3711158744990826,0.3693161475116362,0.2836315303029056,ok
22_magic.gamma,UCF_4,5,0.00021625123918056488,19.374791771173477,19.37502044811845,0.8257954514833878,0.7653983996043294,ok
42_WBC,UCF_4,5,0.00017986074090003967,0.7340738382190466,0.7342643365263939,0.9791666666666666,0.8095238095238095,ok
46_WPBC,HBOS,5,14.680801531299949,0.0002536103129386902,14.681086238473654,0.5636645962732919,0.25346793177750737,ok
24_mnist,UCF_3,4,0.00022974982857704163,4.401837402954698,4.40208063274622,0.8058448874479777,0.3548703543285535,ok
2_annthyroid,IForest,4,0.4148314855992794,0.1425501834601164,0.5573957990854979,0.802415625,0.26553791121764886,ok
39_vertebral,HBOS,2,19.905099084600806,0.0002272091805934906,19.90535417944193,0.31922398589065254,0.0971495374177163,ok
47_yeast,UCF_5,5,0.00024263747036457062,2.746423065662384,2.746679985895753,0.3710615825277479,0.28442691536893466,ok
42_WBC,UCF_5,5,0.0002207104116678238,1.7059184797108173,1.7061506789177656,0.9739583333333334,0.7916666666666666,ok
22_magic.gamma,UCF_5,5,0.0002192612737417221,25.36854071728885,25.368772715330124,0.8261951981892162,0.7647580420243584,ok
2_annthyroid,PCA,4,0.003671439364552498,0.0004967488348484039,0.004185033962130547,0.6939625,0.19075307872971126,ok
46_WPBC,ECOD,5,4.55661322362721,0.21508823707699776,4.771710278466344,0.49534161490683226,0.23743096842529632,ok
24_mnist,UCF_4,4,0.00021445751190185547,6.013810023665428,6.0140390414744616,0.7920673242739877,0.341562069952151,ok
39_vertebral,ECOD,2,2.248258601874113,0.0012309122830629349,2.2494989540427923,0.3721340388007055,0.11372420159410168,ok
47_yeast,UCF_6,5,0.00025845877826213837,1.9831527676433325,1.9834248051047325,0.426467955603294,0.2985811420529519,ok
42_WBC,UCF_6,5,0.00027946941554546356,0.7915354110300541,0.7918315697461367,0.9791666666666666,0.8095238095238095,ok
46_WPBC,OCSVM,5,0.0030385013669729233,0.000585576519370079,0.0036506690084934235,0.5,0.24210079574330756,ok
2_annthyroid,DyCF_2,4,4.41293372027576,4.301666082814336,8.714611751958728,0.7370468750000001,0.1849228164761272,ok
22_magic.gamma,UCF_6,5,0.0002622697502374649,21.819403344765306,21.819678304716945,0.8018183287973916,0.7402848599007139,ok
24_mnist,UCF_5,4,0.00032540038228034973,7.559693835675716,7.560043564066291,0.7737830815571038,0.3246999763703726,ok
47_yeast,UCF_7,5,0.0002450793981552124,3.987905727699399,3.988165283575654,0.3707035445757251,0.284717767825945,ok
39_vertebral,OCSVM,2,0.0026497244834899902,0.0005145873874425888,0.003174247220158577,0.5061728395061729,0.13336731228926318,ok
46_WPBC,LODA,5,0.054087571799755096,0.0012521538883447647,0.05541561171412468,0.5310559006211181,0.2559817756936152,ok
42_WBC,UCF_7,5,0.00038507767021656036,1.6233756598085165,1.6237793769687414,0.9791666666666666,0.8095238095238095,ok
24_mnist,UCF_6,4,0.033470747992396355,7.265571318566799,7.2990634851157665,0.7460876963049827,0.28163173719914414,ok
2_annthyroid,DyCF_3,4,7.101690862327814,4.288604812696576,11.390321014449,0.7749468749999999,0.20019222934966896,ok
46_WPBC,IForest,5,1.7686906773597002,0.17481805942952633,1.9435230698436499,0.5403726708074534,0.25678637315150427,ok
22_magic.gamma,UCF_7,5,0.0005908086895942688,18.837243163958192,18.837862871587276,0.8168689876316996,0.7507325076558511,ok
47_yeast,UCF_8,5,0.00021797604858875275,2.9653082247823477,2.9655367229133844,0.4001297887576083,0.29423310187508017,ok
42_WBC,UCF_8,5,0.00025609880685806274,1.472631361335516,1.4729023221880198,0.6614583333333334,0.5704809286898839,ok
39_vertebral,LODA,2,0.01209309883415699,0.0011698231101036072,0.013292917981743813,0.4744268077601411,0.1538033556309783,ok
46_WPBC,PCA,5,0.0033473707735538483,0.00032202713191509247,0.0036868471652269363,0.4953416149068323,0.24280867970947617,ok
24_mnist,UCF_7,4,0.0003543291240930557,8.20152286440134,8.201903190463781,0.7152537306569174,0.2845737358768262,ok
2_annthyroid,DyCF_4,4,8.643521036952734,4.970452100038528,13.61399569362402,0.815090625,0.23617621256793242,ok
47_yeast,UCG,5,0.00027821026742458344,4.426843827590346,4.427156483754516,0.4539249910490512,0.31012507607595863,ok
42_WBC,UCG,5,0.0002171304076910019,1.9065558649599552,1.9068018309772015,0.9114583333333334,0.5069444444444444,ok
39_vertebral,IForest,2,0.46198733896017075,0.029708951711654663,0.49171450920403004,0.43033509700176364,0.1198481023445073,ok
22_magic.gamma,UCF_8,5,0.0002523474395275116,30.312829902395606,30.31309544853866,0.8001697609873084,0.7401019669225172,ok
24_mnist,UCF_8,4,0.00022125057876110077,8.834155367687345,8.834389384835958,0.727182635487802,0.3011756824732257,ok
2_annthyroid,DyCF_5,4,9.0640615131706,3.19081705249846,12.254893723875284,0.8409656249999998,0.2797649436870201,ok
28_pendigits,KNN,1,13.237047737464309,9.92464723624289,23.161741472780704,0.7473747596610957,0.07987658887550982,ok
39_vertebral,PCA,2,0.0021873265504837036,0.0002440083771944046,0.0024477746337652206,0.37389770723104054,0.10479138705683329,ok
46_WPBC,DyCF_2,5,23.854662992060184,16.191223554313183,40.04590190760791,0.48913043478260865,0.29917738170761754,ok
24_mnist,UCG,4,0.0002607479691505432,8.944811860099435,8.945114575326443,0.6380239589800188,0.24024841939207878,ok
30_satellite,KNN,1,9.748600983992219,4.613062236458063,14.361691918224096,0.6717043594703169,0.5348554113840223,ok
22_magic.gamma,UCG,5,0.00026095472276210785,32.77947754226625,32.77977654337883,0.7740027215650347,0.6991439399331615,ok
9_census,PCA,1,,,,,,error
2_annthyroid,DyCG,4,7.744688535109162,9.512318516150117,17.25703540071845,0.35026250000000003,0.05858660521069295,ok
39_vertebral,DyCF_2,2,2.80256362631917,0.2336330432444811,3.036211047321558,0.4373897707231041,0.12192502453063661,ok
28_pendigits,CBLOF,1,19.70637296885252,0.09875468164682388,19.805145658552647,0.8427919457415116,0.08870086688927299,ok
30_satellite,CBLOF,1,16.147841427475214,0.09242681972682476,16.240284288302064,0.7245102415315181,0.5881786349890337,ok
43_WDBC,KNN,1,0.800525514408946,1.1592653896659613,1.9598103947937489,0.9845679012345679,0.6984126984126984,ok
24_mnist,KNN,5,14.050812875851989,9.076152101159096,23.126997396349907,0.8449679243981513,0.3897082116174508,ok
39_vertebral,DyCF_3,2,4.008653050288558,1.6798436511307955,5.688526231795549,0.417989417989418,0.11321147987814655,ok
6_cardio,DyCG,5,,,,,,ram_kill
20_letter,DyCF_4,4,,,,,,ram_kill
28_pendigits,GMM,1,2.4687394723296165,0.03918714448809624,2.5079363733530045,0.7557522871812208,0.06830950547890861,ok
30_satellite,GMM,1,4.214689690619707,0.1283602025359869,4.343059649690986,0.6260055547289589,0.4952283447888987,ok
2_annthyroid,KernelCF_rbf,4,28.549568995833397,5.319157129153609,33.86875669285655,0.59050625,0.12399689326372834,ok
43_WDBC,CBLOF,1,3.4587323535233736,0.0009348243474960327,3.459677157923579,1.0,1.0,ok
46_WPBC,DyCF_3,5,87.86128165572882,9.277668660506606,97.13897441700101,0.5496894409937888,0.2794790067889229,ok
20_letter,DyCF_5,4,,,,,,error
39_vertebral,DyCF_4,2,4.594243135303259,1.1865319069474936,5.7807911187410355,0.4991181657848325,0.13025577847013922,ok
24_mnist,CBLOF,5,14.375166788697243,0.09981549717485905,14.474997585639358,0.8385229127865536,0.37039971451278353,ok
6_cardio,KernelCF_rbf,5,8.035966128110886,2.4194824174046516,10.455466205254197,0.9426369537982613,0.5483149966635268,ok
28_pendigits,KDE,1,5.827408133074641,2.0261609107255936,7.853588804602623,0.8857677111284836,0.11923816180505807,ok
34_smtp,UCF_7,2,0.0001987982541322708,462.18509529158473,462.1853100601584,0.7288138232843537,0.4016705457054522,ok
20_letter,DyCG,4,,,,,,error
43_WDBC,GMM,1,1.0285379830747843,0.0003221556544303894,1.0288745313882828,0.9783950617283951,0.6666666666666666,ok
39_vertebral,DyCF_5,2,6.570094490423799,3.108929416164756,9.679035706445575,0.63668430335097,0.17770095353222115,ok
30_satellite,KDE,1,15.436752621084452,1.3071680329740047,16.743953693658113,0.7642835887516739,0.6116701162873683,ok
2_annthyroid,KernelCF_lin_2,4,29.252543771639466,0.8145549427717924,30.067115772515535,0.44845,0.0967090144767565,ok
28_pendigits,HBOS,1,12.468216951936483,0.0013230014592409134,12.46956842392683,0.9190454055652982,0.20585920532311636,ok
6_cardio,KernelCF_lin_2,5,11.80323781259358,0.7653824985027313,12.568636124953628,0.924034774685851,0.4697760569287567,ok
24_mnist,GMM,5,10.519516360014677,0.3068968188017607,10.826441695913672,0.8520199581522614,0.3754198373812624,ok
43_WDBC,KDE,1,0.13906003534793854,0.00398535281419754,0.1430591307580471,0.9506172839506173,0.4909090909090909,ok
20_letter,KernelCF_rbf,4,12.326093304902315,3.417146008461714,15.743251940235496,0.6101481481481481,0.09988290575875139,ok
39_vertebral,DyCG,2,10.195253517478704,6.7779861483722925,16.97326799482107,0.335978835978836,0.09558236518404403,ok
28_pendigits,ECOD,1,3.0729874335229397,0.5162666253745556,3.589260049164295,0.926186904434913,0.2142261522312126,ok
30_satellite,HBOS,1,8.005294069647789,0.0022944845259189606,8.00760961137712,0.7649196548132718,0.6992823665555868,ok
6_cardio,KernelCF_lin_3,5,9.689050685614347,1.6844020746648312,11.373466599732637,0.9021677233210584,0.4024097973820443,ok
2_annthyroid,KernelCF_lin_3,4,21.7789762429893,0.8904993254691362,22.669492948800325,0.41075624999999993,0.09227252810721068,ok
20_letter,KernelCF_lin_2,4,2.1873428504914045,1.1915991473942995,3.3789625950157642,0.6373333333333333,0.15471974507323202,ok
43_WDBC,HBOS,1,8.472375623881817,0.00027109868824481964,8.472668532282114,1.0,1.0,ok
28_pendigits,OCSVM,1,1.4054517801851034,0.24994448013603687,1.6554125789552927,0.9279300217625558,0.18773263456394462,ok
30_satellite,ECOD,1,3.0385587010532618,0.12084763683378696,3.159418808296323,0.5935748648514606,0.5444245747045231,ok
39_vertebral,KernelCF_rbf,2,3.204633954912424,0.5978535246104002,3.802503000944853,0.3597883597883598,0.10299356244478197,ok
6_cardio,KernelCF_lin_4,5,6.251370802521706,0.8040853515267372,7.05547496303916,0.8681902737177783,0.3495630590470302,ok
24_mnist,KDE,5,16.45442888699472,13.56807759590447,30.02253309264779,0.7869743165252581,0.31973467569862574,ok
20_letter,KernelCF_lin_3,4,13.128625843673944,1.172418175265193,14.301064880564809,0.6016296296296296,0.15639617983288684,ok
9_census,DyCF_2,1,,,,,,ram_kill
43_WDBC,ECOD,1,0.7043303567916155,0.0024449434131383896,0.7067807633429766,0.9938271604938271,0.8666666666666667,ok
28_pendigits,LODA,1,0.09289994463324547,0.010457487776875496,0.10340886190533638,0.9434913055420567,0.19855040396600482,ok
30_satellite,OCSVM,1,2.7504131719470024,0.5904214065521955,3.3408450800925493,0.6779534295491743,0.6668261365291858,ok
13_fraud,DyCF_3,1,986.0785005036741,380.48689508251846,1366.5654253382236,0.9638384588938549,0.6105683199289399,ok
39_vertebral,KernelCF_lin_2,2,2.9836216382682323,0.37070892192423344,3.3543453756719828,0.29100529100529104,0.09373882502767465,ok
6_cardio,KernelCF_lin_5,5,5.827607791870832,0.5701057687401772,6.397734772413969,0.8228237348620022,0.29682891163543945,ok
24_mnist,HBOS,5,6.006426498293877,0.019343914464116096,6.0258631482720375,0.5654664183394265,0.11024384864693394,ok
9_census,DyCF_3,1,,,,,,error
30_satellite,LODA,1,0.278902068734169,0.06607708893716335,0.3450156282633543,0.6326166741060358,0.6366994438290858,ok
28_pendigits,IForest,1,0.4635001067072153,0.04795628786087036,0.5114775355905294,0.9322930972553826,0.2049234519936635,ok
20_letter,KernelCF_lin_4,4,13.071418430656195,1.6647902000695467,14.736223360523582,0.562888888888889,0.15839863571123677,ok
2_annthyroid,KernelCF_lin_4,4,31.754315935075283,3.4342424236238003,35.18858343549073,0.394134375,0.09077183922855696,ok
39_vertebral,KernelCF_lin_3,2,1.654366884380579,0.34647562727332115,2.000861819833517,0.2945326278659612,0.09450363633332631,ok
43_WDBC,OCSVM,1,0.006526719778776169,0.0013592932373285294,0.007902611047029495,0.9907407407407407,0.8333333333333333,ok
6_cardio,UCF_2,5,0.00028670765459537506,1.9411216024309397,1.941421240568161,0.8434379864090201,0.4268645628938728,ok
24_mnist,ECOD,5,2.3476393558084965,0.4781793672591448,2.825831973925233,0.7372835759122577,0.17388565704049572,ok
9_census,DyCF_4,1,,,,,,error
28_pendigits,PCA,1,0.005111167207360268,0.0007993839681148529,0.005926143378019333,0.9339200067611824,0.18866920717376887,ok
39_vertebral,KernelCF_lin_4,2,1.7939440868794918,0.8047522846609354,2.5987101551145315,0.2998236331569665,0.09543511345596782,ok
20_letter,KernelCF_lin_5,4,2.42496145516634,0.8711358234286308,3.2961127925664186,0.5333333333333333,0.14830168998513452,ok
30_satellite,IForest,1,1.8506451416760683,0.3306271340698004,2.1812881641089916,0.7167695779397907,0.686735354056162,ok
43_WDBC,LODA,1,0.013406278565526009,0.001797279343008995,0.01523301936686039,0.9845679012345679,0.6984126984126984,ok
6_cardio,UCF_3,5,0.00023419782519340515,1.6723158825188875,1.6725624315440655,0.8086253369272237,0.3625052394065243,ok
24_mnist,OCSVM,5,9.46443404816091,1.2591940928250551,10.72364454343915,0.8619116598836539,0.39366770460844613,ok
30_satellite,PCA,1,0.30264775454998016,0.0023700762540102005,0.3050432465970516,0.6094256807022764,0.6188156976535318,ok
39_vertebral,KernelCF_lin_5,2,3.8024387806653976,0.5346188750118017,4.337073935195804,0.32451499118165783,0.0992238198762532,ok
43_WDBC,IForest,1,0.18739139288663864,0.008112041279673576,0.19552387483417988,0.9969135802469136,0.9166666666666665,ok
20_letter,UCF_2,4,0.00022091902792453766,3.235204830765724,3.235437799245119,0.7813333333333333,0.27773188380735975,ok
2_annthyroid,KernelCF_lin_5,4,42.182316394522786,2.890213403850794,45.07254538871348,0.386428125,0.09170947741522492,ok
9_census,DyCF_5,1,,,,,,error
6_cardio,UCF_4,5,0.00025049038231372833,3.923627283424139,3.923892131075263,0.7657643977069966,0.29713718642391457,ok
28_pendigits,DyCF_2,1,12.658614525571465,10.175492191687226,22.834125265479088,0.7877516955777641,0.0758322341249331,ok
24_mnist,LODA,5,19.517713200300932,0.05900274217128754,19.57673983089626,0.6581890506081719,0.17110619476327518,ok
39_vertebral,UCF_2,2,0.0002497006207704544,0.5048635564744473,0.5051269251853228,0.35097001763668434,0.10099418028161941,ok
43_WDBC,PCA,1,0.0029719024896621704,0.0003106165677309036,0.003297518938779831,0.9969135802469136,0.9166666666666665,ok
20_letter,UCF_3,4,0.0002104286104440689,2.9130503963679075,2.9132726043462753,0.784074074074074,0.2641113410147209,ok
2_annthyroid,UCF_2,4,0.00029496103525161743,4.535694928839803,4.536005109548569,0.6024625,0.13748524357360944,ok
6_cardio,UCF_5,5,0.00025573745369911194,3.8817100282758474,3.8819783963263035,0.7244220037204359,0.2449306342197071,ok
24_mnist,IForest,5,3.5839943047612906,0.3520259354263544,3.9360721576958895,0.8377319445402497,0.3201442802045377,ok
9_census,DyCG,1,,,,,,error
28_pendigits,DyCF_3,1,12.318350318819284,10.064195798709989,22.38256700709462,0.7629360434405966,0.07166357272310064,ok
30_satellite,DyCF_2,1,18.758418783545494,22.583778716623783,41.34221873246133,0.6362818033030799,0.4973751208719803,ok
39_vertebral,UCF_3,2,0.00023160874843597412,1.1254450920969248,1.1256880685687065,0.3738977072310406,0.1042864733715525,ok
20_letter,UCF_4,4,0.0002710316330194473,3.6678091026842594,3.668097445741296,0.8139259259259259,0.3236749996035562,ok
2_annthyroid,UCF_3,4,0.00044897571206092834,3.618763914331794,3.6192355193197727,0.6095843750000001,0.1402609403636954,ok
6_cardio,UCF_6,5,0.0002587083727121353,3.564487414434552,3.5647599324584007,0.737443529099123,0.23659470045301606,ok
24_mnist,PCA,5,,,,,,error
39_vertebral,UCF_4,2,0.0002886969596147537,2.0865442007780075,2.086845390498638,0.4126984126984127,0.11027040043422423,ok
43_WDBC,DyCF_2,1,21.907636808231473,11.941507244482636,33.84916039556265,0.04012345679012345,0.018708089296324594,ok
46_WPBC,DyCF_4,5,,,,,,ram_kill
20_letter,UCF_5,4,0.0005519259721040726,4.179172920063138,4.179736675694585,0.8342962962962963,0.37161271074074126,ok
6_cardio,UCF_7,5,0.00042448751628398895,2.7660810612142086,2.766520569100976,0.6954177897574124,0.21119667297847597,ok
2_annthyroid,UCF_4,4,0.0011359229683876038,3.723615860566497,3.724784232676029,0.6257187500000001,0.14324083670544527,ok
9_census,KernelCF_rbf,1,,,,,,ram_kill
13_fraud,DyCF_4,1,,,,,,ram_kill
28_pendigits,DyCF_4,1,70.83649101108313,11.65688432380557,82.4933998156339,0.8032495932726236,0.0875384692512295,ok
46_WPBC,DyCF_5,5,,,,,,error
20_letter,UCF_6,4,0.00025337934494018555,4.047380754724145,4.047649638727307,0.7771851851851851,0.35655363266910856,ok
39_vertebral,UCF_5,2,0.0003484487533569336,2.3974775951355696,2.3978372011333704,0.41975308641975306,0.11165825081012992,ok
6_cardio,UCF_8,5,0.00030608847737312317,2.123217836022377,2.1235408931970596,0.6772711742151019,0.20633559254639453,ok
2_annthyroid,UCF_5,4,0.0002680104225873947,6.4595083352178335,6.459789052605629,0.639428125,0.1408532914870214,ok
20_letter,UCF_7,4,0.0003621187061071396,2.8065039552748203,2.8068861439824104,0.8261481481481482,0.37214801523505736,ok
6_cardio,UCG,5,0.0003169681876897812,6.183355927467346,6.183717543259263,0.33806613264492613,0.08805138616634955,ok
46_WPBC,DyCG,5,,,,,,error
39_vertebral,UCF_6,2,0.000670088455080986,1.5739370547235012,1.5746202878654003,0.44973544973544977,0.11948505233527193,ok
43_WDBC,DyCF_3,1,48.848308715969324,14.656237091869116,63.50456762500107,0.35493827160493824,0.34885685160914515,ok
13_fraud,DyCF_5,1,,,,,,ram_kill
9_census,KernelCF_lin_2,1,,,,,,ram_kill
2_annthyroid,UCF_6,4,0.0002734176814556122,6.402087140828371,6.402373559772968,0.6455843750000001,0.13850088083817444,ok
39_vertebral,UCF_7,2,0.0002781786024570465,2.2309181448072195,2.2312100306153297,0.4673721340388007,0.12573600345156896,ok
20_letter,UCF_8,4,0.0004048403352499008,3.709105296060443,3.7095349337905645,0.8237037037037036,0.3820361379965608,ok
46_WPBC,KernelCF_rbf,5,2.0031575933098793,1.7207727264612913,3.7239472195506096,0.5170807453416149,0.2438878532197275,ok
31_satimage-2,KNN,1,12.719060231000185,4.8431919775903225,17.562276374548674,0.9311738648947951,0.30094294360104024,ok
30_satellite,DyCF_3,1,149.56568761356175,29.24418052099645,178.8099263291806,0.4963224718543867,0.425831330993264,ok
43_WDBC,DyCF_4,1,,,,,,ram_kill
24_mnist,DyCF_2,5,,,,,,error
13_fraud,DyCG,1,,,,,,ram_kill
2_annthyroid,UCF_7,4,0.0004881788045167923,4.401572095230222,4.402075100690126,0.610896875,0.13588766233307575,ok
20_letter,UCG,4,0.0003097672015428543,2.997125171124935,2.997463159263134,0.8588888888888889,0.30797552573207615,ok
34_smtp,UCF_8,2,0.00022973865270614624,509.29591317661107,509.2961576413363,0.739061368467774,0.4387041247197391,ok
39_vertebral,UCF_8,2,0.0003588870167732239,1.0110808052122593,1.0114514958113432,0.4779541446208113,0.12364865232950575,ok
46_WPBC,KernelCF_lin_2,5,0.661671981215477,0.3753926269710064,1.0370841771364212,0.5978260869565217,0.2693801676344215,ok
31_satimage-2,CBLOF,1,12.009030951187015,0.12823152355849743,12.137285493314266,0.9978682170542635,0.9625850340136057,ok
43_WDBC,DyCF_5,1,,,,,,error
9_census,KernelCF_lin_3,1,,,,,,ram_kill
39_vertebral,UCG,2,0.0003254469484090805,1.3797223828732967,1.3800796680152416,0.47619047619047616,0.13044651696423715,ok
20_letter,KNN,5,1.4290777519345284,1.1966429594904184,2.6257707495242357,0.8705925925925926,0.31541448875610273,ok
2_annthyroid,UCF_8,4,0.0005921553820371628,4.858025187626481,4.858641531318426,0.654353125,0.14641807091344056,ok
24_mnist,DyCF_3,5,,,,,,ram_kill
30_satellite,DyCF_4,1,,,,,,ram_kill
46_WPBC,KernelCF_lin_3,5,0.5074780751019716,0.33938221260905266,0.8468818496912718,0.6149068322981366,0.29446880587282304,ok
8_celeba,DyCF_3,1,,,,,,error
43_WDBC,DyCG,1,,,,,,error
31_satimage-2,GMM,1,11.806441450491548,0.16308494098484516,11.969548780471087,0.9783499446290144,0.26135603752921727,ok
13_fraud,KernelCF_rbf,1,,,,,,ram_kill
39_vertebral,KNN,3,0.003952816128730774,0.0009824354201555252,0.0049658603966236115,0.3686067019400353,0.10415044780445896,ok
46_WPBC,KernelCF_lin_4,5,1.2153452429920435,0.9588371030986309,2.174205679446459,0.6211180124223603,0.3177870218753678,ok
30_satellite,DyCF_5,1,,,,,,error
2_annthyroid,UCG,4,0.000308377668261528,7.265582708641887,7.265927027910948,0.686353125,0.1594414720169866,ok
24_mnist,DyCF_4,5,,,,,,error
20_letter,CBLOF,5,9.093807397410274,0.030812513083219528,9.124634522944689,0.7517037037037038,0.1808431396539864,ok
31_satimage-2,KDE,1,5.412726033478975,3.13076763600111,8.54355994425714,0.9566168327796234,0.2489403838718653,ok
43_WDBC,KernelCF_rbf,1,4.149669352918863,0.5180597081780434,4.66776261292398,0.9907407407407407,0.8333333333333333,ok
9_census,KernelCF_lin_4,1,,,,,,ram_kill
39_vertebral,CBLOF,3,7.60115223377943,0.0016442090272903442,7.602809144183993,0.3562610229276896,0.10313899693263508,ok
46_WPBC,KernelCF_lin_5,5,0.5811544135212898,0.4565326105803251,1.0377155244350433,0.5885093167701863,0.31566400630473856,ok
2_annthyroid,KNN,5,0.5150721054524183,0.7367083132266998,1.2518042530864477,0.7837718750000001,0.2095168507719173,ok
30_satellite,DyCG,1,,,,,,error
24_mnist,DyCF_5,5,,,,,,error
8_celeba,DyCF_4,1,,,,,,ram_kill
20_letter,GMM,5,1.5079418532550335,0.001086842268705368,1.5090581253170967,0.8204444444444444,0.2640744995529708,ok
13_fraud,KernelCF_lin_2,1,,,,,,ram_kill
43_WDBC,KernelCF_lin_2,1,4.135189842432737,0.4966207593679428,4.631843039765954,0.9629629629629629,0.55,ok
46_WPBC,UCF_2,5,0.00022136792540550232,0.7243240159004927,0.7245583925396204,0.5714285714285714,0.31111070477546265,ok
31_satimage-2,HBOS,1,5.607331680133939,0.003245169296860695,5.610619351267815,0.9838039867109635,0.7393410157022622,ok
8_celeba,DyCF_5,1,,,,,,error
39_vertebral,GMM,3,0.6933203842490911,0.0002841167151927948,0.6936148107051849,0.2962962962962963,0.09347219926909804,ok
24_mnist,DyCG,5,,,,,,error
20_letter,KDE,5,0.20535467192530632,0.07969380915164948,0.2850715611129999,0.9079259259259259,0.35305086337156544,ok
2_annthyroid,CBLOF,5,22.82785897143185,0.16130369156599045,22.98917410336435,0.65098125,0.15078507382860407,ok
46_WPBC,UCF_3,5,0.00033554807305336,0.5285462141036987,0.5289006512612104,0.5807453416149069,0.3149336032546338,ok
30_satellite,KernelCF_rbf,1,21.139644043520093,4.986792331561446,26.12645868398249,0.6338466498040967,0.6525087643594292,ok
43_WDBC,KernelCF_lin_3,1,4.257201541215181,0.6671467926353216,4.924366533756256,0.9444444444444444,0.48333333333333334,ok
31_satimage-2,ECOD,1,2.0430514849722385,0.1041609589010477,2.1472252253443003,0.9760797342192691,0.7071950983501841,ok
13_fraud,KernelCF_lin_3,1,,,,,,ram_kill
8_celeba,DyCG,1,,,,,,error
39_vertebral,KDE,3,0.004030965268611908,0.001361750066280365,0.005434766411781311,0.2433862433862434,0.08785180767254996,ok
2_annthyroid,GMM,5,1.1100407652556896,0.00042773783206939697,1.1104979123920202,0.61570625,0.1458792912168585,ok
9_census,KernelCF_lin_5,1,,,,,,ram_kill
20_letter,HBOS,5,12.624608715996146,0.0007061660289764404,12.625336172059178,0.611111111111111,0.0773679209830739,ok
46_WPBC,UCF_4,5,0.00044922903180122375,1.2166443690657616,1.217115443199873,0.5745341614906833,0.277426045840998,ok
31_satimage-2,OCSVM,1,6.295523256063461,0.7278262730687857,7.023366171866655,0.9967884828349945,0.9596802224539452,ok
43_WDBC,KernelCF_lin_4,1,5.885435152798891,0.6994317658245564,6.584883600473404,0.9259259259259259,0.4642857142857143,ok
24_mnist,KernelCF_rbf,5,32.848952393978834,3.5565729830414057,36.40554607845843,0.8602653422547194,0.33457070986276466,ok
39_vertebral,HBOS,3,3.5788908563554287,0.00027781538665294647,3.5792012233287096,0.15520282186948858,0.08013372390905114,ok
30_satellite,KernelCF_lin_2,1,26.83857600018382,2.1980812828987837,29.03668811544776,0.3462951941675346,0.35905262557554385,ok
8_celeba,KernelCF_rbf,1,,,,,,ram_kill
46_WPBC,UCF_5,5,0.0007037073373794556,0.6536673866212368,0.6543837487697601,0.5574534161490683,0.25943417652537626,ok
20_letter,ECOD,5,0.8692371882498264,0.015050988644361496,0.8842950370162725,0.5837037037037037,0.08321341273913728,ok
2_annthyroid,KDE,5,12.346306815743446,2.5690871328115463,14.915435200557113,0.662759375,0.16896727619910262,ok
31_satimage-2,LODA,1,0.03779619000852108,0.012034615501761436,0.04987161606550217,0.993936877076412,0.8490845237645094,ok
39_vertebral,ECOD,3,0.9169321060180664,0.0012111719697713852,0.9181497097015381,0.26455026455026454,0.09656185155649855,ok
43_WDBC,KernelCF_lin_5,1,3.691386206075549,0.5671273022890091,4.258533917367458,0.9135802469135802,0.45666666666666667,ok
13_fraud,KernelCF_lin_4,1,,,,,,ram_kill
20_letter,OCSVM,5,0.0692665595561266,0.014606313779950142,0.0838870219886303,0.5988888888888889,0.12936152383015617,ok
46_WPBC,UCF_6,5,0.00021275505423545837,1.4453594759106636,1.4455843772739172,0.531055900621118,0.27699069829820433,ok
28_pendigits,DyCF_5,1,410.65051474794745,37.9322631880641,448.5828208010644,0.4010965792642988,0.033810644344757064,ok
39_vertebral,OCSVM,3,0.0029845423996448517,0.000499894842505455,0.003508700057864189,0.25396825396825395,0.08980083002908515,ok
30_satellite,KernelCF_lin_3,1,27.366024792194366,1.7920399270951748,29.15810831077397,0.34232009125626145,0.3204442719840246,ok
2_annthyroid,HBOS,5,22.298402262851596,0.0005189087241888046,22.298950286582112,0.6047578125,0.19944619003061678,ok
31_satimage-2,IForest,1,1.6615885309875011,0.10263806022703648,1.7642399426549673,0.9972868217054263,0.9394604328404954,ok
43_WDBC,UCF_2,1,0.0004907883703708649,1.3325567971915007,1.3330700732767582,0.9907407407407408,0.7555555555555555,ok
20_letter,LODA,5,0.028822218999266624,0.0029669925570487976,0.03183652088046074,0.618962962962963,0.12208466813460926,ok
24_mnist,KernelCF_lin_2,5,44.042632604017854,2.424679024145007,46.467345824465156,0.8547055712676187,0.33639572397980877,ok
46_WPBC,UCF_7,5,0.00021662935614585876,1.6935214325785637,1.6937514133751392,0.56055900621118,0.2631367564407243,ok
39_vertebral,LODA,3,0.11342240683734417,0.001230243593454361,0.11467776820063591,0.1922398589065256,0.08268501801856855,ok
34_smtp,UCG,2,0.0003947075456380844,341.26040590554476,341.2608849853277,0.5228661978959828,0.22373225486058299,ok
8_celeba,KernelCF_lin_2,1,,,,,,ram_kill
13_fraud,KernelCF_lin_5,1,,,,,,ram_kill
43_WDBC,UCF_3,1,0.0009593144059181213,1.4237065259367228,1.42471294850111,0.9814814814814815,0.6805555555555556,ok
31_satimage-2,PCA,1,0.2132421936839819,0.0015542320907115936,0.21481020748615265,0.9861572535991141,0.8438554968111621,ok
2_annthyroid,ECOD,5,3.3882141895592213,0.11727059632539749,3.5054903142154217,0.78215625,0.24971327313417052,ok
20_letter,IForest,5,0.2696738466620445,0.08273694850504398,0.35242438688874245,0.6261481481481481,0.097780567876683,ok
39_vertebral,IForest,3,0.15209119580686092,0.00773395411670208,0.15983723104000092,0.26807760141093473,0.09169473779426998,ok
46_WPBC,UCF_8,5,0.00039452873170375824,0.6858929377049208,0.6863070037215948,0.59472049689441,0.27664793984917213,ok
30_satellite,KernelCF_lin_4,1,15.999144107103348,1.6447605732828379,17.64393173903227,0.354567772652879,0.32228528676113904,ok
34_smtp,KNN,3,1.9402303006500006,0.15826506912708282,2.0985467098653316,0.9162987361880067,0.33139836392245775,ok
2_annthyroid,OCSVM,5,2.618684845045209,0.5541705191135406,3.172866152599454,0.655984375,0.1757992537798406,ok
43_WDBC,UCF_4,1,0.00027173757553100586,1.8687417525798082,1.8690259419381618,0.9660493827160493,0.5396825396825397,ok
46_WPBC,UCG,5,0.00041374005377292633,1.943675059825182,1.9441340267658234,0.4798136645962733,0.24130545542210377,ok
20_letter,PCA,5,0.5018807854503393,0.0005884356796741486,0.5024801213294268,0.5542222222222222,0.08680808530166553,ok
39_vertebral,PCA,3,0.0032414793968200684,0.0002653803676366806,0.003550589084625244,0.23809523809523808,0.0888354398019911,ok
24_mnist,KernelCF_lin_3,5,39.96647844649851,4.096534561365843,44.06303551606834,0.8632613644202249,0.3522054684861295,ok
43_WDBC,UCF_5,1,0.0002701990306377411,0.8453962728381157,0.8456832896918058,0.9537037037037037,0.49831649831649827,ok
2_annthyroid,LODA,5,0.1151930820196867,0.03990068845450878,0.15512482821941376,0.42404687500000005,0.07452847101160943,ok
31_satimage-2,DyCF_2,1,25.35223549976945,25.95534547045827,51.307596949860454,0.9714008859357697,0.23033037602057277,ok
27_PageBlocks,KNN,1,0.1345710251480341,0.057567549869418144,0.19217783585190773,0.8440072274643646,0.42098748874682057,ok
30_satellite,KernelCF_lin_5,1,35.411928065121174,3.655934764072299,39.0679026953876,0.3667931359420721,0.3355647050287809,ok
34_smtp,CBLOF,3,12.50615306571126,0.12020082026720047,12.62636479921639,0.8769321216934924,0.589012062981349,ok
39_vertebral,DyCF_2,3,1.2777340598404408,0.2194779608398676,1.4972298368811607,0.3315696649029983,0.09888570711552078,ok
1_ALOI,KernelCF_rbf,1,,,,,,ram_kill
8_celeba,KernelCF_lin_3,1,,,,,,ram_kill
2_annthyroid,IForest,5,0.40543138049542904,0.01660119742155075,0.4220575988292694,0.7990875000000001,0.27917873961455114,ok
43_WDBC,UCF_6,1,0.0010044630616903305,0.978870302438736,0.9799024853855371,0.9506172839506173,0.4909090909090909,ok
24_mnist,KernelCF_lin_4,5,40.1846304833889,2.5856191366910934,42.77027779072523,0.871263019935159,0.36745225174506,ok
20_letter,DyCF_2,5,29.071473298594356,8.737834794446826,37.80933050252497,0.8946666666666667,0.35429909163950796,ok
30_satellite,UCF_2,1,0.00048657506704330444,2.7186669763177633,2.719180403277278,0.7242771412984179,0.6525003447518853,ok
34_smtp,GMM,3,1.3406159691512585,0.0030823927372694016,1.3437435384839773,0.8277618146564815,0.44838008066854873,ok
2_annthyroid,PCA,5,0.003723789006471634,0.0004381481558084488,0.004181545227766037,0.6533125,0.17808841497131608,ok
39_vertebral,DyCF_3,3,1.8600240647792816,1.898076655343175,3.758118011057377,0.34391534391534395,0.10039213927791757,ok
43_WDBC,UCF_7,1,0.00041248835623264313,0.9088148362934589,0.9092488251626492,0.9444444444444444,0.48333333333333334,ok
27_PageBlocks,CBLOF,1,28.87974895350635,0.3627928700298071,29.24255838058889,0.9241160855696089,0.613066723592864,ok
30_satellite,UCF_3,1,0.0002623703330755234,3.199844079092145,3.200121257454157,0.7344641174428409,0.6297603094072879,ok
39_vertebral,DyCF_4,3,5.851131534203887,1.1447002924978733,6.995848655700684,0.544973544973545,0.14509681067022343,ok
24_mnist,KernelCF_lin_5,5,44.87235857732594,1.9937040992081165,46.866088926792145,0.877510289485181,0.3797478498329203,ok
27_PageBlocks,GMM,1,0.8264389541000128,0.0004388280212879181,0.8268977832049131,0.9126279863481228,0.524257622800991,ok
43_WDBC,UCF_8,1,0.0002833586186170578,2.118777085095644,2.1190765723586082,0.9598765432098766,0.5166666666666666,ok
2_annthyroid,DyCF_2,5,3.1534710191190243,3.6609083637595177,6.814402120187879,0.704890625,0.16923957935242157,ok
8_celeba,KernelCF_lin_4,1,,,,,,ram_kill
30_satellite,UCF_4,1,0.0007389970123767853,5.39738829806447,5.39814961142838,0.7407714625799731,0.5966025334882507,ok
39_vertebral,DyCF_5,3,7.508918905630708,2.1276460997760296,9.636580526828766,0.3315696649029983,0.09829458320932835,ok
43_WDBC,UCG,1,0.0003847181797027588,2.2845825627446175,2.2850072104483843,0.7993827160493827,0.1325825825825826,ok
31_satimage-2,DyCF_3,1,129.36053445748985,37.02579980529845,166.38636130467057,0.36470099667774086,0.11319634815779302,ok
24_mnist,UCF_2,5,0.0003407280892133713,4.866154696792364,4.866516284644604,0.8156216228645008,0.3341504415586166,ok
2_annthyroid,DyCF_3,5,5.261710666120052,3.874217562377453,9.135943368077278,0.738853125,0.18125901596248745,ok
20_letter,DyCF_3,5,122.56365743651986,16.102912848815322,138.66659477353096,0.4861481481481481,0.16860509572578866,ok
27_PageBlocks,KDE,1,11.54010464809835,0.758604696020484,12.298736592754722,0.8998550045729327,0.5100444719052757,ok
30_satellite,UCF_5,1,0.00029735639691352844,6.394337950274348,6.394652308896184,0.7419344839557606,0.5845028135678876,ok
43_WDBC,KNN,2,0.45368786714971066,1.1343784742057323,1.5881030820310116,0.9753086419753088,0.42063492063492064,ok
24_mnist,UCF_3,5,0.00027907826006412506,7.470588445663452,7.470883633941412,0.8088317123082935,0.3419482772250747,ok
39_vertebral,DyCG,3,7.28372360393405,5.29247061163187,12.576228063553572,0.490299823633157,0.12742125764653922,ok
2_annthyroid,DyCF_4,5,5.6473503559827805,6.256197025999427,11.903566909953952,0.784925,0.21096983054746332,ok
27_PageBlocks,HBOS,1,9.613918589428067,0.0007348265498876572,9.614687636494637,0.7564076825269357,0.29978063232038477,ok
8_celeba,KernelCF_lin_5,1,,,,,,ram_kill
31_satimage-2,DyCF_4,1,,,,,,ram_kill
39_vertebral,KernelCF_rbf,3,2.475120620802045,0.8137557115405798,3.2888941410928965,0.2204585537918871,0.0863636091577268,ok
30_satellite,UCF_6,1,0.0004760362207889557,6.85879173129797,6.859281189739704,0.7374051480434459,0.5594210255485443,ok
43_WDBC,CBLOF,2,5.716172529384494,0.001093825325369835,5.717284733429551,0.9722222222222223,0.4206349206349206,ok
24_mnist,UCF_4,5,0.00039650872349739075,8.369211135432124,8.369637811556458,0.7941436159205353,0.31775545202836686,ok
27_PageBlocks,ECOD,1,3.1006521079689264,0.11479716747999191,3.215461354702711,0.9123826094715475,0.5371938043671699,ok
2_annthyroid,DyCF_5,5,7.704846790060401,3.3414350524544716,11.046299383044243,0.819209375,0.24260005589082473,ok
31_satimage-2,DyCF_5,1,,,,,,error
30_satellite,UCF_7,1,0.0002180282026529312,6.456244044005871,6.456477856263518,0.7477123939889898,0.5935894517250919,ok
39_vertebral,KernelCF_lin_2,3,2.3442433290183544,0.39695916324853897,2.741227289661765,0.31393298059964725,0.09650236985496,ok
24_mnist,UCF_5,5,0.00024499930441379547,6.726906310766935,6.7271674778312445,0.7698052470626106,0.2932462836965501,ok
43_WDBC,GMM,2,1.4798824340105057,0.0003601387143135071,1.4802635442465544,0.9166666666666667,0.17678571428571427,ok
31_satimage-2,DyCG,1,,,,,,error
27_PageBlocks,OCSVM,1,2.80919236689806,0.15482791140675545,2.9640400279313326,0.9070557005509826,0.5063793338597705,ok
2_annthyroid,DyCG,5,10.723563559353352,8.375108942389488,19.09871442243457,0.305875,0.0501972908671771,ok
30_satellite,UCF_8,1,0.00022074952721595764,7.897114148363471,7.897346667945385,0.7193126022913257,0.5637268611269118,ok
39_vertebral,KernelCF_lin_3,3,1.78057817555964,0.607780497521162,2.388374423608184,0.3262786596119929,0.09755697090184608,ok
43_WDBC,KDE,2,0.07232417166233063,0.0039109159260988235,0.07625237666070461,0.9290123456790123,0.20555555555555557,ok
24_mnist,UCF_6,5,0.00028874725103378296,5.985984124243259,5.986289620399475,0.7450759927341288,0.26584401587500534,ok
27_PageBlocks,LODA,1,0.13676979206502438,0.029220711439847946,0.16603133641183376,0.7170068482455554,0.3931101889264818,ok
27_PageBlocks,IForest,1,0.5098945535719395,0.03748501464724541,0.5474011059850454,0.8939704209328784,0.4665790261861119,ok
31_satimage-2,KernelCF_rbf,1,23.481576094403863,3.6867321133613586,27.16832765750587,0.991389811738649,0.9418619299571682,ok
39_vertebral,KernelCF_lin_4,3,4.173283230513334,0.8480109144002199,5.021308287978172,0.326278659611993,0.09736307165645633,ok
24_mnist,UCF_7,5,0.00023627839982509613,9.261865062639117,9.2621154114604,0.6997171828654205,0.2458097019081955,ok
30_satellite,UCG,1,0.00041153840720653534,8.518987501040101,8.519431537017226,0.7594504785994147,0.5487576482334747,ok
2_annthyroid,KernelCF_rbf,5,26.120874328538775,2.506802387535572,28.62769728899002,0.557271875,0.11219361337079851,ok
43_WDBC,HBOS,2,10.695688147097826,0.000458376482129097,10.6961903963238,0.9753086419753088,0.5873015873015872,ok
28_pendigits,DyCG,1,468.66896009258926,96.77454031817615,565.4436122998595,0.5258773690549134,0.025569468414677977,ok
27_PageBlocks,PCA,1,0.00510709173977375,0.0005491580814123154,0.005679083988070488,0.8947690111311873,0.484493685015428,ok
39_vertebral,KernelCF_lin_5,3,2.4289106484502554,0.825640520080924,3.254565628245473,0.3350970017636684,0.09887940784519805,ok
43_WDBC,ECOD,2,3.8897196128964424,0.003024563193321228,3.892757274210453,0.9537037037037037,0.34090909090909094,ok
31_satimage-2,KernelCF_lin_2,1,27.09408942423761,1.2279905453324318,28.32210029475391,0.9948504983388704,0.941881919627792,ok
30_satellite,KNN,2,8.127503102645278,5.486642898991704,13.614178532734513,0.6798603878391113,0.5493831394955417,ok
27_PageBlocks,DyCF_2,1,4.566791808232665,3.9849451053887606,8.551751794293523,0.9142251667447412,0.518227745660723,ok
24_mnist,UCF_8,5,0.00023601017892360687,10.485465552657843,10.485714670270681,0.7305994343657308,0.27131580115642445,ok
39_vertebral,UCF_2,3,0.0002388395369052887,0.8456639070063829,0.845915587618947,0.2857142857142857,0.09248935841288922,ok
43_WDBC,OCSVM,2,0.006458761170506477,0.0013406798243522644,0.007809191942214966,0.9814814814814815,0.5,ok
2_annthyroid,KernelCF_lin_2,5,38.65261641331017,2.138180250301957,40.79081729054451,0.423925,0.09602627337337857,ok
24_mnist,UCG,5,0.00029633939266204834,10.981227278709412,10.981564115732908,0.5863626957301511,0.18998312960458852,ok
30_satellite,CBLOF,2,11.267991261556745,0.11704380996525288,11.38505007326603,0.724985121261717,0.606123040347695,ok
28_pendigits,KernelCF_rbf,1,44.94840747304261,4.762170296162367,49.71060827746987,0.9685076802805891,0.2940892386576252,ok
31_satimage-2,KernelCF_lin_3,1,31.125990483909845,1.8166189845651388,32.94262811169028,0.991998892580288,0.9047714283207614,ok
27_PageBlocks,DyCF_3,1,13.214324433356524,5.081538803875446,18.29587753675878,0.8928773784826788,0.4836190789314933,ok
43_WDBC,LODA,2,0.02463086135685444,0.001515442505478859,0.026179451495409012,0.9753086419753086,0.5916666666666666,ok
39_vertebral,UCF_3,3,0.0002297665923833847,0.4361653197556734,0.4364078063517809,0.2874779541446208,0.09311149133512456,ok
3_backdoor,DyCF_2,1,,,,,,error
30_satellite,GMM,2,8.420459827408195,0.2817128039896488,8.702191151678562,0.6284097108565194,0.514296379496019,ok
43_WDBC,IForest,2,0.6499703750014305,0.05179871618747711,0.7017785497009754,0.9753086419753088,0.5873015873015872,ok
31_satimage-2,KernelCF_lin_4,1,14.427880445495248,1.1019577346742153,15.529862938448787,0.36650055370985596,0.07595455215015015,ok
39_vertebral,UCF_4,3,0.00033122673630714417,0.9301396291702986,0.9304885044693947,0.3015873015873016,0.09487444371897154,ok
27_PageBlocks,DyCF_4,1,13.318762080743909,4.325993979349732,17.64477170072496,0.6987708849182449,0.321775840590878,ok
3_backdoor,DyCF_3,1,,,,,,error
2_annthyroid,KernelCF_lin_3,5,54.353976087644696,4.131092878058553,58.48508441448212,0.389190625,0.09494385918307094,ok
30_satellite,KDE,2,6.583668805658817,3.048941943794489,9.632633689790964,0.7664943212815554,0.6170025229231546,ok
43_WDBC,PCA,2,0.0823604054749012,0.0004070773720741272,0.0827841516584158,0.9876543209876544,0.7,ok
28_pendigits,KernelCF_lin_2,1,42.46168828010559,1.857459245249629,44.319164672866464,0.9654123264805933,0.3296529962503429,ok
39_vertebral,UCF_5,3,0.00016820989549160004,0.7486680001020432,0.7488454394042492,0.3298059964726631,0.09872690601079065,ok
3_backdoor,DyCF_4,1,,,,,,error
16_http,KNN,1,44.4473828189075,30.80337875150144,75.25079836882651,0.20744716062527951,0.00878789238687808,ok
31_satimage-2,KernelCF_lin_5,1,21.240906596183777,3.0982891153544188,24.33921185322106,0.3528516057585825,0.029777866817295044,ok
27_PageBlocks,DyCF_5,1,19.56107839383185,9.701395977288485,29.262490551918745,0.8008387427781123,0.43914090066086825,ok
43_WDBC,DyCF_2,2,16.114192051813006,7.0593053586781025,23.173514069989324,0.4382716049382716,0.12896405919661733,ok
30_satellite,HBOS,2,23.23735268600285,0.002527855336666107,23.239917961880565,0.7738419382036403,0.7031480702756323,ok
3_backdoor,DyCF_5,1,,,,,,error
39_vertebral,UCF_6,3,0.00022246688604354858,1.825239347293973,1.8254715595394373,0.40035273368606705,0.10798756444090041,ok
2_annthyroid,KernelCF_lin_4,5,35.26357300020754,2.696980169042945,37.960570169612765,0.375896875,0.09828631725198686,ok
31_satimage-2,UCF_2,1,0.00020583532750606537,2.728164952248335,2.7283810675144196,0.9899501661129568,0.8851873382365614,ok
28_pendigits,KernelCF_lin_3,1,28.446413906291127,1.547512236982584,29.993944063782692,0.9465127089099707,0.24338543365123538,ok
30_satellite,ECOD,2,0.6777207870036364,0.08795939199626446,0.7657036185264587,0.5949350295094976,0.526953865009411,ok
16_http,CBLOF,1,23.635125705972314,0.27077939361333847,23.905937127768993,0.9956602670451783,0.4540189475317271,ok
39_vertebral,UCF_7,3,0.0002561677247285843,1.1294878609478474,1.1297606509178877,0.36507936507936506,0.10344758811772191,ok
3_backdoor,DyCG,1,,,,,,error
31_satimage-2,UCF_3,1,0.00025241076946258545,3.1525086928159,3.1527763716876507,0.9932170542635659,0.6921149112175353,ok
27_PageBlocks,DyCG,1,28.28772163949907,10.481449028477073,38.76920157670975,0.44819647995717066,0.07879238698682431,ok
31_satimage-2,UCF_4,1,0.00020109862089157104,4.752549283206463,4.752761922776699,0.9918327796234773,0.5341253915813433,ok
28_pendigits,KernelCF_lin_4,1,35.80344599671662,2.0290004033595324,37.832464968785644,0.9249086183946417,0.18596841986909846,ok
30_satellite,OCSVM,2,3.6271516382694244,0.3347110468894243,3.9618775360286236,0.6768511630213758,0.6654944460759251,ok
39_vertebral,UCF_8,3,0.0002479478716850281,0.5646236147731543,0.5648846440017223,0.39153439153439146,0.10725020052505432,ok
2_annthyroid,KernelCF_lin_5,5,37.302399003878236,2.086872449144721,39.38929035887122,0.370246875,0.10339932121846487,ok
16_http,GMM,1,5.876232096925378,0.5443370193243027,6.420609371736646,0.9957839905643895,0.4607307252992543,ok
43_WDBC,DyCF_3,2,46.15056430362165,10.807940548285842,56.95852300338447,0.6635802469135802,0.3425076452599388,ok
30_satellite,LODA,2,0.0875665508210659,0.03851666674017906,0.12611224502325058,0.6231153598174874,0.5744685966385803,ok
31_satimage-2,UCF_5,1,0.0002105962485074997,6.343280017375946,6.343503054231405,0.9870985603543743,0.40154669023110173,ok
39_vertebral,UCG,3,0.00025310739874839783,3.1650441456586123,3.1653264239430428,0.5343915343915344,0.1378614084935924,ok
27_PageBlocks,KernelCF_rbf,1,23.906002467498183,4.550249291583896,28.45626956410706,0.8883401369649112,0.49185870736951615,ok
2_annthyroid,UCF_2,5,0.00023089535534381866,3.3806637208908796,3.3809078074991703,0.5567031250000001,0.11606600246187843,ok
30_satellite,IForest,2,1.7867097593843937,0.12417168729007244,1.9109007194638252,0.7105614243912117,0.668737542424072,ok
3_backdoor,KernelCF_rbf,1,,,,,,ram_kill
28_pendigits,KernelCF_lin_5,1,44.71130606904626,3.062116375193,47.77345331385732,0.9048469226055906,0.15046074985839045,ok
39_vertebral,KNN,4,0.002734443172812462,0.0007401555776596069,0.0034996196627616882,0.435626102292769,0.12704510784330386,ok
31_satimage-2,UCF_6,1,0.00040204450488090515,6.336333753541112,6.336749440059066,0.9830564784053156,0.33620520256904457,ok
2_annthyroid,UCF_3,5,0.00024854764342308044,2.82336669228971,2.8236289210617542,0.57319375,0.12117402250348586,ok
27_PageBlocks,KernelCF_lin_2,1,30.641074707731605,1.2281393595039845,31.869241375476122,0.8429454147984563,0.39773709077131497,ok
30_satellite,PCA,2,0.19085088558495045,0.0021473057568073273,0.19302021153271198,0.6184719535783365,0.6121961286676356,ok
28_pendigits,UCF_2,1,0.0004016011953353882,4.871622199192643,4.872049627825618,0.9421601977645842,0.17668079172712442,ok
31_satimage-2,UCF_7,1,0.00022950954735279083,3.414875676855445,3.415119592100382,0.9799003322259137,0.35883289514965505,ok
2_annthyroid,UCF_4,5,0.00027666985988616943,4.761105598881841,4.7613993473351,0.57944375,0.12533076624404885,ok
39_vertebral,CBLOF,4,12.412850616499782,0.0007477756589651108,12.4136110432446,0.45149911816578486,0.13121400163729396,ok
2_annthyroid,UCF_5,5,0.0003242194652557373,5.9231141731143,5.92345087043941,0.587246875,0.13040034399551534,ok
28_pendigits,UCF_3,1,0.0002960674464702606,4.087415963411331,4.087724743410945,0.9332438885250058,0.15668790841163244,ok
31_satimage-2,UCF_8,1,0.00027753785252571106,7.900372661650181,7.9006693586707115,0.9763842746400886,0.29678979215940254,ok
27_PageBlocks,KernelCF_lin_3,1,29.98088994063437,4.143025778234005,34.12394582852721,0.8199156795824132,0.35094821348786376,ok
39_vertebral,GMM,4,1.2707066908478737,0.00029809586703777313,1.2710313126444817,0.45855379188712525,0.12925700529565265,ok
20_letter,DyCF_4,5,,,,,,ram_kill
3_backdoor,KernelCF_lin_2,1,,,,,,ram_kill
30_satellite,DyCF_2,2,25.015698729082942,27.906405257061124,52.92213183455169,0.635836681049447,0.5131687015432904,ok
39_vertebral,KDE,4,0.00385187566280365,0.0013047922402620316,0.005180908367037773,0.39329805996472667,0.11621476013530753,ok
2_annthyroid,UCF_6,5,0.00036820583045482635,5.059895684942603,5.060276420786977,0.604275,0.14013394312047583,ok
20_letter,DyCF_5,5,,,,,,error
31_satimage-2,UCG,1,0.0002717282623052597,7.194026622921228,7.1943271812051535,0.35027685492801774,0.04653346505738672,ok
28_pendigits,UCF_4,1,0.0002260301262140274,6.337961303070188,6.338200429454446,0.892645101312092,0.11100366861243342,ok
27_PageBlocks,KernelCF_lin_4,1,23.06071170978248,2.895544784143567,25.956271205097437,0.8082134332686429,0.3374677039832323,ok
2_annthyroid,UCF_7,5,0.0002473779022693634,3.698632538318634,3.6988966036587954,0.5750656249999999,0.13504590095056493,ok
20_letter,DyCG,5,,,,,,error
31_satimage-2,KNN,2,8.073959631845355,3.5577573589980602,11.631752720102668,0.9413344407530454,0.34801015279954334,ok
28_pendigits,UCF_5,1,0.00021558813750743866,7.206758258864284,7.20698650740087,0.8530182340636818,0.0893609930828335,ok
39_vertebral,HBOS,4,28.533012367784977,0.00021261535584926605,28.533251015469432,0.3289241622574956,0.09818445658062379,ok
2_annthyroid,UCF_8,5,0.00022044964134693146,4.723650526255369,4.723886042833328,0.6109875,0.14160665183888616,ok
27_PageBlocks,KernelCF_lin_5,1,33.52194868028164,1.765642773360014,35.287607276812196,0.8005799817082693,0.33254065478085093,ok
20_letter,KernelCF_rbf,5,10.018806375563145,4.0752076879143715,14.094030816107988,0.5522962962962963,0.07897073396164374,ok
28_pendigits,UCF_6,1,0.00019910000264644623,6.245419181883335,6.245631521567702,0.8284455619176403,0.0813568557111118,ok
39_vertebral,ECOD,4,0.737209377810359,0.001357201486825943,0.7385742794722319,0.42151675485008816,0.12658352510926787,ok
2_annthyroid,UCG,5,0.000302707776427269,6.963596371933818,6.963940197601914,0.6169312499999999,0.19154289764095306,ok
31_satimage-2,CBLOF,2,21.865612108260393,0.0451392475515604,21.91076860576868,0.998062015503876,0.9536913990402365,ok
27_PageBlocks,UCF_2,1,0.0002627987414598465,3.4886398166418076,3.488916864618659,0.8667692788150528,0.4605415170893196,ok
28_pendigits,UCF_7,1,0.0002095010131597519,5.381865108385682,5.3820862378925085,0.8125884764098122,0.07773357496333155,ok
20_letter,KernelCF_lin_2,5,2.7311836257576942,0.41666685976088047,3.1478679962456226,0.5516296296296297,0.09360844807272597,ok
30_satellite,DyCF_3,2,111.23050125688314,32.71196351759136,143.9424925595522,0.4996689480732034,0.43698613945225795,ok
39_vertebral,OCSVM,4,0.0034804120659828186,0.0005869455635547638,0.004080465063452721,0.43738977072310403,0.12553407473782585,ok
31_satimage-2,GMM,2,6.536190092563629,0.12135180458426476,6.6575674172490835,0.9826965669988926,0.3139540416735807,ok
27_PageBlocks,UCF_3,1,0.000237148255109787,3.745828341692686,3.746078619733453,0.8708782261482524,0.4730468347878564,ok
33_skin,KNN,1,8.919608758762479,3.6275089383125305,12.547157237306237,0.612113410974448,0.23304239508266283,ok
20_letter,KernelCF_lin_3,5,2.615922523662448,0.8010237962007523,3.4169651810079813,0.5256296296296297,0.09687721678873171,ok
28_pendigits,UCF_8,1,0.00025044940412044525,5.657137548550963,5.657400207594037,0.7798284349975702,0.05056910924213081,ok
39_vertebral,LODA,4,0.025476273149251938,0.0013742521405220032,0.02689405344426632,0.417989417989418,0.13145787448419027,ok
27_PageBlocks,UCF_4,1,0.00025384873151779175,4.653301632031798,4.653572699055076,0.8698431818688795,0.4665091555943083,ok
30_satellite,DyCF_4,2,,,,,,ram_kill
3_backdoor,KernelCF_lin_3,1,,,,,,ram_kill
33_skin,CBLOF,1,24.515314729884267,0.1568794809281826,24.672214010730386,0.5360114695280989,0.19987594891085533,ok
31_satimage-2,KDE,2,15.0795072671026,8.76769109070301,23.847219455987215,0.9620708748615726,0.3338653459244655,ok
39_vertebral,IForest,4,2.155803119763732,0.007748004049062729,2.1635609790682793,0.41446208112874783,0.11855409929601646,ok
20_letter,KernelCF_lin_4,5,10.536990718916059,1.665493480861187,12.202501751482487,0.5004444444444445,0.10507335971461375,ok
28_pendigits,UCG,1,0.00030812062323093414,8.621389439329505,8.6217204593122,0.13228675864691836,0.03376568981168521,ok
39_vertebral,PCA,4,0.002269076183438301,0.0002272576093673706,0.0025112852454185486,0.3862433862433862,0.10966042609503185,ok
30_satellite,DyCF_5,2,,,,,,error
33_skin,GMM,1,2.2251775693148375,0.026797059923410416,2.2520012967288494,0.7130868205215639,0.2856816925463129,ok
27_PageBlocks,UCF_5,1,0.00028922781348228455,2.4579460006207228,2.4582528602331877,0.8732472283566441,0.4647864498864451,ok
20_letter,KernelCF_lin_5,5,2.6575242448598146,1.0364972241222858,3.694037590175867,0.48503703703703704,0.10167193419159054,ok
31_satimage-2,HBOS,2,18.68075188063085,0.0022170282900333405,18.682998087257147,0.977436323366556,0.795683318558531,ok
28_pendigits,KNN,2,11.203347263857722,5.316376140341163,16.519750904291868,0.7530161211941938,0.08899896588598814,ok
30_satellite,DyCG,2,,,,,,error
39_vertebral,DyCF_2,4,1.8926512394100428,0.313471345230937,2.206135841086507,0.3915343915343915,0.11727759171154274,ok
20_letter,UCF_2,5,0.0004831552505493164,2.0255998242646456,2.02610457316041,0.7897037037037037,0.2349009017552487,ok
31_satimage-2,ECOD,2,3.0160532258450985,0.03894226625561714,3.055003123357892,0.966888150609081,0.6878526264938992,ok
27_PageBlocks,UCF_6,1,0.0002439599484205246,4.374006327241659,4.374267006292939,0.8729750830935331,0.46068371866282065,ok
28_pendigits,CBLOF,2,10.874930210411549,0.0768535453826189,10.951804293319583,0.9599083014642185,0.32329837732137595,ok
31_satimage-2,OCSVM,2,2.3617200907319784,0.23356240801513195,2.595297621563077,0.9971207087486157,0.9450152474783018,ok
39_vertebral,DyCF_3,4,1.8289799354970455,1.4474284686148167,3.2764237131923437,0.40564373897707234,0.1221841280026244,ok
20_letter,UCF_3,5,0.0002484787255525589,1.964195465669036,1.9644566662609577,0.8011851851851851,0.2726350698370017,ok
31_satimage-2,LODA,2,0.03614270128309727,0.009710019454360008,0.04590258374810219,0.9868493909191584,0.8837535362502823,ok
30_satellite,KernelCF_rbf,2,28.420282954350114,4.115894928574562,32.536192351952195,0.6487501859842285,0.6602167954146289,ok
28_pendigits,GMM,2,1.8828873876482248,0.11058605276048183,1.9934910275042057,0.75040672737645,0.05128721839866014,ok
39_vertebral,DyCF_4,4,6.317667098715901,1.3029444515705109,7.6206261701881886,0.47971781305114636,0.12433845318759615,ok
20_letter,UCF_4,5,0.00022026896476745605,3.9376498963683844,3.9378824941813946,0.837925925925926,0.336376349948268,ok
27_PageBlocks,UCF_7,1,0.000199880450963974,4.846571492031217,4.846783179789782,0.8723772557942404,0.4764605788522648,ok
31_satimage-2,IForest,2,0.19408112205564976,0.10557938739657402,0.2996982280164957,0.9936323366555925,0.8886743504899528,ok
27_PageBlocks,UCF_8,1,0.00022774748504161835,4.040363105013967,4.04060466401279,0.878890896517879,0.4627676092343022,ok
39_vertebral,DyCF_5,4,7.667025212198496,2.0036858040839434,9.670723805204034,0.5537918871252204,0.15058952291923236,ok
20_letter,UCF_5,5,0.00019278936088085175,3.710668705403805,3.7108713258057833,0.8645925925925926,0.349268874552603,ok
28_pendigits,KDE,2,7.120276248082519,1.241998840123415,8.362311890348792,0.8837393564199539,0.12372593841665906,ok
31_satimage-2,PCA,2,0.3114269394427538,0.0016094613820314407,0.3130455184727907,0.9790974529346622,0.8682875244050227,ok
30_satellite,KernelCF_lin_2,2,19.756897708401084,1.5467392690479755,21.303657561540604,0.38771760154738877,0.37193176816789525,ok
20_letter,UCF_6,5,0.00023651868104934692,2.7073155269026756,2.7075639981776476,0.7913333333333332,0.26344635889322116,ok
27_PageBlocks,UCG,1,0.00020600110292434692,6.864627238363028,6.864860834553838,0.5276985879676103,0.23993522084499758,ok
28_pendigits,HBOS,2,19.394230315461755,0.0013072602450847626,19.39557372033596,0.9212639185277526,0.2316519362291856,ok
39_vertebral,DyCG,4,9.279331283643842,5.9339571967720985,15.213324028998613,0.39329805996472667,0.10910200958516224,ok
28_pendigits,ECOD,2,0.7133489493280649,0.04737136699259281,0.7607352454215288,0.9251515983857677,0.24305546586975232,ok
20_letter,UCF_7,5,0.00021500885486602783,4.710180856287479,4.710408603772521,0.8878518518518518,0.40077292764048494,ok
27_PageBlocks,KNN,2,0.16965633630752563,0.27497462928295135,0.444651173427701,0.856980972138571,0.44074622363805926,ok
30_satellite,KernelCF_lin_3,2,41.38103676959872,1.8090328350663185,43.19009645469487,0.3824083717700739,0.3383131574300924,ok
39_vertebral,KernelCF_rbf,4,3.6096689701080322,1.796015452593565,5.405700141564012,0.3844797178130511,0.10917253346764626,ok
31_satimage-2,DyCF_2,2,30.88112518377602,24.643919060006738,55.525069342926145,0.9755813953488373,0.28379689584471746,ok
28_pendigits,OCSVM,2,2.1771678160876036,0.4323333967477083,2.60952315479517,0.9240000845147794,0.1999408527972003,ok
20_letter,UCF_8,5,0.0001811683177947998,5.265642998740077,5.2658363953232765,0.8045925925925926,0.2910846413045486,ok
27_PageBlocks,CBLOF,2,7.339654639363289,0.1168242022395134,7.456497311592102,0.8951482299404403,0.5096161079212949,ok
39_vertebral,KernelCF_lin_2,4,2.6862053759396076,0.4467139504849911,3.132934596389532,0.3791887125220459,0.1044645059663833,ok
28_pendigits,LODA,2,0.24723393097519875,0.10106925666332245,0.3483355473726988,0.9406917534703881,0.18599053595610265,ok
20_letter,UCG,5,0.00026834942400455475,2.7032506838440895,2.703556539490819,0.89,0.3404801371812525,ok
27_PageBlocks,GMM,2,0.8768383041024208,0.00056474469602108,0.8774257116019726,0.9103883646746526,0.4983575443230915,ok
30_satellite,KernelCF_lin_4,2,50.368452195078135,4.434824131429195,54.80329322628677,0.39138149084957596,0.34144165410480964,ok
28_pendigits,IForest,2,0.5121310111135244,0.04628420248627663,0.5584324654191732,0.9451710367850576,0.21878208770452337,ok
39_vertebral,KernelCF_lin_3,4,2.0907786414027214,1.0305627547204494,3.1213578674942255,0.3580246913580247,0.10167764508155372,ok
4_breastw,KNN,1,0.00642058253288269,0.0017061010003089905,0.008153172209858894,0.991436925647452,0.9833941879955936,ok
27_PageBlocks,KDE,2,4.614216219633818,3.897264713421464,8.51150506362319,0.8976644582747775,0.48312403002087817,ok
39_vertebral,KernelCF_lin_4,4,1.5242165196686983,0.4423068705946207,1.9665398113429546,0.35978835978835977,0.1015907342349931,ok
28_pendigits,PCA,2,0.005189202725887299,0.0008769482374191284,0.006083860993385315,0.9331382450506032,0.21477251474317288,ok
30_satellite,KernelCF_lin_5,2,34.149346232414246,4.150524780154228,38.29988798126578,0.39983509398403017,0.3513165095428614,ok
39_vertebral,KernelCF_lin_5,4,1.4879144746810198,0.5049741398543119,1.9929080419242382,0.3985890652557319,0.11209886140978695,ok
4_breastw,CBLOF,1,5.781389255076647,0.0009238850325345993,5.782328886911273,0.9876775271512113,0.974141873777807,ok
31_satimage-2,DyCF_3,2,132.63048827834427,38.91176453791559,171.54227118752897,0.6032392026578073,0.3928130253233682,ok
30_satellite,UCF_2,2,0.00021974928677082062,4.540639268234372,4.540870748460293,0.7318528988741755,0.6578244554772054,ok
27_PageBlocks,HBOS,2,28.009846908971667,0.0006044972687959671,28.01047338731587,0.7413236967141805,0.25840383502413145,ok
28_pendigits,DyCF_2,2,14.268094394356012,9.880722649395466,24.148834375664592,0.7754019734201019,0.09203971586112239,ok
4_breastw,GMM,1,1.4541503880172968,0.0003153607249259949,1.4544812552630901,0.9799498746867168,0.971760649722924,ok
39_vertebral,UCF_2,4,0.00023226812481880188,0.8819226790219545,0.8821685407310724,0.37389770723104054,0.1056504420650079,ok
8_celeba,UCF_2,1,0.0003521367907524109,1424.3329310975969,1424.333315456286,0.6855119176603397,0.03842319759718694,ok
3_backdoor,KernelCF_lin_4,1,,,,,,ram_kill
30_satellite,UCF_3,2,0.0007312782108783722,5.5277966018766165,5.528541078791022,0.743319446510936,0.6444845372205884,ok
27_PageBlocks,ECOD,2,3.252823006361723,0.13165072724223137,3.3844917733222246,0.9088224140623258,0.4910445540455386,ok
4_breastw,KDE,1,0.036689393222332,0.09929587878286839,0.1360018327832222,0.9923767752715121,0.9850886463287842,ok
39_vertebral,UCF_3,4,0.00028343871235847473,0.848106324672699,0.8484007529914379,0.3844797178130511,0.10788440667692004,ok
28_pendigits,DyCF_3,2,18.801875172182918,9.293485503643751,28.09538448601961,0.7525935472965835,0.0907499909149059,ok
27_PageBlocks,OCSVM,2,1.444425156340003,0.2593323886394501,1.7037726752460003,0.9069530884025965,0.4852728384028974,ok
30_satellite,UCF_4,2,0.00020506978034973145,3.339166885241866,3.3393855523318052,0.7487539056687992,0.61523222908366,ok
4_breastw,HBOS,1,3.758749147877097,0.0003421381115913391,3.7591182067990303,0.9798454469507101,0.94660424494339,ok
39_vertebral,UCF_4,4,0.00029472820460796356,0.6672784984111786,0.667587649077177,0.36331569664902996,0.10494398139980514,ok
27_PageBlocks,LODA,2,0.09735246747732162,0.01960012875497341,0.11698401160538197,0.7086216511633094,0.4907641198160304,ok
4_breastw,ECOD,1,0.34434034302830696,0.002141376957297325,0.3464883603155613,0.9915413533834587,0.984529079952677,ok
30_satellite,UCF_5,2,0.000254286453127861,6.260593701153994,6.260863529518247,0.750841888607846,0.6044187869303251,ok
39_vertebral,UCF_5,4,0.00023914873600006104,1.2747264355421066,1.274978207424283,0.38095238095238093,0.11051883446197219,ok
27_PageBlocks,IForest,2,0.2056719958782196,0.02074444852769375,0.22645879536867142,0.8983559749269445,0.43211539997065107,ok
4_breastw,OCSVM,1,0.04661089926958084,0.002512585371732712,0.04913708567619324,0.9537385129490394,0.9576565638797983,ok
28_pendigits,DyCF_4,2,50.74162880145013,10.878348015248775,61.61999272368848,0.4648629804136998,0.06265099746184244,ok
39_vertebral,UCF_6,4,0.0002433285117149353,1.363762529566884,1.36402009986341,0.4232804232804233,0.11841206782383254,ok
30_satellite,UCF_6,2,0.000279400497674942,6.6592956855893135,6.6595920249819756,0.7447912017060954,0.5815075412155966,ok
27_PageBlocks,PCA,2,0.005112599581480026,0.0005569383502006531,0.005686987191438675,0.8965268018470186,0.4824886331589654,ok
3_backdoor,KernelCF_lin_5,1,,,,,,ram_kill
31_satimage-2,DyCF_4,2,,,,,,ram_kill
4_breastw,LODA,1,0.013969328254461288,0.0017658490687608719,0.015761448070406914,0.9916457811194653,0.9847097890021382,ok
30_satellite,UCF_7,2,0.0002864152193069458,4.7578271478414536,4.7581316493451595,0.7452945990180033,0.6022179967309114,ok
39_vertebral,UCF_7,4,0.0002609696239233017,1.6206392645835876,1.6209118198603392,0.40035273368606705,0.11762356775315823,ok
4_breastw,IForest,1,0.18886682577431202,0.008073905482888222,0.1969546191394329,0.9934210526315789,0.9874341263984383,ok
31_satimage-2,DyCF_5,2,,,,,,error
27_PageBlocks,DyCF_2,2,5.404044467955828,6.26941984705627,11.673482187092304,0.900591135202659,0.444501124973958,ok
39_vertebral,UCF_8,4,0.00023089535534381866,2.087717156857252,2.087959675118327,0.3862433862433862,0.11359301529548796,ok
30_satellite,UCF_8,2,0.00025726668536663055,6.447974655777216,6.448243543505669,0.7110214253831275,0.5686387524220966,ok
4_breastw,PCA,1,0.0028071124106645584,0.0002628881484270096,0.003083799034357071,0.9603174603174603,0.9677187308094451,ok
31_satimage-2,DyCG,2,,,,,,error
39_vertebral,UCG,4,0.00021410919725894928,1.254136636853218,1.2543756160885096,0.4867724867724868,0.13026028596584172,ok
27_PageBlocks,DyCF_3,2,9.360131479799747,5.779280988499522,15.13942793942988,0.8944299449017378,0.44121909936215814,ok
30_satellite,UCG,2,0.0002123899757862091,7.040798479691148,7.0410359762609005,0.7623257947726033,0.557806819032186,ok
4_breastw,DyCF_2,1,3.626794507727027,1.5460915844887495,5.172898571938276,0.9840225563909775,0.971698935117817,ok
39_vertebral,KNN,5,0.0023910757154226303,0.0006696656346321106,0.0030781328678131104,0.4426807760141094,0.14228660668479876,ok
27_PageBlocks,DyCF_4,2,10.160974692553282,8.797581758350134,18.958594324067235,0.7978629904749158,0.38307339360528797,ok
4_breastw,DyCF_3,1,8.991028351709247,3.117815224453807,12.108864828944206,0.987781954887218,0.9759136171969116,ok
30_satellite,KNN,3,6.554228721186519,6.185750488191843,12.740012446418405,0.6738716956802063,0.54140505597571,ok
31_satimage-2,KernelCF_rbf,2,42.911227852106094,4.123386073857546,47.03463497571647,0.9893687707641197,0.9027924129470692,ok
39_vertebral,CBLOF,5,10.772276557981968,0.0009475238621234894,10.773232862353325,0.562610229276896,0.17368773527784417,ok
4_breastw,DyCF_4,1,8.574762372300029,2.421564420685172,10.99634350091219,0.6788847117794486,0.770696274264221,ok
30_satellite,CBLOF,3,21.59654723852873,0.26967122592031956,21.866229252889752,0.7099327976987552,0.6685082441251903,ok
27_PageBlocks,DyCF_5,2,28.019268779084086,6.081953091546893,34.10123807936907,0.5873742443507551,0.3160151912093446,ok
39_vertebral,GMM,5,1.2882717084139585,0.0003203675150871277,1.2886072676628828,0.525573192239859,0.17689668140756595,ok
31_satimage-2,KernelCF_lin_2,2,24.42558623664081,1.1847545970231295,25.610356891527772,0.994656699889258,0.9106669661219973,ok
30_satellite,GMM,3,2.842179123312235,0.023134324699640274,2.8653242886066437,0.6388149084957595,0.5178681298543213,ok
39_vertebral,KDE,5,0.00350998155772686,0.0010813027620315552,0.004606982693076134,0.3791887125220459,0.12279766424002733,ok
4_breastw,DyCF_5,1,25.861787293106318,3.1337714605033398,28.995570642873645,0.4668964076858814,0.591274670641337,ok
27_PageBlocks,DyCG,2,26.503188025206327,12.558144751936197,39.06135895848274,0.38197818376497356,0.07348000887183803,ok
30_satellite,KDE,3,18.00737870670855,3.6464938316494226,21.6538966037333,0.7530464216634429,0.6020921043930744,ok
39_vertebral,HBOS,5,14.414634415879846,0.00024523958563804626,14.41492029465735,0.3941798941798942,0.1095157741305919,ok
31_satimage-2,KernelCF_lin_3,2,35.10549017973244,2.2601773533970118,37.365686951205134,0.9899501661129568,0.8708721157496544,ok
39_vertebral,ECOD,5,0.3483278248459101,0.0013392716646194458,0.34967306815087795,0.4955908289241623,0.1856915081863591,ok
30_satellite,HBOS,3,10.952803840860724,0.0031908322125673294,10.95602798089385,0.7551207657590635,0.6775257635316458,ok
4_breastw,DyCG,1,27.93293877877295,12.28188593313098,40.214861787855625,0.5215121136173767,0.37539736122699624,ok
27_PageBlocks,KernelCF_rbf,2,20.848454359918833,4.054183753207326,24.90265259332955,0.8783822971737045,0.45569804408383324,ok
39_vertebral,OCSVM,5,0.0032855235040187836,0.0004941560328006744,0.0037871748208999634,0.5343915343915344,0.1786333480500978,ok
31_satimage-2,KernelCF_lin_4,2,32.9315821044147,1.3013605512678623,34.23295749910176,0.5047065337763011,0.22132765108360009,ok
30_satellite,ECOD,3,3.437938528135419,0.08970596082508564,3.5276594888418913,0.579123890294103,0.5262375805539423,ok
3_backdoor,UCF_2,1,0.0003042072057723999,336.81611823290586,336.81644920259714,0.8773326462278421,0.2048061894173703,ok
28_pendigits,DyCF_5,2,307.6673742234707,37.44243477284908,345.1098241750151,0.5371019882101883,0.04175004555651478,ok
39_vertebral,LODA,5,0.11284129321575165,0.0012515317648649216,0.11411706544458866,0.37389770723104054,0.10805427706002249,ok
4_breastw,KernelCF_rbf,1,8.624853424727917,3.197881931439042,11.822751618921757,0.9946741854636592,0.9899691451987963,ok
30_satellite,OCSVM,3,1.7946928832679987,0.7181914243847132,2.512902708724141,0.6498202152457472,0.6459598770365967,ok
27_PageBlocks,KernelCF_lin_2,2,21.710748802870512,1.8384105935692787,23.549174377694726,0.8318766869660265,0.3892766291234714,ok
39_vertebral,IForest,5,0.253285963088274,0.020884348079562187,0.27418506145477295,0.48677248677248675,0.17069627004811966,ok
4_breastw,KernelCF_lin_2,1,3.7803139314055443,1.1219766456633806,4.9023063983768225,0.9931077694235588,0.9868462888684413,ok
31_satimage-2,KernelCF_lin_5,2,36.606389509513974,2.4306183252483606,39.03702414408326,0.4350221483942414,0.07744062944908005,ok
30_satellite,LODA,3,0.03840804286301136,0.01042419858276844,0.04885711334645748,0.5925221941179388,0.5784309897692254,ok
39_vertebral,PCA,5,0.0023951679468154907,0.0002722684293985367,0.0026927758008241653,0.4109347442680776,0.13391892499035357,ok
27_PageBlocks,KernelCF_lin_3,2,22.99300075508654,1.8000192325562239,24.793038729578257,0.8070846996363961,0.34493848845933717,ok
30_satellite,IForest,3,0.6294868551194668,0.04726791940629482,0.6767676454037428,0.7190385855279473,0.6874271287073888,ok
4_breastw,KernelCF_lin_3,1,8.813987730070949,1.3073325660079718,10.121335446834564,0.9922723475355055,0.9851864832767121,ok
31_satimage-2,UCF_2,2,0.0003171190619468689,5.72415454685688,5.724488776177168,0.9919712070874861,0.8889454072227185,ok
39_vertebral,DyCF_2,5,3.486747819930315,0.44824201986193657,3.9350017588585615,0.6402116402116403,0.21399085069013393,ok
30_satellite,PCA,3,0.22953913733363152,0.0022722650319337845,0.2318348828703165,0.5958438724396171,0.5983674446954637,ok
27_PageBlocks,KernelCF_lin_4,2,22.540624108165503,1.4816348552703857,24.02227621152997,0.7938745008811261,0.33168841813548383,ok
31_satimage-2,UCF_3,2,0.0005570445209741592,4.174217289313674,4.174818156287074,0.9949612403100775,0.7607115557300407,ok
4_breastw,KernelCF_lin_4,1,6.728127431124449,0.5962106119841337,7.324353655800223,0.9907059314954052,0.9814983062599798,ok
39_vertebral,DyCF_3,5,2.8848710283637047,1.290281981229782,4.175165819004178,0.6067019400352733,0.19110575126995488,ok
4_breastw,KernelCF_lin_5,1,9.914989976212382,1.2060250993818045,11.121029485017061,0.9889306599832915,0.9761661396016295,ok
31_satimage-2,UCF_4,2,0.0002841781824827194,3.6943179070949554,3.6946185156702995,0.9950719822812846,0.6410578854297408,ok
27_PageBlocks,KernelCF_lin_5,2,27.127732323482633,2.4070568326860666,29.534804705530405,0.7853844609516162,0.32417271912212997,ok
39_vertebral,DyCF_4,5,5.96367684751749,1.3041368555277586,7.267828732728958,0.708994708994709,0.22141662392952383,ok
4_breastw,UCF_2,1,0.00021828897297382355,4.054278744384646,4.054510559886694,0.983500417710944,0.9615076623387748,ok
30_satellite,DyCF_2,3,30.353330163285136,21.01080729626119,51.364151410758495,0.6472164360462233,0.5192601215167546,ok
27_PageBlocks,UCF_2,2,0.0002420172095298767,2.7329216599464417,2.733180807903409,0.8535858484463182,0.39121187851518074,ok
31_satimage-2,UCF_5,2,0.00024934113025665283,4.219809960573912,4.220075339078903,0.992109634551495,0.49288861925786365,ok
39_vertebral,DyCF_5,5,8.544752748683095,1.6157354433089495,10.160500479862094,0.6049382716049383,0.2650687782432237,ok
4_breastw,UCF_3,1,0.00041248835623264313,2.258559489622712,2.2589861787855625,0.9836048454469508,0.9618594679897983,ok
27_PageBlocks,UCF_3,2,0.00023435801267623901,2.6787846200168133,2.6790324077010155,0.8563429922594749,0.4073027376900402,ok
31_satimage-2,UCF_6,2,0.00024327635765075684,4.907600492238998,4.9078570902347565,0.98640642303433,0.3868805127768492,ok
4_breastw,UCF_4,1,0.00027747824788093567,2.2285883389413357,2.228880725800991,0.9838137009189641,0.9628742953266967,ok
39_vertebral,DyCG,5,10.585702644661069,4.748094944283366,15.33384020626545,0.34744268077601415,0.0971834001976947,ok
31_satimage-2,UCF_7,2,0.00020948797464370728,4.604376453906298,4.604596404358745,0.9863787375415283,0.4035433981502291,ok
27_PageBlocks,UCF_4,2,0.00021207891404628754,5.074798626825213,5.075025003403425,0.854509357781793,0.39509162630262623,ok
4_breastw,UCF_5,1,0.0002246573567390442,3.786101898178458,3.7863366566598415,0.9829782790309106,0.9602585170360266,ok
39_vertebral,KernelCF_rbf,5,0.9509382490068674,0.4645146168768406,1.4154681004583836,0.380952380952381,0.1278034800387641,ok
27_PageBlocks,UCF_5,2,0.0002307593822479248,3.7892271857708693,3.7894694544374943,0.8570478931049098,0.3986190087440705,ok
31_satimage-2,UCF_8,2,0.00021959654986858368,5.723904391750693,5.724136412143707,0.8875138427464009,0.3211109724499835,ok
39_vertebral,KernelCF_lin_2,5,3.3190596476197243,0.5794362649321556,3.8985129855573177,0.3051146384479718,0.09446763376638041,ok
4_breastw,UCF_6,1,0.00020661018788814545,3.0495379604399204,3.0497562885284424,0.9827694235588973,0.9585458826165878,ok
3_backdoor,UCF_3,1,0.00023307837545871735,380.69834530726075,380.69859664328396,0.9081058962880921,0.39984746727392506,ok
4_breastw,UCF_7,1,0.00032345764338970184,2.5794106256216764,2.579751953482628,0.9821428571428572,0.956463909322022,ok
27_PageBlocks,UCF_6,2,0.0002518780529499054,4.256924180313945,4.257186729460955,0.8567445180575074,0.40182703938373654,ok
39_vertebral,KernelCF_lin_3,5,2.906288417056203,0.7095735426992178,3.61588029935956,0.2733686067019401,0.09093961606842163,ok
31_satimage-2,UCG,2,0.00024531036615371704,9.004179975017905,9.004458544775844,0.38156146179401995,0.11738151624403857,ok
4_breastw,UCF_8,1,0.00022484734654426575,2.672784412279725,2.673022210597992,0.9871553884711779,0.9706365974758058,ok
30_satellite,DyCF_3,3,131.90225890278816,39.55921436101198,171.46148918010294,0.5126605663839706,0.45525879094623745,ok
27_PageBlocks,UCF_7,2,0.00025073811411857605,2.8612026926130056,2.861470140516758,0.8469562113810255,0.4140800719462982,ok
39_vertebral,KernelCF_lin_4,5,2.6138687171041965,0.18093916773796082,2.7948227636516094,0.31040564373897706,0.09547582173209035,ok
13_fraud,UCF_2,1,0.00022022053599357605,2811.6021304242313,2811.602369930595,0.9344361302506563,0.37179091124716157,ok
4_breastw,UCG,1,0.0002270173281431198,3.729685503989458,3.7299375403672457,0.9160401002506267,0.8754765394560803,ok
31_satimage-2,KNN,3,8.75413415580988,4.466558383777738,13.220725879073143,0.9468715393133997,0.37464429885408523,ok
28_pendigits,DyCG,2,387.3239432107657,77.30830200947821,464.6322723515332,0.48083627374337085,0.02195160649296175,ok
27_PageBlocks,UCF_8,2,0.00022714771330356598,3.748768921941519,3.749006677418947,0.845965781079212,0.3965053389121578,ok
39_vertebral,KernelCF_lin_5,5,2.9663504399359226,0.3958563283085823,3.362221235409379,0.37566137566137564,0.1340216501176,ok
4_breastw,KNN,2,0.004179423674941063,0.0014266688376665115,0.005625154823064804,0.9739974937343359,0.9135513305255636,ok
27_PageBlocks,UCG,2,0.000237196683883667,7.628119118511677,7.628382816910744,0.48313814718151193,0.1909002195616915,ok
39_vertebral,UCF_2,5,0.00023854896426200867,1.5503168758004904,1.5505658462643623,0.3227513227513228,0.0971992688464759,ok
31_satimage-2,CBLOF,3,13.839402001351118,0.0947316400706768,13.934152966365218,0.9983942414174972,0.9588288904078379,ok
4_breastw,CBLOF,2,12.715742137283087,0.0007614754140377045,12.716516245156527,0.9683583959899749,0.9079127609703551,ok
39_vertebral,UCF_3,5,0.000179927796125412,0.8339016046375036,0.8340940345078707,0.3298059964726631,0.0989971165643608,ok
27_PageBlocks,KNN,3,0.07740243151783943,0.033104365691542625,0.11052883602678776,0.874648107252002,0.514162843790928,ok
28_pendigits,KernelCF_rbf,2,31.286426935344934,3.906904285773635,35.19335154257715,0.9626761604935663,0.27937790961573156,ok
31_satimage-2,GMM,3,3.260121665894985,0.15217543952167034,3.412324035540223,0.9844961240310077,0.3806270988717343,ok
39_vertebral,UCF_4,5,0.00020505860447883606,0.6991908475756645,0.6994058787822723,0.3439153439153439,0.10690419815370544,ok
4_breastw,GMM,2,1.1552152782678604,0.0002909749746322632,1.1555159036070108,0.9724310776942356,0.9394435208644994,ok
27_PageBlocks,CBLOF,3,12.508948737755418,0.07942584156990051,12.588383469730616,0.8769948024716144,0.5123845099874018,ok
31_satimage-2,KDE,3,4.005696041509509,2.389322867617011,6.395065329968929,0.9644518272425249,0.306475278521256,ok
43_WDBC,DyCF_4,2,2001.8258999548852,14.049675120040774,2015.8756060954183,0.9598765432098766,0.7291666666666666,ok
4_breastw,KDE,2,0.032534485682845116,0.02365436777472496,0.05621514283120632,0.9841269841269841,0.9514573479053791,ok
39_vertebral,UCF_5,5,0.00025804899632930756,0.89248220436275,0.8927550800144672,0.34038800705467376,0.11257889608458621,ok
27_PageBlocks,GMM,3,1.4139027260243893,0.000394187867641449,1.4143170546740294,0.9242990028776016,0.5676849434853423,ok
28_pendigits,KernelCF_lin_2,2,22.367492988705635,1.543329693377018,23.910839380696416,0.9462380358765239,0.24090276725340937,ok
43_WDBC,DyCF_5,2,,,,,,error
31_satimage-2,HBOS,3,5.679386831820011,0.002330588176846504,5.681789118796587,0.9797619047619047,0.7574333795346532,ok
39_vertebral,UCF_6,5,0.00019543804228305817,1.1663823314011097,1.1665872186422348,0.3721340388007055,0.11067623532058338,ok
4_breastw,HBOS,2,3.9316937997937202,0.00029869750142097473,3.932027267292142,0.9863199665831244,0.9670105940198643,ok
27_PageBlocks,KDE,3,1.5716182738542557,0.6255244538187981,2.197158107534051,0.9100314528541792,0.5555446449473955,ok
43_WDBC,DyCG,2,,,,,,error
39_vertebral,UCF_7,5,0.00022256746888160706,1.4637397080659866,1.463975416496396,0.4074074074074074,0.1539950628569223,ok
31_satimage-2,ECOD,3,2.33814150840044,0.5777395814657211,2.915889462456107,0.964562569213732,0.6419243069491759,ok
4_breastw,ECOD,2,0.6654743123799562,0.015125008299946785,0.6806070990860462,0.9892439431913116,0.9814267409655523,ok
28_pendigits,KernelCF_lin_3,2,30.612980449572206,2.48806294798851,33.10105881653726,0.9179572777789516,0.17221122864933347,ok
27_PageBlocks,HBOS,3,7.451290711760521,0.0008767247200012207,7.452199986204505,0.7785875214704767,0.3070621706419059,ok
43_WDBC,KernelCF_rbf,2,4.129860758781433,0.8989243358373642,5.028799140825868,0.9845679012345678,0.6666666666666667,ok
31_satimage-2,OCSVM,3,1.5216797068715096,0.2700920104980469,1.7917831968516111,0.9969822812846069,0.9558644480519483,ok
4_breastw,OCSVM,2,0.013507740572094917,0.0027036741375923157,0.01623520441353321,0.9352548036758564,0.9036954087038851,ok
39_vertebral,UCF_8,5,0.0002382975071668625,0.7197171505540609,0.7199667301028967,0.29629629629629634,0.14002583663759804,ok
27_PageBlocks,ECOD,3,1.9926703311502934,0.04538605734705925,2.0380639899522066,0.9193111601864864,0.539050785856036,ok
43_WDBC,KernelCF_lin_2,2,7.23240333609283,0.8091989681124687,8.041619455441833,0.9783950617283951,0.4444444444444445,ok
39_vertebral,UCG,5,0.00023994781076908112,1.8287454769015312,1.8290151041001081,0.45679012345679015,0.1292361436528398,ok
31_satimage-2,LODA,3,0.16741281189024448,0.0124430563300848,0.1798906996846199,0.9816998892580288,0.625711825609476,ok
4_breastw,LODA,2,0.05868629924952984,0.0018146391957998276,0.06052889861166477,0.996031746031746,0.9929206809713491,ok
28_pendigits,KernelCF_lin_4,2,31.127598272636533,2.048605876043439,33.17621999979019,0.8883137188615859,0.13219965505844464,ok
27_PageBlocks,OCSVM,3,1.3175036814063787,0.6897599697113037,2.007280522957444,0.9169020053982914,0.5483321330617786,ok
4_breastw,IForest,2,1.6034688409417868,0.008526638150215149,1.6120072472840548,0.9855889724310778,0.9573788036931072,ok
43_WDBC,KernelCF_lin_3,2,3.8190814051777124,0.6855584792792797,4.504656083881855,0.9537037037037037,0.3055555555555556,ok
31_satimage-2,IForest,3,0.33471796475350857,0.019818192347884178,0.3545651528984308,0.9937707641196013,0.8818639482773224,ok
27_PageBlocks,LODA,3,0.03895101882517338,0.09676125273108482,0.1357361599802971,0.7687479087198019,0.5415308954638405,ok
32_shuttle,KNN,1,8.765274498611689,1.7900463752448559,10.555348264053464,0.6467319789685805,0.1871818236486401,ok
4_breastw,PCA,2,0.002425035461783409,0.0002954360097646713,0.0027418509125709534,0.9441311612364244,0.9495641820391362,ok
31_satimage-2,PCA,3,0.40504120104014874,0.0017462186515331268,0.4067979920655489,0.9802048726467332,0.8211155673561691,ok
43_WDBC,KernelCF_lin_4,2,5.713213501498103,0.6773052606731653,6.390532178804278,0.904320987654321,0.15773809523809523,ok
27_PageBlocks,IForest,3,1.7454285714775324,0.3173155467957258,2.0627590734511614,0.90718954248366,0.5084897298401798,ok
3_backdoor,UCF_4,1,0.022265978157520294,344.7936264593154,344.81591332890093,0.9056226765322708,0.4323180673871505,ok
28_pendigits,KernelCF_lin_5,2,43.79602979682386,1.149717440828681,44.9457682762295,0.8616176128800523,0.10426792719762194,ok
4_breastw,DyCF_2,2,4.6292803809046745,2.4148904755711555,7.044186066836119,0.9728487886382624,0.9296326479002802,ok
32_shuttle,CBLOF,1,10.783297535032034,0.10395519807934761,10.887263184413314,0.6574221797833215,0.17575744350142913,ok
27_PageBlocks,PCA,3,0.0034082699567079544,0.0005249269306659698,0.003943467512726784,0.9110397287470164,0.5248352291242895,ok
43_WDBC,KernelCF_lin_5,2,4.90191438049078,0.644986480474472,5.546915639191866,0.8734567901234568,0.12215029552490853,ok
28_pendigits,UCF_2,2,0.0002683587372303009,5.2106923926621675,5.2109730411320925,0.9388535570157831,0.1771086908485672,ok
9_census,UCF_2,1,0.0009496845304965973,3277.6249513868243,3277.6259422097355,0.6406245198079181,0.07734133646483898,ok
32_shuttle,GMM,1,2.801184033975005,0.11776482500135899,2.9189782477915287,0.9803884645345979,0.8698798604156557,ok
4_breastw,DyCF_3,2,7.264693008735776,2.295145494863391,9.559851611033082,0.9800543024227234,0.9489090135079349,ok
31_satimage-2,DyCF_2,3,23.66995795443654,25.36402863264084,49.03400746546686,0.9801218161683279,0.3252529799124995,ok
43_WDBC,UCF_2,2,0.00022856704890727997,1.681159868836403,1.6813990660011768,0.9845679012345679,0.5333333333333333,ok
28_pendigits,UCF_3,2,0.00020848028361797333,5.3059781938791275,5.30619802325964,0.93096198947791,0.1604379031347787,ok
27_PageBlocks,DyCF_2,3,6.993155946955085,7.275992581620812,14.269161136820912,0.9180664302125856,0.5330420996141423,ok
43_WDBC,UCF_3,2,0.00027105771005153656,1.5132593605667353,1.5135465804487467,0.9691358024691359,0.3694444444444444,ok
34_smtp,KDE,3,2225.323723455891,838.288637612015,3063.6123834475875,0.8892354054243464,0.40558408651892464,ok
4_breastw,DyCF_4,2,9.19174623861909,4.17003776319325,13.361796367913485,0.5124269005847953,0.6421178343240544,ok
28_pendigits,UCF_4,2,0.00022041983902454376,6.2831885907799006,6.283422479405999,0.8930148534725011,0.13510564136747005,ok
27_PageBlocks,DyCF_3,3,10.669402595609426,7.6516018360853195,18.321017801761627,0.8902853063864908,0.49174353263567094,ok
43_WDBC,UCF_4,2,0.0003288872539997101,1.7443832010030746,1.7447292283177376,0.9691358024691359,0.36507936507936506,ok
28_pendigits,UCF_5,2,0.0002462398260831833,7.730988036841154,7.731248386204243,0.8528914618943988,0.10722254261246102,ok
34_smtp,HBOS,3,9.828130293637514,0.0027264636009931564,9.83088748715818,0.8281628394109999,0.0037777700164999617,ok
27_PageBlocks,DyCF_4,3,8.454207999631763,4.0203340873122215,12.474555175751448,0.8749514822994044,0.49720749806995973,ok
43_WDBC,UCF_5,2,0.0002939347177743912,0.7286338657140732,0.7289409711956978,0.9475308641975309,0.2574074074074074,ok
4_breastw,DyCF_5,2,30.73499670624733,3.4569988287985325,34.192009937018156,0.45885547201336674,0.5638578484436,ok
34_smtp,ECOD,3,0.4569404721260071,0.10183725692331791,0.5587938968092203,0.9037929933577842,0.4148727272502367,ok
28_pendigits,UCF_6,2,0.00022560730576515198,5.492519648745656,5.492757787927985,0.8276004141224197,0.09932293045495552,ok
8_celeba,UCF_3,1,0.00031355954706668854,1463.8251421637833,1463.8254762515426,0.6760704421866481,0.03671045913917613,ok
43_WDBC,UCF_6,2,0.00028896890580654144,1.822398254647851,1.8227097243070602,0.9351851851851852,0.21313131313131314,ok
43_WDBC,UCF_7,2,0.0002643503248691559,1.3412972260266542,1.3415779527276754,0.9382716049382717,0.30419580419580416,ok
28_pendigits,UCF_7,2,0.000218220055103302,6.546675244346261,6.5469055231660604,0.8109193095142513,0.09516596369830332,ok
27_PageBlocks,DyCF_5,3,25.73006535321474,10.134997893124819,35.86507925204933,0.563644069687033,0.28241130184050384,ok
31_satimage-2,DyCF_3,3,112.13899986818433,27.077519483864307,139.2165367566049,0.5400885935769657,0.3103913846762785,ok
43_WDBC,UCF_8,2,0.0002842899411916733,0.8900513797998428,0.8903536703437567,0.9351851851851851,0.21296296296296297,ok
4_breastw,DyCG,2,24.430352913215756,10.237461602315307,34.667840825393796,0.5484544695071011,0.37957611980439937,ok
28_pendigits,UCF_8,2,0.00018089823424816132,3.409834172576666,3.410024370998144,0.8031650784931015,0.10064457783650671,ok
43_WDBC,UCG,2,0.00018525123596191406,3.2900194618850946,3.290226072072983,0.7592592592592592,0.07142857142857142,ok
4_breastw,KernelCF_rbf,2,7.371448911726475,2.5414658840745687,9.912951366975904,0.9964494569757728,0.99353434061734,ok
28_pendigits,UCG,2,0.0002556685358285904,8.019145097583532,8.019437717273831,0.19863086057174248,0.035652119909459275,ok
27_PageBlocks,DyCG,3,20.636990070343018,19.518023677170277,40.155045326799154,0.5401191193200829,0.10321957639514309,ok
43_WDBC,KNN,3,1.8280742056667805,2.1175078004598618,3.9456180073320866,0.9907407407407407,0.6388888888888888,ok
4_breastw,KernelCF_lin_2,2,7.353012448176742,1.2075103726238012,8.560540612787008,0.9864243943191312,0.9597566362668382,ok
31_satimage-2,DyCF_4,3,,,,,,ram_kill
30_satellite,DyCF_4,3,,,,,,ram_kill
43_WDBC,CBLOF,3,3.3904341775923967,0.0008359961211681366,3.3912858925759792,0.9382716049382716,0.24444444444444446,ok
28_pendigits,KNN,3,6.992485923692584,3.671243952587247,10.66375481709838,0.7329755541000232,0.06327069901521003,ok
31_satimage-2,DyCF_5,3,,,,,,error
30_satellite,DyCF_5,3,,,,,,error
27_PageBlocks,KernelCF_rbf,3,17.10006064362824,2.085740802809596,19.185818085446954,0.9000602288697048,0.4885575685839959,ok
43_WDBC,GMM,3,1.0165087208151817,0.00031925737857818604,1.0168376695364714,0.9691358024691358,0.4111111111111111,ok
4_breastw,KernelCF_lin_3,2,6.349454823881388,0.7490469366312027,7.098521349951625,0.9824561403508772,0.9426205042356433,ok
28_pendigits,CBLOF,3,8.559630973264575,0.11267188005149364,8.67232072353363,0.923693718439012,0.1383092116787611,ok
31_satimage-2,DyCG,3,,,,,,error
30_satellite,DyCG,3,,,,,,error
43_WDBC,KDE,3,0.030125988647341728,0.004626713693141937,0.034774113446474075,0.962962962962963,0.37777777777777777,ok
27_PageBlocks,KernelCF_lin_2,3,13.739566588774323,1.638625206425786,15.378207752481103,0.8568025162283344,0.420770654930361,ok
28_pendigits,GMM,3,1.4219333659857512,0.06292065419256687,1.4848735015839338,0.7441948910815779,0.04333622568306967,ok
4_breastw,KernelCF_lin_4,2,2.4662916250526905,1.1082003954797983,3.574511168524623,0.976921470342523,0.9154585013523029,ok
43_WDBC,HBOS,3,19.657538671046495,0.00031175650656223297,19.65787462890148,0.9969135802469136,0.9166666666666665,ok
31_satimage-2,KernelCF_rbf,3,22.003740020096302,2.857883842661977,24.861643502488732,0.9902547065337763,0.9061196074618896,ok
30_satellite,KernelCF_rbf,3,27.07717063650489,3.820183312520385,30.89736945554614,0.6222561126816446,0.6388658821920714,ok
4_breastw,KernelCF_lin_5,2,2.562716292217374,0.8289307337254286,3.3916608784347773,0.9721177944862155,0.9002334855187157,ok
3_backdoor,UCF_5,1,0.00032508745789527893,353.3918678686023,353.39222274906933,0.905648314796868,0.4568631810315591,ok
28_pendigits,KDE,3,3.0915590971708298,1.2889423314481974,4.380530297756195,0.8836020199032306,0.09666314308478113,ok
27_PageBlocks,KernelCF_lin_3,3,10.095580264925957,0.8442005347460508,10.939795959740877,0.8319882219099244,0.3764389257461335,ok
4_breastw,UCF_2,2,0.0002069268375635147,2.407700587064028,2.407916696742177,0.9884085213032581,0.9706428017702005,ok
43_WDBC,ECOD,3,1.8499876856803894,0.0027365628629922867,1.8527346085757017,0.9845679012345678,0.6666666666666667,ok
31_satimage-2,KernelCF_lin_2,3,12.403456289321184,1.297857616096735,13.70133113861084,0.993798449612403,0.9138456244147304,ok
28_pendigits,HBOS,3,8.869431281462312,0.0012795552611351013,8.870758524164557,0.911967292780325,0.16953973154313673,ok
4_breastw,UCF_3,2,0.00023345090448856354,2.6294896751642227,2.6297333166003227,0.9849624060150376,0.9558081512227592,ok
30_satellite,KernelCF_lin_2,3,21.79075820185244,1.137492872774601,22.928268507122993,0.35778529980657636,0.34500438847223497,ok
43_WDBC,OCSVM,3,0.005663355812430382,0.0011684950441122055,0.006846560165286064,0.9907407407407407,0.6388888888888888,ok
27_PageBlocks,KernelCF_lin_4,3,12.56951910071075,2.494835836812854,15.064370948821306,0.8178366682281559,0.3558619179716091,ok
28_pendigits,ECOD,3,1.523363584652543,0.1285857204347849,1.6519580837339163,0.9132878362103574,0.16395428698095443,ok
4_breastw,UCF_4,2,0.00017719902098178864,2.2008748911321163,2.2010607086122036,0.9846491228070176,0.9561136930434793,ok
43_WDBC,LODA,3,0.012231485918164253,0.0013649240136146545,0.013627927750349045,0.9907407407407407,0.6388888888888888,ok
31_satimage-2,KernelCF_lin_3,3,14.140886534005404,1.2602420337498188,15.401145746931434,0.9871816168327796,0.8452943842398982,ok
28_pendigits,OCSVM,3,2.6493088863790035,0.43282139115035534,3.082155220210552,0.9261129540028313,0.16958726068386343,ok
27_PageBlocks,KernelCF_lin_5,3,15.788347007706761,0.9839954786002636,16.772367084398866,0.8085301925093131,0.348650959037606,ok
30_satellite,KernelCF_lin_3,3,25.51630430482328,1.8654376771301031,27.38177086226642,0.3449499082477806,0.3091054589465184,ok
4_breastw,UCF_5,2,0.00025114044547080994,2.229334792122245,2.2295980993658304,0.9833959899749374,0.9532593575675417,ok
43_WDBC,IForest,3,0.45986410044133663,0.04042941890656948,0.5003019478172064,0.9938271604938271,0.8055555555555556,ok
31_satimage-2,KernelCF_lin_4,3,14.92061522603035,0.8464885987341404,15.767121056094766,0.40520487264673305,0.076570114366856,ok
28_pendigits,LODA,3,0.03657953999936581,0.01030539721250534,0.04694419912993908,0.8946311986308606,0.1043545307017521,ok
27_PageBlocks,UCF_2,3,0.00017413124442100525,2.097691647708416,2.0978747569024563,0.8763925137745655,0.46168666522825275,ok
4_breastw,UCF_6,2,0.00018294714391231537,2.997734196484089,2.997927123680711,0.9829782790309106,0.9524191439819487,ok
43_WDBC,PCA,3,0.18102913908660412,0.0003638267517089844,0.18140158616006374,0.9907407407407407,0.6388888888888888,ok
28_pendigits,IForest,3,1.1987743508070707,0.017839156091213226,1.2166246566921473,0.9274334974328635,0.1509370267538755,ok
30_satellite,KernelCF_lin_4,3,17.48901771195233,2.210148887708783,19.699183207005262,0.3555869662252641,0.3147187345407342,ok
27_PageBlocks,UCF_3,3,0.0002641472965478897,3.512613460421562,3.512893106788397,0.8810859042137902,0.4885070399941821,ok
4_breastw,UCF_7,2,0.00019913725554943085,1.9525161683559418,1.9527250360697508,0.9823517126148705,0.9497412308748292,ok
28_pendigits,PCA,3,0.15616524778306484,0.000958634540438652,0.1571353506296873,0.923693718439012,0.1533756513975662,ok
31_satimage-2,KernelCF_lin_5,3,23.90532868541777,1.541351579129696,25.446697460487485,0.33884274640088596,0.02395121326555515,ok
27_PageBlocks,UCF_4,3,0.00020363926887512207,4.084765477105975,4.08497847802937,0.8804166945504027,0.48290189611872264,ok
43_WDBC,DyCF_2,3,17.808429496362805,5.679469896480441,23.487914631143212,0.9814814814814815,0.5317460317460317,ok
4_breastw,UCF_8,2,0.00021030940115451813,2.3293028213083744,2.329524077475071,0.9687761069340017,0.941772310735299,ok
30_satellite,KernelCF_lin_5,3,23.72756453230977,1.96092139929533,25.688502511009574,0.3666344294003868,0.3251282686727508,ok
31_satimage-2,UCF_2,3,0.0002777073532342911,3.741476768627763,3.741767678409815,0.9914728682170543,0.903931195547095,ok
27_PageBlocks,UCF_5,3,0.00025724805891513824,3.1656469628214836,3.1659208573400974,0.8852439269223048,0.48872664267073257,ok
4_breastw,UCG,2,0.00019588135182857513,2.3604855723679066,2.3607044517993927,0.8634085213032582,0.8082925500369693,ok
28_pendigits,DyCF_2,3,9.435693640261889,10.021955724805593,19.457663852721453,0.7723911343996281,0.056455409077834265,ok
31_satimage-2,UCF_3,3,0.0002518892288208008,4.114000318571925,4.114265698939562,0.9954872646733112,0.8078306215493012,ok
30_satellite,UCF_2,3,0.0001965295523405075,3.3956078197807074,3.3958137091249228,0.7201458116351733,0.64747449876217,ok
27_PageBlocks,UCF_6,3,0.00021851994097232819,5.316455096006393,5.316685734316707,0.8878895357915635,0.511605666264359,ok
4_breastw,KNN,3,0.005260787904262543,0.0017871391028165817,0.007084948942065239,0.9733709273182957,0.8867947661177609,ok
31_satimage-2,UCF_4,3,0.0003213193267583847,4.739704670384526,4.740043260157108,0.9951827242524917,0.698283295727457,ok
30_satellite,UCF_3,3,0.00022076815366744995,3.917498841881752,3.9177327193319798,0.7313048653474186,0.6288025838211652,ok
28_pendigits,DyCF_3,3,8.837407661601901,8.81653849594295,17.653959825634956,0.7393247269116187,0.05823650607516199,ok
27_PageBlocks,UCF_7,3,0.00021475926041603088,3.1226258743554354,3.1228512339293957,0.875241473153539,0.4951890344651276,ok
43_WDBC,DyCF_3,3,42.96425491757691,6.434690961614251,49.398961156606674,0.6450617283950617,0.24983164983164982,ok
4_breastw,CBLOF,3,4.446270337328315,0.0008367542177438736,4.447116499766707,0.972953216374269,0.9113522219407846,ok
30_satellite,UCF_4,3,0.00023904815316200256,4.725316267460585,4.725569756701589,0.7340623915092,0.5966125277277482,ok
31_satimage-2,UCF_5,3,0.00025405921041965485,5.225323759019375,5.22559067606926,0.9908084163898118,0.52445897971459,ok
27_PageBlocks,UCF_8,3,0.00017479993402957916,4.763047782704234,4.763231709599495,0.8795779517722901,0.5035353542890683,ok
32_shuttle,KDE,1,418.31924425438046,148.62622506916523,566.9455012734979,0.9844346721098446,0.7549386672401452,ok
4_breastw,GMM,3,1.0906649772077799,0.00028733909130096436,1.090968906879425,0.970655806182122,0.92880079690332,ok
30_satellite,UCF_5,3,0.0004091653972864151,5.18989273160696,5.190324788913131,0.7325410405197639,0.5805940424162341,ok
4_breastw,KDE,3,0.08281408436596394,0.05953115224838257,0.14236518740653992,0.9768170426065163,0.9192437900331318,ok
27_PageBlocks,UCG,3,0.00027040019631385803,6.388089852407575,6.388387940824032,0.6221374556648598,0.2517130955212358,ok
32_shuttle,HBOS,1,8.233591474592686,0.003230290487408638,8.236865000799298,0.9801045780061646,0.9577123785625027,ok
31_satimage-2,UCF_6,3,0.0002317875623703003,5.987319191917777,5.987562760710716,0.9854097452934663,0.438367854159631,ok
28_pendigits,DyCF_4,3,34.876142324879766,13.1554513592273,48.03161794319749,0.4594540345242874,0.03511777433603183,ok
30_satellite,UCF_6,3,0.000302046537399292,2.9492489472031593,2.9495655056089163,0.7270346674601994,0.5545031511515426,ok
27_PageBlocks,KNN,4,0.06640657223761082,0.023423299193382263,0.08985868282616138,0.8680586227665128,0.516910750116998,ok
32_shuttle,ECOD,1,0.4704227913171053,0.14214477688074112,0.6125744301825762,0.9924711917839065,0.898350224795471,ok
31_satimage-2,UCF_7,3,0.00026031769812107086,3.3923907801508904,3.392666060477495,0.983970099667774,0.4404704479487554,ok
4_breastw,HBOS,3,9.946163542568684,0.00022865831851959229,9.946424199268222,0.9895572263993317,0.9785036770763058,ok
30_satellite,UCF_7,3,0.00014621764421463013,4.755746331065893,4.755901001393795,0.7391298417894162,0.5873583174368967,ok
27_PageBlocks,CBLOF,4,7.092034995555878,0.3929677680134773,7.4850187841802835,0.8854580740145888,0.5018208636552083,ok
31_satimage-2,UCF_8,3,0.0002885274589061737,3.552524561062455,3.5528284274041653,0.8840808416389812,0.2657011114802125,ok
4_breastw,ECOD,3,0.3330771792680025,0.002279367297887802,0.3353645037859678,0.9906015037593986,0.9827628231677312,ok
27_PageBlocks,GMM,4,1.8764344919472933,0.0004396457225084305,1.8768891710788012,0.9271587588391443,0.568193030138611,ok
3_backdoor,UCF_6,1,0.0002278592437505722,341.7011331487447,341.70137509703636,0.8018078053132739,0.36896007549199134,ok
30_satellite,UCF_8,3,0.0002330280840396881,5.856735082343221,5.856982931494713,0.6976231215592918,0.5499005142754716,ok
31_satimage-2,UCG,3,0.0002592187374830246,10.571521015837789,10.571829963475466,0.3792635658914729,0.03550097401260654,ok
4_breastw,OCSVM,3,0.1730556283146143,0.002448037266731262,0.17551307566463947,0.9583333333333334,0.8854207384705317,ok
4_breastw,LODA,3,0.014254750683903694,0.001989319920539856,0.016284184530377388,0.9945697577276525,0.9901095325259001,ok
30_satellite,UCG,3,0.00026673823595046997,7.479631895199418,7.479932054877281,0.7498636115657391,0.5336975688706321,ok
27_PageBlocks,KDE,4,10.531376900151372,4.8171197939664125,15.348531885072589,0.9184991857949095,0.5670151173772093,ok
31_satimage-2,KNN,4,8.593147564679384,4.7422033958137035,13.335378231480718,0.9345238095238095,0.3225691570157423,ok
4_breastw,IForest,3,1.3745226711034775,0.17450432106852531,1.5490367598831654,0.9923767752715121,0.9841311993839095,ok
27_PageBlocks,HBOS,4,9.842490054666996,0.02283783257007599,9.865369655191898,0.7827366213834794,0.2962409616781274,ok
30_satellite,KNN,4,11.440593373030424,7.273803826421499,18.71442507021129,0.6687397708674305,0.5420415400103583,ok
4_breastw,PCA,3,0.0022473372519016266,0.0002595670521259308,0.00252363458275795,0.9409983291562238,0.9325647202589029,ok
31_satimage-2,CBLOF,4,12.577588900923729,0.07887104339897633,12.656476903706789,0.9978405315614618,0.9534954407294836,ok
27_PageBlocks,ECOD,4,2.2406932152807713,0.05499177984893322,2.2956969756633043,0.9146311539405295,0.5075711370129292,ok
4_breastw,DyCF_2,3,3.5564900934696198,1.9248021002858877,5.481307605281472,0.9726399331662489,0.9097142679452151,ok
31_satimage-2,GMM,4,9.249365018680692,0.19392365403473377,9.443301349878311,0.9827796234772979,0.383689313656817,ok
30_satellite,CBLOF,4,19.310734981670976,0.2359339315444231,19.54668795503676,0.7301505232356296,0.6366904466649985,ok
27_PageBlocks,OCSVM,4,1.5227969642728567,0.5917395055294037,2.114548683166504,0.9231167324722837,0.557773025449779,ok
32_shuttle,OCSVM,1,222.2468182835728,19.34068777784705,241.58752097934484,0.9903834783803588,0.905043956734798,ok
4_breastw,DyCF_3,3,9.335372680798173,5.16402736864984,14.499416559934616,0.9736842105263158,0.9337034508011577,ok
30_satellite,GMM,4,8.526068536564708,0.11301996000111103,8.639109458774328,0.6168960472151962,0.5154464825662426,ok
27_PageBlocks,LODA,4,0.02857532724738121,0.006087092682719231,0.03470897115767002,0.8275379776483973,0.47258560162557645,ok
31_satimage-2,KDE,4,34.43895768746734,9.154905896633863,43.59392089210451,0.9624861572535992,0.30964509671100193,ok
32_shuttle,LODA,1,0.2609520126134157,0.06830810755491257,0.3292887322604656,0.8457215415125288,0.699523482719672,ok
27_PageBlocks,IForest,4,0.16633057035505772,0.015146549791097641,0.18149787932634354,0.9119766222757589,0.5048060328591619,ok
30_satellite,KDE,4,6.702484084293246,3.7108084429055452,10.413308272138238,0.7540395774438329,0.6114518127326968,ok
4_breastw,DyCF_4,3,6.771800599992275,2.817777469754219,9.589591259136796,0.5284043441938179,0.6487226397566465,ok
34_smtp,OCSVM,3,691.279602797702,128.80541191622615,820.0850415546447,0.8567173593103932,0.46217624888580955,ok
31_satimage-2,HBOS,4,8.01352434977889,0.0025063250213861465,8.016065435484052,0.9855758582502768,0.7973907445364232,ok
27_PageBlocks,PCA,4,0.003533868119120598,0.0005223769694566727,0.004065975546836853,0.9098976109215017,0.522446182715025,ok
32_shuttle,IForest,1,3.8191959727555513,0.30367149598896503,4.122883288189769,0.9963822086851016,0.9772402362994833,ok
31_satimage-2,ECOD,4,2.879391932860017,0.037837641313672066,2.9172442872077227,0.9730620155038759,0.6828504803651825,ok
34_smtp,LODA,3,0.6571704708039761,0.5421456806361675,1.1993521824479103,0.8387140732434726,0.44496901305698133,ok
30_satellite,HBOS,4,9.468042450025678,0.015808504074811935,9.483889263123274,0.7516540197391262,0.6646819089926789,ok
28_pendigits,DyCF_5,3,328.4168614689261,40.02520404569805,368.44208171218634,0.4311732764267151,0.03618577045924048,ok
32_shuttle,PCA,1,0.04824608005583286,0.014602432027459145,0.06287892162799835,0.9886582870668075,0.9175199396600197,ok
34_smtp,IForest,3,1.7736195493489504,0.18913935497403145,1.9627793226391077,0.90991932783579,0.005155902736877889,ok
27_PageBlocks,DyCF_2,4,9.144529154524207,9.458705835044384,18.603253349661827,0.9326641236699458,0.5866437114011318,ok
4_breastw,DyCF_5,3,23.841406404972076,4.623037798330188,28.46446131542325,0.5597326649958229,0.6740063789259565,ok
31_satimage-2,OCSVM,4,2.1520310305058956,0.36487075686454773,2.5169219318777323,0.9970376522702104,0.9471088435374151,ok
30_satellite,ECOD,4,2.220313685014844,0.6603600084781647,2.880681933835149,0.579952140058523,0.5057897461673772,ok
34_smtp,PCA,3,0.0250413678586483,0.0028828829526901245,0.02794749103486538,0.8528978905319223,0.5889988991181911,ok
27_PageBlocks,DyCF_3,4,11.943177791312337,8.190835742279887,20.134028155356646,0.9068058622766513,0.5448831724999466,ok
31_satimage-2,LODA,4,0.08567371591925621,0.0539166871458292,0.13963070139288902,0.9847729789590254,0.9005203132625,ok
32_shuttle,DyCF_2,1,34.191943395882845,11.744958244264126,45.93691601604223,0.951928987609327,0.6335567118978827,ok
30_satellite,OCSVM,4,2.9114773124456406,0.31439417973160744,3.2258816845715046,0.6533687943262411,0.6454552261261772,ok
4_breastw,DyCG,3,37.83098300918937,12.85468559525907,50.685702132061124,0.41927736006683375,0.308074914047072,ok
31_satimage-2,IForest,4,0.28748853504657745,0.039456695318222046,0.3269557971507311,0.9949612403100775,0.9188529478777159,ok
30_satellite,LODA,4,0.36735989712178707,0.23755137622356415,0.6049514040350914,0.6106692952437633,0.6201461923955568,ok
34_smtp,DyCF_2,3,22.104661205783486,12.372970085591078,34.47764374129474,0.8574064989370898,0.5541595317921743,ok
27_PageBlocks,DyCF_4,4,10.840771071612835,10.847332876175642,21.6881200671196,0.6574226505164069,0.3800796473718562,ok
4_breastw,KernelCF_rbf,3,4.545243153348565,3.354632692411542,7.899898463860154,0.9967627401837929,0.994028876178477,ok
31_satimage-2,PCA,4,0.2513105273246765,0.0015573836863040924,0.25287748128175735,0.9835825027685492,0.8960399347186475,ok
30_satellite,IForest,4,0.21072407066822052,0.016808057203888893,0.22755524329841137,0.7016912165848337,0.6658630917397209,ok
32_shuttle,DyCF_3,1,37.061422519385815,9.788914810866117,46.85035505145788,0.9425799310520616,0.5113839857508977,ok
4_breastw,KernelCF_lin_2,3,12.510528350248933,0.9123828839510679,13.422931557521224,0.9870509607351713,0.9649924689035945,ok
3_backdoor,UCF_7,1,0.0002652369439601898,451.48382826149464,451.4841125179082,0.89314135400803,0.5038539981357743,ok
30_satellite,PCA,4,0.3081206288188696,0.001805948093533516,0.309944836422801,0.5999442047314387,0.5953065927839043,ok
34_smtp,DyCF_3,3,28.822370721027255,8.794357864186168,37.616743041202426,0.90819258532483,0.4594193867528944,ok
4_breastw,KernelCF_lin_3,3,3.0347007047384977,2.4977037478238344,5.5324190724641085,0.9803675856307436,0.9309058199113058,ok
27_PageBlocks,DyCF_5,4,39.22490533255041,10.338219529017806,49.56314035132527,0.5053826763925138,0.233620853659242,ok
31_satimage-2,DyCF_2,4,27.647508079186082,17.74746367149055,45.39498562924564,0.9791805094130676,0.3513399472282809,ok
4_breastw,KernelCF_lin_4,3,3.4266404435038567,1.1518184263259172,4.578478468582034,0.9754594820384294,0.9034392345628265,ok
30_satellite,DyCF_2,4,24.733936052769423,21.53049462288618,46.26444713957608,0.6280104647125924,0.5188495862848603,ok
32_shuttle,DyCF_4,1,52.956972289830446,17.819612830877304,70.77660097926855,0.9198264448928579,0.5028682679442797,ok
4_breastw,KernelCF_lin_5,3,8.504748737439513,0.8432502020150423,9.348014799878001,0.9698203842940686,0.8743571581939683,ok
27_PageBlocks,DyCG,4,38.81556957960129,17.862891169264913,56.678496286273,0.43410515514510695,0.0814896622611441,ok
34_smtp,DyCF_4,3,34.55483809672296,10.883641064167023,45.43850609101355,0.9177587777699909,0.3286873443692522,ok
4_breastw,UCF_2,3,0.00020845793187618256,4.130821030586958,4.131039816886187,0.9935254803675857,0.9852830887994972,ok
4_breastw,UCF_3,3,0.0002270583063364029,2.3745917063206434,2.3748297039419413,0.9933166248955723,0.9841223124120395,ok
34_smtp,DyCF_5,3,32.556118516251445,14.362489989027381,46.91862499527633,0.9147919732753989,0.298122684660366,ok
27_PageBlocks,KernelCF_rbf,4,33.312677159905434,6.088385300710797,39.40108057111502,0.8929041468692142,0.4888825424247467,ok
32_shuttle,DyCF_5,1,90.46120243519545,21.416497772559524,111.87771711498499,0.5582676318461456,0.3030652306053882,ok
4_breastw,UCF_4,3,0.00021916814148426056,3.0479625295847654,3.0481937788426876,0.9921679197994987,0.9810610871901255,ok
27_PageBlocks,KernelCF_lin_2,4,18.2401014380157,1.8091049306094646,20.049228182062507,0.8583952352271966,0.4191385512468877,ok
31_satimage-2,DyCF_3,4,158.35866587981582,36.38171138241887,194.7403979152441,0.5265503875968993,0.2666330657620286,ok
4_breastw,UCF_5,3,0.0002232082188129425,3.8993631321936846,3.899597778916359,0.9907059314954052,0.9783780523009318,ok
34_smtp,DyCG,3,25.41013254597783,13.035196112468839,38.44535776786506,0.6045350838258541,0.0018629197399685417,ok
30_satellite,DyCF_3,4,145.01308672502637,35.06274373084307,180.0758528392762,0.4984873282745623,0.4273571494403876,ok
4_breastw,UCF_6,3,0.0002248268574476242,4.43587813526392,4.436111440882087,0.9891395154553049,0.9752983171916962,ok
27_PageBlocks,KernelCF_lin_3,4,37.606232184916735,3.302346656098962,40.90859692171216,0.8363916214950143,0.37382998966211656,ok
31_satimage-2,DyCF_4,4,,,,,,ram_kill
34_smtp,KernelCF_rbf,3,,,,,,ram_kill
43_WDBC,DyCF_4,3,,,,,,ram_kill
4_breastw,UCF_7,3,0.00027191825211048126,2.463918359950185,2.464202808216214,0.9878863826232247,0.9727153365481642,ok
28_pendigits,DyCG,3,438.13166203536093,84.1493521463126,522.2810546327382,0.5313655475501279,0.024533692981903478,ok
32_shuttle,DyCG,1,81.64084094390273,20.33802007511258,101.97889584116638,0.5428887379363848,0.07815538796206181,ok
31_satimage-2,DyCF_5,4,,,,,,error
43_WDBC,DyCF_5,3,,,,,,error
27_PageBlocks,KernelCF_lin_4,4,16.908228093758225,1.121765274554491,18.030020616948605,0.8232081911262797,0.35094209320061404,ok
4_breastw,UCF_8,3,0.00016950815916061401,2.297535251826048,2.2977148443460464,0.9885129490392648,0.9749190392983345,ok
43_WDBC,DyCG,3,,,,,,error
31_satimage-2,DyCG,4,,,,,,error
10_cover,OCSVM,1,,,,,,timeout
8_celeba,UCF_4,1,0.00024138018488883972,1454.553673626855,1454.5539347659796,0.6639117567392019,0.035150235108746264,ok
27_PageBlocks,KernelCF_lin_5,4,17.296490244567394,0.8017427083104849,18.09825601056218,0.8142229360458632,0.3449803353905025,ok
28_pendigits,KernelCF_rbf,3,33.82963558100164,3.2547972556203604,37.08444723673165,0.9615880327072197,0.2507842650296884,ok
4_breastw,UCG,3,0.00021703727543354034,3.7689669001847506,3.769215799868107,0.8624686716791982,0.8197014574187766,ok
43_WDBC,KernelCF_rbf,3,5.082192990928888,0.6958209276199341,5.7780283614993095,0.9907407407407407,0.6388888888888888,ok
31_satimage-2,KernelCF_rbf,4,24.188614584505558,2.7499902453273535,26.938637850806117,0.9899501661129567,0.917330580911525,ok
4_breastw,KNN,4,0.004956761375069618,0.0017546787858009338,0.006747789680957794,0.9702380952380952,0.9182987733503205,ok
27_PageBlocks,UCF_2,4,0.0001963488757610321,3.740021727979183,3.740228794515133,0.8702670146556916,0.44210796598333646,ok
43_WDBC,KernelCF_lin_2,3,5.014875931665301,0.6114696636795998,5.626384409144521,0.9753086419753088,0.44285714285714284,ok
10_cover,LODA,1,22.105944506824017,24.05234899558127,46.15833312086761,0.8970226202134709,0.07247965523022244,ok
4_breastw,CBLOF,4,6.91004871763289,0.0008771736174821854,6.910935701802373,0.9657477025898078,0.912279352763654,ok
28_pendigits,KernelCF_lin_2,3,44.79569644480944,3.645716231316328,48.4414353556931,0.9572566502567137,0.27830582108028473,ok
27_PageBlocks,UCF_3,4,0.0008313152939081192,6.472105806693435,6.472953910008073,0.8755493095986973,0.46171130638444413,ok
43_WDBC,KernelCF_lin_3,3,4.138751560822129,1.0327461324632168,5.171514630317688,0.941358024691358,0.3032679738562092,ok
34_smtp,KernelCF_lin_2,3,,,,,,ram_kill
31_satimage-2,KernelCF_lin_2,4,36.674822606146336,2.0146965980529785,38.689561143517494,0.9944352159468439,0.9246908315565033,ok
10_cover,IForest,1,12.966066919267178,0.922682873904705,13.888771014288068,0.8870542317844505,0.0528386668395632,ok
4_breastw,GMM,4,0.7332605309784412,0.0003127679228782654,0.7335934694856405,0.974624060150376,0.9473035121417774,ok
27_PageBlocks,UCF_4,4,0.0002510584890842438,7.14420560374856,7.144467381760478,0.8751388610051529,0.46274038034765536,ok
43_WDBC,KernelCF_lin_4,3,6.4226952232420444,0.527451990172267,6.950177701190114,0.9074074074074074,0.2448107448107448,ok
3_backdoor,UCF_8,1,0.0002503078430891037,538.5969413034618,538.5972150117159,0.8879454007517139,0.4823914854234186,ok
28_pendigits,KernelCF_lin_3,3,47.280868796631694,2.421218954026699,49.70210510678589,0.9360540049441146,0.20612703013772343,ok
31_satimage-2,KernelCF_lin_3,4,24.275285601615906,1.3694726843386889,25.64478344656527,0.9894795127353267,0.9012273280443259,ok
10_cover,PCA,1,0.5796748958528042,0.03799905255436897,0.6176980379968882,0.9346144788831439,0.07173373500182965,ok
30_satellite,DyCF_4,4,,,,,,ram_kill
27_PageBlocks,UCF_5,4,0.0004095379263162613,3.675823215395212,3.676243394613266,0.8800151687523701,0.46371267238992697,ok
4_breastw,KDE,4,0.08264441601932049,0.007600175216794014,0.09026871994137764,0.9805764411027568,0.9464832166945462,ok
34_smtp,KernelCF_lin_3,3,,,,,,ram_kill
43_WDBC,KernelCF_lin_5,3,3.0489145033061504,0.4415247831493616,3.490454314276576,0.8734567901234568,0.20202020202020202,ok
27_PageBlocks,UCF_6,4,0.00021963566541671753,4.324697617441416,4.324928605929017,0.8756206919627919,0.45736031358087964,ok
30_satellite,DyCF_5,4,,,,,,error
43_WDBC,UCF_2,3,0.00025390833616256714,1.1764094457030296,1.1766779124736786,0.9907407407407407,0.6388888888888888,ok
31_satimage-2,KernelCF_lin_4,4,30.200088189914823,3.5228908266872168,33.722997745499015,0.36439645625692135,0.14905346386207166,ok
27_PageBlocks,UCF_7,4,0.00017325766384601593,3.7909126356244087,3.7910957727581263,0.8858774454036449,0.4863157196619456,ok
4_breastw,HBOS,4,20.896558636799455,0.00021052919328212738,20.896792396903038,0.9755639097744362,0.9234781940311245,ok
28_pendigits,KernelCF_lin_4,3,42.672216502949595,2.1514409594237804,44.82368334196508,0.9115869762724756,0.1490761855413981,ok
43_WDBC,UCF_3,3,0.0002448614686727524,1.291201712563634,1.2914615627378225,0.9907407407407407,0.6388888888888888,ok
30_satellite,DyCG,4,,,,,,error
27_PageBlocks,UCF_8,4,0.0003080572932958603,2.9808894135057926,2.9812208022922277,0.8748265631622388,0.4682602018660842,ok
4_breastw,ECOD,4,4.678906716406345,0.17379866167902946,4.852722784504294,0.9853801169590644,0.9739474408259609,ok
43_WDBC,UCF_4,3,0.00025100819766521454,0.7083981838077307,0.7086618524044752,0.9845679012345679,0.5333333333333333,ok
31_satimage-2,KernelCF_lin_5,4,33.41340867429972,3.1440677121281624,36.5574925839901,0.3477021040974529,0.058311661581132296,ok
27_PageBlocks,UCG,4,0.00021851807832717896,7.381213942542672,7.381467601284385,0.5939101920631733,0.27965916126972457,ok
28_pendigits,KernelCF_lin_5,3,25.099312361329794,4.574851427227259,29.674177579581738,0.8896131335967378,0.11689367970338557,ok
4_breastw,OCSVM,4,0.026927312836050987,0.002380684018135071,0.029316706582903862,0.9434001670843775,0.9232483502710414,ok
43_WDBC,UCF_5,3,0.0002905670553445816,1.5879277009516954,1.5882322899997234,0.9783950617283951,0.4444444444444445,ok
30_satellite,KernelCF_rbf,4,44.66545538045466,4.340793112292886,49.00626641884446,0.625989436095819,0.6384113860279732,ok
31_satimage-2,UCF_2,4,0.0002472400665283203,4.242143949493766,4.2424060963094234,0.9919158361018826,0.8655633927871316,ok
27_PageBlocks,KNN,5,0.1371597032994032,0.06198602728545666,0.19917162880301476,0.8457427111914162,0.44984726240170503,ok
28_pendigits,UCF_2,3,0.00024008937180042267,2.7133388463407755,2.713593576103449,0.9452766802594603,0.1626710237918645,ok
4_breastw,LODA,4,0.08497210592031479,0.0018345676362514496,0.08683439716696739,0.9877819548872181,0.9790381143174824,ok
43_WDBC,UCF_6,3,0.00021029822528362274,1.9679406210780144,1.9681632909923792,0.9753086419753088,0.42063492063492064,ok
4_breastw,IForest,4,0.2670809831470251,0.022399911656975746,0.28948885574936867,0.9788011695906433,0.9512832015651744,ok
31_satimage-2,UCF_3,4,0.0001834779977798462,3.6895341370254755,3.689728107303381,0.9961794019933555,0.8029861889226546,ok
28_pendigits,UCF_3,3,0.00021979957818984985,4.218877665698528,4.219108011573553,0.9362547275454796,0.14277459441051163,ok
27_PageBlocks,CBLOF,5,11.790642436593771,0.5000023413449526,12.290661707520485,0.8676838653550157,0.5202494498752696,ok
30_satellite,KernelCF_lin_2,4,45.16567232273519,2.5698638651520014,47.73555372096598,0.3614057927887715,0.3362891591238403,ok
43_WDBC,UCF_7,3,0.0002413000911474228,1.5157050210982561,1.5159605480730534,0.9598765432098766,0.3619047619047619,ok
10_cover,DyCF_2,1,149.92642236873507,76.00541154854,225.93184781260788,0.9323116079795085,0.08870002964222677,ok
4_breastw,PCA,4,0.0020469874143600464,0.0002699289470911026,0.0023329854011535645,0.9375522138680034,0.9449135037377852,ok
31_satimage-2,UCF_4,4,0.00029443763196468353,4.913759782910347,4.91407048329711,0.9936600221483942,0.5809305698743893,ok
27_PageBlocks,GMM,5,1.0867467522621155,0.0005607567727565765,1.08732420951128,0.9139396372883624,0.5380483361746775,ok
28_pendigits,UCF_4,3,0.00024631619453430176,4.59388056024909,4.59414148889482,0.8972300281011641,0.09897692489128802,ok
43_WDBC,UCF_8,3,0.00029631704092025757,1.6547279730439186,1.6550367195159197,0.9722222222222222,0.40277777777777773,ok
4_breastw,DyCF_2,4,1.6823495235294104,1.8412612453103065,3.5236254185438156,0.9723266499582289,0.9380701606333781,ok
31_satimage-2,UCF_5,4,0.0002706795930862427,3.86883076839149,3.8691191859543324,0.989202657807309,0.4564650614400504,ok
27_PageBlocks,KDE,5,2.624083762988448,1.7506699450314045,4.374771557748318,0.8953891454192598,0.5152143786292388,ok
28_pendigits,UCF_5,3,0.00019182637333869934,7.550948748365045,7.5511522479355335,0.8562403600329608,0.07960885076020484,ok
43_WDBC,UCG,3,0.0001912396401166916,2.8415718115866184,2.8417893946170807,0.6604938271604939,0.06467236467236467,ok
30_satellite,KernelCF_lin_3,4,47.51237187720835,1.8204429503530264,49.33284666016698,0.3546744036105738,0.31012493491610943,ok
3_backdoor,UCG,1,0.0008620340377092361,357.1754266452044,357.17641571722925,0.45331682229093273,0.03627061438273313,ok
4_breastw,DyCF_3,4,11.670062763616443,2.10273184068501,13.772815806791186,0.9758771929824561,0.9495872141289842,ok
43_WDBC,KNN,4,1.0143410433083773,1.6130517199635506,2.62741195037961,0.9907407407407408,0.7555555555555555,ok
31_satimage-2,UCF_6,4,0.00021637976169586182,6.084468627348542,6.08469563536346,0.9828073089700997,0.43392953250731653,ok
27_PageBlocks,HBOS,5,24.441611148416996,0.0005670357495546341,24.442201046273112,0.7425528117959356,0.29059105125990836,ok
28_pendigits,UCF_6,3,0.0002257172018289566,4.90265616774559,4.902893489226699,0.8318895391831647,0.07848388870939638,ok
30_satellite,KernelCF_lin_4,4,39.97498970478773,2.2304528765380383,42.20546140521765,0.3630188959976194,0.31554050084933216,ok
31_satimage-2,UCF_7,4,0.00023740902543067932,3.687579235062003,3.6878285240381956,0.9854097452934663,0.4129182422516704,ok
43_WDBC,CBLOF,4,5.527960103005171,0.0008638426661491394,5.528839038684964,0.8703703703703705,0.12813434552564987,ok
4_breastw,DyCF_4,4,8.002670904621482,2.744424557313323,10.747109603136778,0.48120300751879697,0.5849486596036464,ok
27_PageBlocks,ECOD,5,0.7882064376026392,0.012400826439261436,0.8006213419139385,0.9214749380981061,0.5487471277167376,ok
28_pendigits,UCF_7,3,0.00020874850451946259,6.423464173451066,6.423683961853385,0.8152823850070782,0.07433017288928084,ok
43_WDBC,GMM,4,0.9100536741316319,0.00028007104992866516,0.9103483632206917,0.962962962962963,0.5353535353535354,ok
3_backdoor,KNN,2,40.35291980393231,18.167540865018964,58.52050350792706,0.7609875603140175,0.40083748119770424,ok
31_satimage-2,UCF_8,4,0.0002257712185382843,8.23904525861144,8.239284565672278,0.9790143964562569,0.3691833216135253,ok
43_WDBC,KDE,4,0.010027680546045303,0.011321499943733215,0.021364782005548477,0.962962962962963,0.3333333333333333,ok
28_pendigits,UCF_8,3,0.0001911688596010208,6.257244672626257,6.257446179166436,0.8062921253354179,0.07396980838982467,ok
27_PageBlocks,OCSVM,5,10.01322210393846,1.898734211921692,11.911965535953641,0.9092507082468938,0.5288367319516687,ok
30_satellite,KernelCF_lin_5,4,43.81773096136749,2.996293654665351,46.81404288671911,0.37482765461488865,0.32583841761799603,ok
4_breastw,DyCF_5,4,25.159805102273822,4.476479217410088,29.636296041309834,0.5293441938178781,0.6398458808363461,ok
3_backdoor,CBLOF,2,16.43701945245266,0.24366162531077862,16.68071388080716,0.914555150470975,0.5900132962625915,ok
27_PageBlocks,LODA,5,0.07279098033905029,0.02806299924850464,0.1008787602186203,0.7074929175310625,0.42699727529081216,ok
31_satimage-2,UCG,4,0.000382276251912117,9.550812615081668,9.551253641024232,0.40700442967884826,0.08907402286242364,ok
43_WDBC,HBOS,4,8.590809172019362,0.000323249027132988,8.591160340234637,0.9876543209876544,0.8095238095238095,ok
28_pendigits,UCG,3,0.0002468787133693695,10.888106975704432,10.88838267326355,0.16973737032263517,0.034304619018044165,ok
30_satellite,UCF_2,4,0.0002319570630788803,3.932037588208914,3.932282514870167,0.7157032683628429,0.6517956264735884,ok
10_cover,DyCF_3,1,176.1708289720118,72.29466819763184,248.4655222799629,0.918947400255858,0.07574363050564885,ok
30_satellite,UCF_3,4,0.00023186765611171722,5.589413395151496,5.5896579679101706,0.7257352576501512,0.6285224000096166,ok
28_pendigits,KNN,4,10.106745328754187,5.081022929400206,15.187813356518745,0.7279363603710198,0.06380056767880643,ok
27_PageBlocks,IForest,5,2.288814777508378,0.04323325864970684,2.332062153145671,0.8865600392603001,0.4626516955417229,ok
43_WDBC,ECOD,4,1.8663484901189804,0.0026122834533452988,1.868970723822713,0.9722222222222222,0.4444444444444444,ok
4_breastw,DyCG,4,26.68951025046408,14.48073921725154,41.17027600109577,0.5703842940685047,0.3990791113584366,ok
31_satimage-2,KNN,5,13.471908587962389,4.856178108602762,18.328111177310348,0.9241971207087486,0.25387447506082017,ok
27_PageBlocks,PCA,5,0.003706814721226692,0.000527428463101387,0.004251234233379364,0.9045528564099132,0.5169627193206322,ok
30_satellite,UCF_4,4,0.00018782168626785278,9.1292805634439,9.129479119554162,0.7334312850270297,0.6057511253432759,ok
43_WDBC,OCSVM,4,0.006559401750564575,0.0014294497668743134,0.00800178200006485,0.9938271604938271,0.8055555555555556,ok
31_satimage-2,CBLOF,5,17.131531251594424,0.3948054797947407,17.526351811364293,0.9999446290143964,0.995859213250518,ok
28_pendigits,CBLOF,4,22.59119725599885,0.17808094434440136,22.769297506660223,0.9645988717276934,0.35353851971621614,ok
4_breastw,KernelCF_rbf,4,11.247266594320536,2.5944713298231363,13.841753905639052,0.993734335839599,0.9889139279948342,ok
3_backdoor,GMM,2,93.52864902839065,0.5611167959868908,94.08979118615389,0.9174997564364863,0.5723728933191107,ok
43_WDBC,LODA,4,0.013611987233161926,0.0013970602303743362,0.015036478638648987,1.0,1.0,ok
30_satellite,UCF_5,4,0.00022257864475250244,5.92307230271399,5.92330820299685,0.7368806725189704,0.6008902637434294,ok
27_PageBlocks,DyCF_2,5,8.336564296856523,4.521293977275491,12.857873231172562,0.9159428048807692,0.5190083987123252,ok
28_pendigits,GMM,4,4.857599390670657,0.10479486733675003,4.962407786399126,0.7344862557839802,0.05197776107924869,ok
4_breastw,KernelCF_lin_2,4,7.90875974483788,1.6831342745572329,9.591910248622298,0.9842314118629909,0.9566033572260715,ok
31_satimage-2,GMM,5,14.017620511353016,0.14176025241613388,14.159400003030896,0.9809800664451828,0.308420222607793,ok
13_fraud,UCF_3,1,0.0002240389585494995,2849.7196864783764,2849.7199281882495,0.935435919535222,0.3501642181601218,ok
43_WDBC,IForest,4,0.13527168333530426,0.009081892669200897,0.14437289535999298,0.9876543209876544,0.7,ok
30_satellite,UCF_6,4,0.00022749975323677063,7.448655800893903,7.4488955568522215,0.7253087338193721,0.5690830469704784,ok
4_breastw,KernelCF_lin_3,4,2.1272291727364063,1.5268294904381037,3.6540740597993135,0.9800543024227235,0.9378158950261912,ok
27_PageBlocks,DyCF_3,5,12.136340044438839,8.880656292662024,21.01701328717172,0.8815186597961141,0.4615302062971366,ok
43_WDBC,PCA,4,0.0026585832238197327,0.00029104016721248627,0.0029599517583847046,0.9938271604938271,0.8055555555555556,ok
28_pendigits,KDE,4,17.35009486414492,12.31037674471736,29.6604925673455,0.8844154746561306,0.11426576693739607,ok
31_satimage-2,KDE,5,3.1082204785197973,1.3766304794698954,4.484875556081533,0.9507751937984495,0.1764134191699045,ok
30_satellite,UCF_7,4,0.000303538516163826,4.074866250157356,4.075187359005213,0.7377845558696622,0.5959858048683061,ok
31_satimage-2,HBOS,5,7.34705113619566,0.002300228923559189,7.349378379061818,0.9887873754152824,0.8553515054762547,ok
4_breastw,KernelCF_lin_4,4,4.536617262288928,1.6504509411752224,6.1870835442095995,0.9738930659983293,0.9110182469488098,ok
28_pendigits,HBOS,4,12.052427431568503,0.0014099832624197006,12.053864171728492,0.9230704219400367,0.26008091115535314,ok
27_PageBlocks,DyCF_4,5,18.199117716401815,7.297812281176448,25.49694894440472,0.8368600682593856,0.40711177074178306,ok
30_satellite,UCF_8,4,0.00023293867707252502,5.544023560360074,5.544268762692809,0.7211848435252691,0.5840548865621551,ok
43_WDBC,DyCF_2,4,12.394180677831173,8.743182426318526,21.137378495186567,0.33641975308641975,0.34845855029341266,ok
28_pendigits,ECOD,4,1.1581029798835516,0.023374801501631737,1.1814928073436022,0.9356419953939445,0.3163768812017751,ok
4_breastw,KernelCF_lin_5,4,3.5625356025993824,1.262139718979597,4.824691342189908,0.9710735171261486,0.8973456771252396,ok
31_satimage-2,ECOD,5,0.5181821659207344,0.06309125758707523,0.581286083906889,0.9810354374307863,0.7118602355977037,ok
30_satellite,UCG,4,0.00022682920098304749,9.193189898505807,9.19344612583518,0.7642104349551159,0.5785760785417017,ok
28_pendigits,OCSVM,4,2.330090571194887,0.47606650181114674,2.806172139942646,0.9306978807919034,0.24995052483784397,ok
27_PageBlocks,DyCF_5,5,24.84845777414739,8.6915297601372,33.5400032158941,0.694519172856856,0.33964536624560504,ok
4_breastw,UCF_2,4,0.0002237074077129364,3.7594240959733725,3.7596587650477886,0.9763993316624896,0.9393657603403367,ok
31_satimage-2,OCSVM,5,1.890523137524724,0.3665554001927376,2.257095644250512,0.9998338870431894,0.9894179894179898,ok
30_satellite,KNN,5,14.54718330129981,5.284483440220356,19.831695342436433,0.6819161335118782,0.552459755407466,ok
1_ALOI,KernelCF_lin_2,1,1144.508993960917,4604.375446001068,5748.8844792526215,0.5447627681076908,0.051656301875446654,ok
28_pendigits,LODA,4,0.07914834842085838,0.010113796219229698,0.08929036371409893,0.8472184073189799,0.17824227230055614,ok
43_WDBC,DyCF_3,4,59.67313063144684,11.33734842017293,71.01049309968948,0.9876543209876544,0.7,ok
4_breastw,UCF_3,4,0.0002227984368801117,4.555844254791737,4.556078245863318,0.9703425229741018,0.9144850600898533,ok
31_satimage-2,LODA,5,0.07926204800605774,0.04232671111822128,0.1216175016015768,0.9970099667774087,0.9078282325564937,ok
28_pendigits,IForest,4,0.4575292728841305,0.05593886040151119,0.5134925320744514,0.9300534555980476,0.22797365863984514,ok
30_satellite,CBLOF,5,10.673387307673693,0.08090236596763134,10.754335353150964,0.7418799285820562,0.6489253644553246,ok
4_breastw,UCF_4,4,0.0003820881247520447,3.247480545192957,3.2478729113936424,0.970969089390142,0.9218506952617129,ok
27_PageBlocks,DyCG,5,28.86038693971932,19.00590262003243,47.86632304824889,0.4791853487697695,0.08320816670476427,ok
10_cover,DyCF_4,1,264.43868247419596,102.15955515392125,366.59825814701617,0.9116385595596473,0.06799545400606005,ok
31_satimage-2,IForest,5,1.0396030191332102,0.06369562074542046,1.103315431624651,0.9990033222591361,0.9679705215419503,ok
28_pendigits,PCA,4,0.03536149673163891,0.0010609645396471024,0.03646494820713997,0.9401424074034946,0.25184034193627486,ok
4_breastw,UCF_5,4,0.0002120472490787506,3.401949282735586,3.4021713230758905,0.9688805346700083,0.9139287673951486,ok
30_satellite,GMM,5,7.640047617256641,0.12822052463889122,7.768280358985066,0.6321070773198433,0.5167905379377911,ok
31_satimage-2,PCA,5,0.28502900153398514,0.0020121969282627106,0.2870617862790823,0.9913067552602436,0.9331200200765419,ok
27_PageBlocks,KernelCF_rbf,5,21.172945600003004,2.8129594679921865,23.985921958461404,0.8911017421758236,0.5041841128386716,ok
4_breastw,UCF_6,4,0.0003354772925376892,1.9937016498297453,1.994055189192295,0.9680451127819548,0.9095752997337425,ok
28_pendigits,DyCF_2,4,10.028437491506338,13.139917837455869,23.16837286017835,0.751389211688394,0.06608962047034758,ok
30_satellite,KDE,5,8.192571371793747,3.0780148953199387,11.270608857274055,0.77060953231166,0.6267914038262741,ok
4_breastw,UCF_7,4,0.00020382925868034363,3.898035667836666,3.898250538855791,0.9675229741019215,0.9066079126484545,ok
27_PageBlocks,KernelCF_lin_2,5,29.048458635807037,2.634575005620718,31.683051804080606,0.8306230341966138,0.4140349877805056,ok
31_satimage-2,DyCF_2,5,28.946043219417334,21.715387295931578,50.661447966471314,0.9726190476190477,0.23013427876623954,ok
28_pendigits,DyCF_3,4,18.370074696838856,11.814990669488907,30.185081208124757,0.7311373576454182,0.07158427937621104,ok
30_satellite,HBOS,5,17.185444863513112,0.002545524388551712,17.18802266009152,0.7548616277339681,0.6895635600496857,ok
4_breastw,UCF_8,4,0.00022695958614349365,4.05284314788878,4.053080948069692,0.9527986633249792,0.8940866433959529,ok
30_satellite,ECOD,5,0.6028692033141851,0.0599569920450449,0.6628470588475466,0.5745647969052224,0.520773381902911,ok
27_PageBlocks,KernelCF_lin_3,5,30.76053180731833,2.9635157454758883,33.724069161340594,0.8055276718195811,0.3697953936281367,ok
30_satellite,OCSVM,5,2.606995465233922,0.31218062341213226,2.919194495305419,0.662462183206864,0.6539302976994144,ok
4_breastw,UCG,4,0.000491587445139885,5.923266988247633,5.923832517117262,0.8815789473684211,0.7997472197151323,ok
28_pendigits,DyCF_4,4,68.02481733076274,13.568641467019916,81.59347584657371,0.4635001795939065,0.034004209029161334,ok
30_satellite,LODA,5,0.17758592404425144,0.053649941459298134,0.23128438740968704,0.5912500619947428,0.5708402856819467,ok
4_breastw,KNN,5,0.005064761266112328,0.0017645303159952164,0.006868127733469009,0.9827694235588972,0.9423169655902632,ok
27_PageBlocks,KernelCF_lin_4,5,45.28679793514311,1.9201497938483953,47.20696481876075,0.7912735059894266,0.35514685858467293,ok
31_satimage-2,DyCF_3,5,145.60839289613068,36.72973769530654,182.3381484001875,0.6366002214839424,0.24502173287999068,ok
30_satellite,IForest,5,0.5942078065127134,0.03673741966485977,0.6309689152985811,0.7007055001735852,0.6725731366605813,ok
4_breastw,CBLOF,5,12.522096639499068,0.0009984355419874191,12.52310916222632,0.9797410192147035,0.9489926715346103,ok
34_smtp,KernelCF_lin_4,3,,,,,,ram_kill
43_WDBC,DyCF_4,4,,,,,,ram_kill
27_PageBlocks,KernelCF_lin_5,5,35.09251480922103,1.717624869197607,36.810170171782374,0.7823462490798366,0.35485506975167186,ok
30_satellite,PCA,5,0.2986357044428587,0.0023536644876003265,0.3010035287588835,0.5899977681892575,0.5994999489151314,ok
4_breastw,GMM,5,0.8084360659122467,0.0002901889383792877,0.8087452743202448,0.9839181286549707,0.9512365698233056,ok
43_WDBC,DyCF_5,4,,,,,,error
4_breastw,KDE,5,0.018971148878335953,0.007791073992848396,0.026783492416143417,0.987155388471178,0.9607323028634963,ok
27_PageBlocks,UCF_2,5,0.00024180114269256592,4.410003317520022,4.410258477553725,0.8569095897744763,0.44582821428840597,ok
30_satellite,DyCF_2,5,33.65621537901461,23.051786901429296,56.70802312344313,0.6411186331399097,0.5177699838535781,ok
43_WDBC,DyCG,4,,,,,,error
27_PageBlocks,UCF_3,5,0.0002635568380355835,2.868043916299939,2.868318982422352,0.8616743625777956,0.46249155261828784,ok
4_breastw,HBOS,5,16.28582553192973,0.00029354915022850037,16.2861485183239,0.9852756892230576,0.9532606206044536,ok
43_WDBC,KernelCF_rbf,4,4.477072611451149,0.6696933135390282,5.1467852629721165,0.9907407407407408,0.7555555555555555,ok
27_PageBlocks,UCF_4,5,0.00023476779460906982,5.2208725567907095,5.221120094880462,0.8592161324142854,0.4597566870451912,ok
34_smtp,KernelCF_lin_5,3,,,,,,ram_kill
31_satimage-2,DyCF_4,5,,,,,,ram_kill
43_WDBC,KernelCF_lin_2,4,4.3397013153880835,0.6632055323570967,5.002925978973508,0.9753086419753086,0.41111111111111115,ok
4_breastw,ECOD,5,2.083979180082679,0.002235677093267441,2.0862219370901585,0.9907059314954052,0.9837737833935417,ok
27_PageBlocks,UCF_5,5,0.00030537694692611694,4.860842699185014,4.861165788024664,0.8647214972450868,0.4668812624777512,ok
10_cover,DyCF_5,1,447.4195246808231,172.3162193670869,619.7357712052763,0.9036584170591221,0.06248673479911339,ok
31_satimage-2,DyCF_5,5,,,,,,error
27_PageBlocks,UCF_6,5,0.0002324189990758896,4.283277191221714,4.283523807302117,0.8633473867362644,0.4621679879363753,ok
4_breastw,OCSVM,5,0.177816703915596,0.0028762035071849823,0.18070588633418083,0.962092731829574,0.9465158220955733,ok
43_WDBC,KernelCF_lin_3,4,4.231560157611966,0.6038014348596334,4.835381634533405,0.9660493827160495,0.33730158730158727,ok
31_satimage-2,DyCG,5,,,,,,error
30_satellite,DyCF_3,5,101.69512227736413,33.94799657166004,135.6431446094066,0.5390653672568566,0.4725129816902385,ok
4_breastw,LODA,5,0.015417825430631638,0.0019893161952495575,0.017439603805541992,0.9893483709273183,0.9859718601000131,ok
27_PageBlocks,UCF_7,5,0.0002642199397087097,6.164655674248934,6.16493527404964,0.8726806308416427,0.48470191581290967,ok
43_WDBC,KernelCF_lin_4,4,2.836997414007783,1.0321050472557545,3.869121039286256,0.9413580246913581,0.22962962962962963,ok
31_satimage-2,KernelCF_rbf,5,23.489869551733136,3.878347048535943,27.368239218369126,0.9981450719822813,0.963744588744589,ok
4_breastw,IForest,5,0.210229167714715,0.02364041656255722,0.23388907499611378,0.9931077694235589,0.9871079120284008,ok
27_PageBlocks,UCF_8,5,0.00025863759219646454,5.483698599040508,5.4839733466506,0.8290660063797989,0.43305351747368204,ok
43_WDBC,KernelCF_lin_5,4,2.7948681134730577,0.2677623610943556,3.062647206708789,0.882716049382716,0.1304093567251462,ok
4_breastw,PCA,5,0.024191396310925484,0.0002951286733150482,0.024499930441379547,0.9585421888053468,0.965183299522191,ok
43_WDBC,UCF_2,4,0.00023443996906280518,0.9632368292659521,0.9634832832962275,0.9907407407407408,0.7555555555555555,ok
27_PageBlocks,UCG,5,0.0003141295164823532,6.605440167710185,6.605788545683026,0.6361685516072184,0.2707280786033453,ok
31_satimage-2,KernelCF_lin_2,5,29.233129171654582,3.0580782424658537,32.29122970253229,0.9992248062015504,0.9727891156462587,ok
28_pendigits,DyCF_5,4,418.69748761691153,46.544981725513935,465.2424997892231,0.39753639417693165,0.038199221461817506,ok
43_WDBC,UCF_3,4,0.00026393868029117584,1.5382793340831995,1.5385575648397207,0.9845679012345678,0.6666666666666667,ok
4_breastw,DyCF_2,5,2.555430755019188,0.9424070026725531,3.4978545382618904,0.9800543024227234,0.9420125025827599,ok
8_celeba,UCF_5,1,0.00034865736961364746,1986.023743506521,1986.0241211708635,0.6499313565527538,0.033526664674890405,ok
43_WDBC,UCF_4,4,0.00025712884962558746,1.3715674486011267,1.3718366045504808,0.9783950617283951,0.4666666666666667,ok
9_census,UCF_3,1,0.000219687819480896,3658.4909483641386,3658.4911890737712,0.6411878687939143,0.0780292506844957,ok
31_satimage-2,KernelCF_lin_3,5,36.07822803966701,1.7111938558518887,37.789442244917154,0.997093023255814,0.9431452777815008,ok
4_breastw,DyCF_3,5,9.607728412374854,2.6609408911317587,12.268693074584007,0.9809941520467835,0.952503470492035,ok
43_WDBC,UCF_5,4,0.0002503804862499237,0.8736794460564852,0.8739465940743685,0.9660493827160495,0.38690476190476186,ok
34_smtp,UCF_2,3,0.00034158118069171906,323.327469650656,323.3278368059546,0.8988950405307543,0.46121971927793265,ok
4_breastw,DyCF_4,5,7.409284334629774,3.1408776491880417,10.550181955099106,0.5717418546365914,0.6489148879541546,ok
31_satimage-2,KernelCF_lin_4,5,30.870792105793953,2.460465721786022,33.33128039725125,0.39493355481727577,0.11562525254586827,ok
43_WDBC,UCF_6,4,0.00026575662195682526,1.1054045129567385,1.1056848410516977,0.9660493827160495,0.38690476190476186,ok
43_WDBC,UCF_7,4,0.0003238171339035034,1.021974090486765,1.0223146509379148,0.9660493827160495,0.38690476190476186,ok
31_satimage-2,KernelCF_lin_5,5,29.171556942164898,2.786859381943941,31.95843679085374,0.3033222591362126,0.033578752701358884,ok
4_breastw,DyCF_5,5,55.91863847337663,4.840283388271928,60.75894411094487,0.5421888053467001,0.6247833666136586,ok
31_satimage-2,UCF_2,5,0.0002731475979089737,2.6734186075627804,2.673707976937294,0.9990863787375416,0.8949475018386908,ok
43_WDBC,UCF_8,4,0.00024670735001564026,1.5620625130832195,1.5623261239379644,0.9722222222222223,0.3873015873015873,ok
31_satimage-2,UCF_3,5,0.00027587637305259705,2.8178095128387213,2.818099895492196,0.9980343300110742,0.7707041234338343,ok
4_breastw,DyCG,5,38.749002451077104,10.654455637559295,49.40349481999874,0.6183166248955723,0.4179831101573185,ok
43_WDBC,UCG,4,0.0002965889871120453,1.7424886506050825,1.7428207490593195,0.7376543209876543,0.08539173245055598,ok
10_cover,DyCG,1,390.3691940754652,112.00830406136811,502.3775470480323,0.36559607739163247,0.007497998387606031,ok
31_satimage-2,UCF_4,5,0.00023916922509670258,5.217996828258038,5.218249766156077,0.9952104097452935,0.5707505667092769,ok
43_WDBC,KNN,5,1.418686866760254,1.1986078172922134,2.6173250172287226,0.9753086419753086,0.41111111111111115,ok
4_breastw,KernelCF_rbf,5,9.098174581304193,3.704975077882409,12.803169848397374,0.9971804511278195,0.9949458828291398,ok
30_satellite,DyCF_4,5,,,,,,ram_kill
1_ALOI,KernelCF_lin_3,1,,,,,,ram_kill
32_shuttle,KernelCF_rbf,1,,,,,,ram_kill
31_satimage-2,UCF_5,5,0.00040114857256412506,4.656639263033867,4.657051302492619,0.9906146179401993,0.41172194536501105,ok
10_cover,KernelCF_rbf,1,,,,,,ram_kill
4_breastw,KernelCF_lin_2,5,7.01692558452487,1.2831660620868206,8.300104895606637,0.9899749373433583,0.9675830041706697,ok
30_satellite,DyCF_5,5,,,,,,error
43_WDBC,CBLOF,5,12.290485177189112,0.0007146168500185013,12.291212314739823,0.9722222222222223,0.3873015873015873,ok
30_satellite,DyCG,5,,,,,,error
31_satimage-2,UCF_6,5,0.0002374071627855301,5.132151298224926,5.132403085008264,0.9365171650055371,0.2645346704149172,ok
4_breastw,KernelCF_lin_3,5,3.317480532452464,1.1990738399326801,4.516577832400799,0.9886173767752715,0.9577639567161474,ok
43_WDBC,GMM,5,0.7890332788228989,0.0002999287098646164,0.7893438674509525,0.9074074074074074,0.17169312169312168,ok
28_pendigits,DyCG,4,426.73223823308945,63.041457414627075,489.7737488001585,0.5178643115214773,0.023915292739520633,ok
32_shuttle,KernelCF_lin_2,1,,,,,,ram_kill
43_WDBC,KDE,5,0.021128974854946136,0.003864457830786705,0.025008011609315872,0.9197530864197531,0.1797619047619048,ok
4_breastw,KernelCF_lin_4,5,4.899150088429451,1.107125325128436,6.006290175020695,0.9846491228070176,0.9420081444707608,ok
31_satimage-2,UCF_7,5,0.000282827764749527,4.227420911192894,4.227716960012913,0.9828626799557032,0.3126786523692409,ok
10_cover,KernelCF_lin_2,1,,,,,,ram_kill
34_smtp,UCF_3,3,0.0003081951290369034,342.37324325181544,342.3735715597868,0.8905513895702417,0.49991215423488555,ok
43_WDBC,HBOS,5,4.856019603088498,0.0004446003586053848,4.856505014002323,0.9814814814814815,0.6333333333333333,ok
30_satellite,KernelCF_rbf,5,25.79396678507328,4.006396779790521,29.80038028024137,0.6233249020483063,0.6427859064204787,ok
31_satimage-2,UCF_8,5,0.00022288784384727478,4.504009259864688,4.5042438097298145,0.9777685492801771,0.2550409686783698,ok
4_breastw,KernelCF_lin_5,5,8.89024144411087,1.3562156986445189,10.246472233906388,0.9797410192147035,0.9250834403340302,ok
43_WDBC,ECOD,5,0.9303573071956635,0.0025375932455062866,0.9329043962061405,0.9567901234567902,0.31313131313131315,ok
28_pendigits,KernelCF_rbf,4,43.23793605901301,3.487981829792261,46.72594673931599,0.9679900272560163,0.3425061521737919,ok
10_cover,KernelCF_lin_3,1,,,,,,ram_kill
31_satimage-2,UCG,5,0.00025534816086292267,6.983235564082861,6.983525022864342,0.17004429678848285,0.010080553324163221,ok
43_WDBC,OCSVM,5,0.0063689518719911575,0.001326022669672966,0.007707282900810242,0.9753086419753086,0.41111111111111115,ok
4_breastw,UCF_2,5,0.00027658790349960327,3.5617552511394024,3.5620457511395216,0.9901837928153717,0.9768165851307173,ok
30_satellite,KernelCF_lin_2,5,39.19029422104359,2.2647868171334267,41.4551037363708,0.367223379457422,0.3689940678743918,ok
28_pendigits,KernelCF_lin_2,4,35.066772155463696,4.07070467621088,39.13749359175563,0.9636375161106299,0.2970514929904143,ok
43_WDBC,LODA,5,0.01398339681327343,0.0015381798148155212,0.015572745352983475,0.9938271604938271,0.8055555555555556,ok
25_musk,KNN,1,6.893694505095482,2.086929365992546,8.980677928775549,0.8181712514529252,0.28858720689564293,ok
10_cover,KernelCF_lin_4,1,,,,,,ram_kill
4_breastw,UCF_3,5,0.0006366092711687088,2.340108247473836,2.340761225670576,0.9887218045112782,0.9716171858900728,ok
43_WDBC,IForest,5,0.3669989127665758,0.008875375613570213,0.3758857883512974,0.9722222222222223,0.3873015873015873,ok
30_satellite,KernelCF_lin_3,5,36.80767358094454,2.79443952254951,39.602131800726056,0.359196300153747,0.3456183245604821,ok
25_musk,CBLOF,1,7.721995966508985,0.08516537211835384,7.807176908478141,1.0,0.9999999999999998,ok
4_breastw,UCF_4,5,0.00024409033358097076,3.6322622168809175,3.6325183250010014,0.9872598162071846,0.9702007202864606,ok
1_ALOI,KernelCF_lin_4,1,,,,,,ram_kill
28_pendigits,KernelCF_lin_3,4,46.21793790347874,1.9580146633088589,48.1759879887104,0.9466817384690148,0.2180980321690974,ok
43_WDBC,PCA,5,0.004210485145449638,0.00036638043820858,0.00459815189242363,0.9753086419753086,0.41111111111111115,ok
10_cover,KernelCF_lin_5,1,,,,,,ram_kill
4_breastw,UCF_5,5,0.00023911893367767334,3.868421360850334,3.8686743211001158,0.9863199665831245,0.9687557601323824,ok
25_musk,GMM,1,8.06249862536788,0.3089243397116661,8.371441043913364,0.9954281286323131,0.9072581049875543,ok
30_satellite,KernelCF_lin_4,5,27.84905551560223,2.252002852037549,30.101082395762205,0.37182710906115163,0.3550268601265928,ok
4_breastw,UCF_6,5,0.00020064041018486023,2.510528275743127,2.5107394326478243,0.9856934001670843,0.967160690247636,ok
43_WDBC,DyCF_2,5,13.935369577258825,7.821172874420881,21.756555629894137,0.6759259259259258,0.2599009900990099,ok
28_pendigits,KernelCF_lin_4,4,43.12070133164525,0.9751703049987555,44.09593338891864,0.9260918253079506,0.16297731638332436,ok
25_musk,KDE,1,12.560899503529072,1.265499658882618,13.826438248157501,0.18961642774118562,0.03936872824503307,ok
4_breastw,UCF_7,5,0.00022183917462825775,4.341668896377087,4.341903813183308,0.985484544695071,0.9664656333801431,ok
30_satellite,KernelCF_lin_5,5,33.14610005170107,2.5043014362454414,35.65041997656226,0.3930404701681297,0.3746497801322126,ok
25_musk,HBOS,1,29.76996472850442,0.19091162644326687,29.960934715345502,1.0,0.9999999999999999,ok
4_breastw,UCF_8,5,0.000318087637424469,2.545201040804386,2.545534085482359,0.9843358395989975,0.9631843662231587,ok
28_pendigits,KernelCF_lin_5,4,26.5833799559623,1.6864828206598759,28.269885225221515,0.9068224555769191,0.13003007909871414,ok
30_satellite,UCF_2,5,0.00024227052927017212,4.994324691593647,4.994581738486886,0.7317884243416158,0.6496832388764028,ok
43_WDBC,DyCF_3,5,66.14554852247238,10.585130976513028,76.73070115968585,0.06172839506172837,0.018995740498034076,ok
25_musk,ECOD,1,1.6515645198523998,0.2949925884604454,1.946572607383132,0.9645486245641225,0.5829916451995415,ok
4_breastw,UCG,5,0.00030914880335330963,2.995671534910798,2.9960253220051527,0.8660192147034252,0.844931317258857,ok
34_smtp,UCF_4,3,0.0002712775021791458,419.8997246045619,419.90001485310495,0.8852368382118189,0.5312272752522325,ok
30_satellite,UCF_3,5,0.0002551507204771042,2.800916353240609,2.8011864088475704,0.7434818727371918,0.6383795278007001,ok
28_pendigits,UCF_2,4,0.0002797674387693405,3.6080182772129774,3.6083141043782234,0.9449597498362526,0.17953101601868526,ok
19_landsat,KNN,1,7.485637668520212,6.764376647770405,14.250046556815505,0.5825146962769432,0.24913328361464782,ok
25_musk,OCSVM,1,7.121136076748371,1.3811677265912294,8.502320192754269,1.0,0.9999999999999998,ok
30_satellite,UCF_4,5,0.0003764145076274872,5.554858721792698,5.5552537478506565,0.7503260923473689,0.6118820813438597,ok
28_pendigits,UCF_3,4,0.0002751275897026062,6.684271639212966,6.6845659874379635,0.938515497897695,0.15332887125540046,ok
25_musk,LODA,1,0.08012239262461662,0.031682735309004784,0.11183805763721466,0.9946919798527702,0.8930102812435735,ok
30_satellite,UCF_5,5,0.0002795867621898651,5.456541959196329,5.456842947751284,0.7526223776223776,0.6027060316523835,ok
28_pendigits,UCF_4,4,0.00025064125657081604,4.7857423815876245,4.786007592454553,0.8974307507025292,0.10587534513732855,ok
19_landsat,CBLOF,1,19.333057455718517,0.14041481167078018,19.473486799746752,0.6409258654474199,0.29827399645765457,ok
25_musk,IForest,1,1.3232882656157017,0.21043497137725353,1.5337379910051823,1.0,1.0,ok
30_satellite,UCF_6,5,0.0002773478627204895,4.691543851047754,4.691839614883065,0.7488828547339186,0.5980606473500929,ok
28_pendigits,UCF_5,4,0.0002568475902080536,3.3677339907735586,3.3680071886628866,0.8527329966827949,0.07952845750146799,ok
25_musk,PCA,1,6.555743107572198,0.013549711555242538,6.569315399974585,1.0,0.9999999999999998,ok
19_landsat,GMM,1,12.395292731001973,0.06826845183968544,12.463587656617165,0.454833442194644,0.18745345917557932,ok
30_satellite,UCF_7,5,0.00034676678478717804,5.416369805112481,5.416742471978068,0.752673213311511,0.6092225420523489,ok
28_pendigits,UCF_6,4,0.00029751844704151154,5.400325376540422,5.400644030421972,0.8244944959749838,0.06988382916587343,ok
19_landsat,KDE,1,7.622721495106816,1.5848899986594915,9.207634033635259,0.6234944480731548,0.2602041209308391,ok
30_satellite,UCF_8,5,0.0002071782946586609,6.808822063729167,6.8090407736599445,0.7308151068789367,0.5873408077158885,ok
28_pendigits,UCF_7,4,0.0002339296042919159,6.273480324074626,6.273727301508188,0.8076232331128906,0.06576921109633416,ok
16_http,KDE,1,,,,,,timeout
30_satellite,UCG,5,0.0002669990062713623,5.842428719624877,5.842742517590523,0.7836755443138422,0.5898025508657252,ok
19_landsat,HBOS,1,19.63823689520359,0.0026420745998620987,19.640906259417534,0.560991182233834,0.22554210508578873,ok
28_pendigits,UCF_8,4,0.00021729059517383575,6.520951937884092,6.521181005984545,0.8002070612098291,0.06428588260102656,ok
16_http,HBOS,1,12.343896554782987,0.0367400087416172,12.380756942555308,0.9925510632560528,0.336894453743676,ok
45_wine,KNN,1,0.0020655356347560883,0.0005966853350400925,0.0026867128908634186,0.6111111111111112,0.119625042999656,ok
19_landsat,ECOD,1,4.308329816907644,0.6925934106111526,5.0009323712438345,0.37633409536250817,0.1649024770046253,ok
28_pendigits,UCG,4,0.0003120005130767822,7.298760235309601,7.299107143655419,0.12816666314521752,0.023385305408966956,ok
45_wine,CBLOF,1,7.310333041474223,0.0007365457713603973,7.311082547530532,0.2962962962962963,0.07081459270364818,ok
16_http,ECOD,1,9.740652913227677,2.9636642821133137,12.704330194741488,0.9785353791054144,0.14432803991573478,ok
34_smtp,UCF_5,3,0.00026132725179195404,446.5408385489136,446.54111369512975,0.8849720840049524,0.6967867332457914,ok
19_landsat,OCSVM,1,9.80135671980679,1.838531956076622,11.639901284128428,0.4250212279555846,0.17604006270204942,ok
28_pendigits,KNN,5,7.181168792769313,3.6637885831296444,10.844983171671629,0.7520547655771302,0.1606964645748228,ok
45_wine,GMM,1,0.7725743446499109,0.0003317389637231827,0.7729239985346794,0.787037037037037,0.21329365079365079,ok
19_landsat,LODA,1,0.2918918840587139,0.3455346114933491,0.6374536361545324,0.3985777269758328,0.17686579475987152,ok
45_wine,KDE,1,0.0017708800733089447,0.0005920957773923874,0.0023840460926294327,0.6203703703703703,0.12380952380952381,ok
28_pendigits,CBLOF,5,12.649691812694073,0.11644865944981575,12.766154998913407,0.9315535929345644,0.21619685081335954,ok
19_landsat,IForest,1,0.545328862965107,0.0457672867923975,0.5911130178719759,0.48678804702808626,0.20216462215824105,ok
45_wine,HBOS,1,21.26554297655821,0.00022822804749011993,21.265795728191733,0.9537037037037037,0.5555555555555556,ok
28_pendigits,GMM,5,4.454469101503491,0.2624460216611624,4.716936774551868,0.7935937797122272,0.08457306569203454,ok
19_landsat,PCA,1,0.19936218112707138,0.002093527466058731,0.2014721091836691,0.3727792292619203,0.1651680636124836,ok
45_wine,ECOD,1,1.7932552173733711,0.001393670216202736,1.7946638353168964,0.8981481481481481,0.3472222222222222,ok
28_pendigits,KDE,5,5.636672532185912,6.789172422140837,12.425873022526503,0.89583553423905,0.19415139627440886,ok
25_musk,DyCF_2,1,368.9996446724981,114.07885688729584,483.0785236787051,0.5413405656722201,0.07672249164721545,ok
45_wine,OCSVM,1,0.001704217866063118,0.00032688863575458527,0.0020422395318746567,0.8333333333333334,0.25,ok
28_pendigits,HBOS,5,8.476376712322235,0.1915798094123602,8.667978808283806,0.9125272031946586,0.23021318882004435,ok
45_wine,LODA,1,0.018406014889478683,0.0010258741676807404,0.019455337896943092,0.9444444444444444,0.5,ok
19_landsat,DyCF_2,1,30.8157712277025,23.102775186300278,53.91856300085783,0.47172599608099286,0.19489445396129645,ok
25_musk,DyCF_3,1,,,,,,error
28_pendigits,ECOD,5,0.4254774823784828,0.03964701108634472,0.46513195149600506,0.9294724164888335,0.2606213816260773,ok
33_skin,KDE,1,,,,,,timeout
25_musk,DyCF_4,1,,,,,,error
45_wine,IForest,1,0.1905468124896288,0.02998734638094902,0.2205431293696165,0.9166666666666666,0.38333333333333336,ok
28_pendigits,OCSVM,5,1.9119263403117657,0.4890136104077101,2.4009575098752975,0.9471465697563861,0.25709536885090783,ok
45_wine,PCA,1,0.00219152495265007,0.00021607056260108948,0.0024210866540670395,0.9259259259259258,0.44285714285714284,ok
25_musk,DyCF_5,1,,,,,,error
28_pendigits,LODA,5,0.0881559643894434,0.04715958051383495,0.13534951768815517,0.9106678780451731,0.19421540175563654,ok
33_skin,HBOS,1,19.778271226212382,0.04274814575910568,19.82106195949018,0.5918443913559643,0.2326965009213731,ok
45_wine,DyCF_2,1,3.4974684212356806,1.4791836589574814,4.976667191833258,0.4537037037037037,0.09647147147147148,ok
25_musk,DyCG,1,,,,,,error
33_skin,ECOD,1,0.8583563081920147,0.38109004124999046,1.239464232698083,0.48975247721116916,0.18248841594527304,ok
28_pendigits,IForest,5,0.4483531042933464,0.1039393525570631,0.5523022562265396,0.9514040017748104,0.2855430607780236,ok
45_wine,DyCF_3,1,10.242657313123345,3.3822604957967997,13.62493839301169,0.6759259259259259,0.1616931216931217,ok
19_landsat,DyCF_3,1,99.35542945191264,32.97810534015298,132.3335528317839,0.49910352710646644,0.20339793722663718,ok
28_pendigits,PCA,5,0.005185088142752647,0.0007924363017082214,0.005995605140924454,0.9375752709755119,0.22109029546294234,ok
25_musk,KernelCF_rbf,1,22.0478219371289,4.210943594574928,26.258784860372543,1.0,0.9999999999999998,ok
34_smtp,UCF_6,3,0.00022621452808380127,445.08757809735835,445.0878179334104,0.8766323264886583,0.4681352737750162,ok
28_pendigits,DyCF_2,5,13.99195334687829,12.074049897491932,26.066017784178257,0.8139195841872848,0.1517266249621726,ok
45_wine,DyCF_4,1,35.530379025265574,2.5694680362939835,38.099863693118095,0.5277777777777778,0.10555555555555556,ok
25_musk,KernelCF_lin_2,1,30.449528282508254,1.3038157392293215,31.75336187146604,0.9346764819837272,0.26064919865639946,ok
28_pendigits,DyCF_3,5,14.918454084545374,12.544040897861123,27.462509682402015,0.7908681780726404,0.15979997449048422,ok
25_musk,KernelCF_lin_3,1,28.93367325887084,1.4874635934829712,30.421153845265508,0.8008136381247578,0.07667970398221921,ok
45_wine,DyCF_5,1,64.86834719590843,3.242842899635434,68.11120276711881,0.6296296296296297,0.30409356725146197,ok
25_musk,KernelCF_lin_4,1,29.389685163274407,2.075409648939967,31.465120444074273,0.6956605966679581,0.047463636874513854,ok
28_pendigits,DyCF_4,5,59.19444151595235,16.119536876678467,75.31400113552809,0.7032580447505757,0.10204628873273752,ok
25_musk,KernelCF_lin_5,1,31.85216019488871,0.980335146188736,32.8325425516814,0.6218519953506393,0.03872219783148145,ok
19_landsat,DyCF_4,1,,,,,,ram_kill
43_WDBC,DyCF_4,5,,,,,,ram_kill
45_wine,DyCG,1,69.97410966455936,36.229593224823475,106.20374555699527,0.5277777777777778,0.08108108108108109,ok
19_landsat,DyCF_5,1,,,,,,error
25_musk,UCF_2,1,0.0003119762986898422,1.9035054557025433,1.9038340356200933,1.0,0.9999999999999998,ok
8_celeba,UCF_6,1,0.00037916749715805054,2183.7874690350145,2183.7878848146647,0.6354262500064163,0.032058636408140814,ok
1_ALOI,KernelCF_lin_5,1,,,,,,ram_kill
45_wine,KernelCF_rbf,1,0.8946542628109455,0.45680257491767406,1.3514714278280735,0.9074074074074073,0.36507936507936506,ok
19_landsat,DyCG,1,,,,,,error
25_musk,UCF_3,1,0.0001927390694618225,2.828622108325362,2.8288251478224993,0.998643936458737,0.948471218118929,ok
43_WDBC,DyCF_5,5,,,,,,ram_kill
45_wine,KernelCF_lin_2,1,1.5641604363918304,1.027402762323618,2.5915811471641064,0.8055555555555556,0.21313131313131314,ok
25_musk,UCF_4,1,0.0002496466040611267,2.9619177989661694,2.9621859304606915,0.9872917473847346,0.6311229298074815,ok
45_wine,KernelCF_lin_3,1,0.8958016652613878,0.747818635776639,1.6436463724821806,0.7592592592592593,0.17965367965367968,ok
19_landsat,KernelCF_rbf,1,39.457067750394344,6.44919865578413,45.90628609620035,0.39514696276943173,0.1732635091589667,ok
32_shuttle,KernelCF_lin_3,1,,,,,,ram_kill
43_WDBC,DyCG,5,,,,,,ram_kill
45_wine,KernelCF_lin_4,1,0.4889284670352936,0.4295856449753046,0.9185348488390446,0.6388888888888888,0.12763157894736843,ok
25_musk,UCF_5,1,0.0003644488751888275,5.668769793584943,5.669145669788122,0.91154591243704,0.20290528682200548,ok
1_ALOI,UCF_2,1,0.00024343840777873993,85.15361844934523,85.15388086438179,0.5512035557913963,0.043808687302664163,ok
43_WDBC,KernelCF_rbf,5,4.391964120790362,1.1635258086025715,5.555507430806756,0.9753086419753086,0.41111111111111115,ok
25_musk,UCF_6,1,0.000209929421544075,4.746002279222012,4.746223360300064,0.7768306857807051,0.08967507239059809,ok
45_wine,KernelCF_lin_5,1,0.8520863000303507,0.34793991409242153,1.200055981054902,0.5,0.09560439560439561,ok
19_landsat,KernelCF_lin_2,1,39.4252729639411,1.6124660354107618,41.03775929659605,0.44247060744611366,0.25327750390885206,ok
43_WDBC,KernelCF_lin_2,5,4.745926512405276,0.6760200038552284,5.421968815848231,0.9567901234567902,0.2869047619047619,ok
25_musk,UCF_7,1,0.0002228766679763794,5.103256776928902,5.103494808077812,0.6184424641611779,0.041192417860696454,ok
45_wine,UCF_2,1,0.00024393759667873383,1.6063500791788101,1.6066041868180037,0.7592592592592592,0.17919580419580422,ok
43_WDBC,KernelCF_lin_3,5,4.488919518887997,0.23314879275858402,4.7220892533659935,0.9382716049382717,0.22053872053872053,ok
34_smtp,UCF_7,3,0.00019863806664943695,455.2598379254341,455.26005225628614,0.8850616332219808,0.6467865290092003,ok
19_landsat,KernelCF_lin_3,1,34.69011479243636,1.1425061244517565,35.83264048397541,0.4520493141737426,0.24966197308542476,ok
25_musk,UCF_8,1,0.0002294778823852539,3.301628926768899,3.3018712159246206,0.5591631150716776,0.04526151710605481,ok
45_wine,UCF_3,1,0.00021105818450450897,1.3856366239488125,1.3858602941036224,0.5555555555555555,0.10705741626794259,ok
1_ALOI,UCF_3,1,0.0003049485385417938,98.50088048912585,98.50120320916176,0.5510973045976059,0.04557491736293759,ok
43_WDBC,KernelCF_lin_4,5,4.638039944693446,1.1367212254554033,5.7747806161642075,0.8888888888888888,0.1392857142857143,ok
25_musk,UCG,1,0.00022646784782409668,5.2753782868385315,5.275636615231633,0.10953118946144903,0.018173920434401594,ok
45_wine,UCF_4,1,0.00021363794803619385,1.2429980300366879,1.243223326280713,0.5092592592592592,0.1007936507936508,ok
19_landsat,KernelCF_lin_4,1,25.274719804525375,1.3969198763370514,26.6716571431607,0.45291476159372956,0.2382446272050126,ok
43_WDBC,KernelCF_lin_5,5,3.40768650919199,0.8379190340638161,4.245619252324104,0.8364197530864197,0.09714285714285714,ok
45_wine,UCF_5,1,0.00022488832473754883,1.0916114449501038,1.0918477419763803,0.4722222222222222,0.09247757073844029,ok
25_musk,KNN,2,5.521327126771212,3.17535681091249,8.696709567680955,0.806005424254165,0.26639005409290917,ok
43_WDBC,UCF_2,5,0.00031990930438041687,1.476681251078844,1.4770143292844296,0.962962962962963,0.33134920634920634,ok
19_landsat,KernelCF_lin_5,1,25.6253692638129,1.6239345651119947,27.249319517984986,0.44856629653821034,0.2303102970951329,ok
45_wine,UCF_6,1,0.00023763813078403473,1.351198110729456,1.3514497596770525,0.40740740740740733,0.08624438832772166,ok
28_pendigits,DyCF_5,5,349.82079463638365,35.866247694939375,385.6870710607618,0.559308246529612,0.09651565108007375,ok
25_musk,CBLOF,2,5.35576774738729,0.02919883467257023,5.384983474388719,1.0,0.9999999999999998,ok
43_WDBC,UCF_3,5,0.0002955477684736252,1.444620754569769,1.4449300933629274,0.9567901234567902,0.28968253968253965,ok
19_landsat,UCF_2,1,0.0005171261727809906,3.480935400351882,3.4814749378710985,0.4952988242978445,0.18761866753432013,ok
45_wine,UCF_7,1,0.00025571882724761963,0.8180162589997053,0.8182839602231979,0.4722222222222222,0.09120772946859904,ok
1_ALOI,UCF_4,1,0.000256560742855072,83.06780010461807,83.06807545013726,0.5597131709102656,0.04781774293019392,ok
43_WDBC,UCF_4,5,0.00022332929074764252,0.7213329486548901,0.7215666156262159,0.9444444444444445,0.2388888888888889,ok
45_wine,UCF_8,1,0.00029712170362472534,0.6387705076485872,0.6390809156000614,0.4351851851851851,0.08801328502415459,ok
25_musk,GMM,2,9.586693806573749,0.2269616276025772,9.8136667907238,0.995040681906238,0.8731426111187472,ok
19_landsat,UCF_3,1,0.00025401636958122253,4.008539481088519,4.008806891739368,0.5275734813847159,0.20574999251103235,ok
25_musk,KDE,2,5.893912984058261,1.1076566819101572,7.001608556136489,0.18190623789228982,0.06352672689089293,ok
45_wine,UCG,1,0.0002227872610092163,2.238967165350914,2.2392198387533426,0.39814814814814814,0.08372183372183373,ok
43_WDBC,UCF_5,5,0.00033407658338546753,1.8915970027446747,1.891951771453023,0.9320987654320988,0.20664983164983164,ok
19_landsat,UCF_4,1,0.00021810829639434814,6.371175305917859,6.371407143771648,0.565249836708034,0.22683913503843667,ok
13_fraud,UCF_4,1,0.00044403597712516785,3729.3882755562663,3729.388768715784,0.9363651270709128,0.32132495343696,ok
45_wine,KNN,2,0.0022152159363031387,0.0006697159260511398,0.0029096100479364395,0.7037037037037037,0.15252525252525254,ok
43_WDBC,UCF_6,5,0.00024288706481456757,1.9771736562252045,1.9774280469864607,0.941358024691358,0.2297979797979798,ok
25_musk,HBOS,2,15.89579707942903,0.027771631255745888,15.923599833622575,1.0,0.9999999999999998,ok
19_landsat,UCF_5,1,0.00020315870642662048,7.057083427906036,7.057297380641103,0.5837001959503593,0.23851016828404553,ok
43_WDBC,UCF_7,5,0.0002823472023010254,0.985777223482728,0.9860733430832624,0.9290123456790124,0.19761904761904764,ok
45_wine,CBLOF,2,14.331527212634683,0.0007826164364814758,14.332318210974336,0.22222222222222224,0.0644078144078144,ok
25_musk,ECOD,2,0.7751753460615873,1.1717581450939178,1.9469531942158937,0.9550949244478883,0.4713206447530459,ok
19_landsat,UCF_6,1,0.00020362064242362976,4.5816123597323895,4.581828583031893,0.5973416067929458,0.24432126189721068,ok
1_ALOI,UCF_5,1,0.0002691708505153656,122.48500932194293,122.48530062101781,0.552365716609027,0.048361994714906834,ok
43_WDBC,UCF_8,5,0.0002599582076072693,1.4915701877325773,1.4918437991291285,0.904320987654321,0.15555555555555556,ok
45_wine,GMM,2,0.9716244451701641,0.0002794582396745682,0.9719179701060057,0.75,0.17777777777777778,ok
25_musk,OCSVM,2,0.926897631958127,0.24641810730099678,1.1733312886208296,1.0,0.9999999999999998,ok
19_landsat,UCF_7,1,0.00021207891404628754,6.327875977382064,6.328100917860866,0.6033866753755716,0.24864742010776714,ok
43_WDBC,UCG,5,0.00029976852238178253,2.8556043189018965,2.855935126543045,0.697530864197531,0.055163398692810464,ok
25_musk,LODA,2,0.09844396263360977,0.007450982928276062,0.10592571645975113,0.9981015110422317,0.9398746544537665,ok
45_wine,KDE,2,0.0017828363925218582,0.0005636867135763168,0.002369822934269905,0.6481481481481481,0.1304093567251462,ok
14_glass,KNN,1,0.0029562916606664658,0.0008849762380123138,0.0038745570927858353,0.8709677419354839,0.231203007518797,ok
19_landsat,UCF_8,1,0.0004913453012704849,5.665677106007934,5.666187342256308,0.5767178314826911,0.23763947660710716,ok
25_musk,IForest,2,0.3685785047709942,0.06343902833759785,0.43203993141651154,1.0,0.9999999999999999,ok
45_wine,HBOS,2,9.987247476354241,0.00028621964156627655,9.987557953223586,1.0,1.0,ok
14_glass,CBLOF,1,3.555051948875189,0.0007223151624202728,3.5557831544429064,0.6935483870967741,0.14017094017094017,ok
19_landsat,UCG,1,0.00020645000040531158,5.751513360068202,5.751746403053403,0.6986038536903985,0.3111900287165604,ok
25_musk,PCA,2,6.031216127797961,0.023858170956373215,6.055096700787544,1.0,0.9999999999999998,ok
45_wine,ECOD,2,0.39865619875490665,0.001338411122560501,0.4000011309981346,0.8796296296296297,0.30357142857142855,ok
11_donors,KNN,1,2160.164024019614,734.4194820765406,2894.5835527386516,0.6287218541529641,0.11222903026024884,ok
14_glass,GMM,1,0.9062915667891502,0.0002692174166440964,0.9065710827708244,0.7849462365591398,0.14404761904761904,ok
1_ALOI,UCF_6,1,0.0002209693193435669,104.1364286672324,104.13666418381035,0.5544285558988759,0.05228907772903649,ok
34_smtp,UCF_8,3,0.00020338967442512512,429.9771471917629,429.9773641601205,0.7717779802368772,0.4647051820800195,ok
14_glass,KDE,1,0.0026147235184907913,0.0009551346302032471,0.003584647551178932,0.8387096774193548,0.2329059829059829,ok
45_wine,OCSVM,2,0.0015486199408769608,0.00029197894036769867,0.001853378489613533,0.8240740740740741,0.23095238095238096,ok
19_landsat,KNN,2,8.483360912650824,4.007834663614631,12.491223176941276,0.5934650555192684,0.2700495658387051,ok
11_donors,CBLOF,1,16.31365125067532,0.4207190554589033,16.73439383506775,0.6095015785449251,0.08298523292736357,ok
14_glass,HBOS,1,4.939300734549761,0.0004469882696866989,4.939787901937962,0.7956989247311829,0.14267676767676768,ok
45_wine,LODA,2,0.10480499640107155,0.0010704323649406433,0.10589826852083206,0.8888888888888888,0.3686868686868687,ok
11_donors,GMM,1,6.279117796570063,0.5173978097736835,6.796572234481573,0.7993882733687413,0.13868063782071893,ok
28_pendigits,DyCG,5,315.56656491942704,71.75519572012126,387.3217949923128,0.45333727735637774,0.020252932566956136,ok
19_landsat,CBLOF,2,18.50834153033793,0.21244864352047443,18.720805384218693,0.6387508164598302,0.30186049316880575,ok
45_wine,IForest,2,0.23200566321611404,0.007378876209259033,0.23939405009150505,0.8333333333333334,0.24206349206349206,ok
14_glass,ECOD,1,1.4059339594095945,0.0012795329093933105,1.4072192516177893,0.7365591397849462,0.1788982259570495,ok
19_landsat,GMM,2,9.222366200760007,0.2651610244065523,9.487538604065776,0.4690300457217505,0.19644848029599696,ok
45_wine,PCA,2,0.003140721470117569,0.0002061314880847931,0.003357378765940666,0.8888888888888888,0.3206349206349206,ok
14_glass,OCSVM,1,0.002717321738600731,0.0004789549857378006,0.00321781262755394,0.7150537634408602,0.15064102564102563,ok
1_ALOI,UCF_7,1,0.0002164505422115326,121.92896000854671,121.92919087596238,0.5545688934583045,0.048774203493970304,ok
28_pendigits,KernelCF_rbf,5,53.467096112668514,4.454107787460089,57.921220514923334,0.973568002704473,0.35267766649456783,ok
45_wine,DyCF_2,2,3.582463800907135,2.347170429304242,5.92964930832386,0.6203703703703703,0.27008547008547007,ok
19_landsat,KDE,2,21.923139678314328,7.04643670655787,28.969605695456266,0.6351355323318092,0.27703610649003735,ok
14_glass,LODA,1,0.049785202369093895,0.0011720824986696243,0.050980012863874435,0.7634408602150538,0.12314814814814815,ok
19_landsat,HBOS,2,4.556270891800523,0.024655019864439964,4.580956211313605,0.5587442847811889,0.2232852056992318,ok
14_glass,IForest,1,0.15232274308800697,0.0076026227325201035,0.15993591770529747,0.7795698924731183,0.16203703703703703,ok
45_wine,DyCF_3,2,13.152926256880164,2.5389699172228575,15.691909771412611,0.5277777777777777,0.17735382441264794,ok
28_pendigits,KernelCF_lin_2,5,24.608207007870078,1.0852615013718605,25.693489151075482,0.9646728221597752,0.33671392055217814,ok
19_landsat,ECOD,2,3.777995977550745,0.058503203094005585,3.8365201111882925,0.36259960809928155,0.16059180524011846,ok
14_glass,PCA,1,0.0019141994416713715,0.00022407807409763336,0.0021484773606061935,0.7150537634408602,0.15064102564102563,ok
19_landsat,OCSVM,2,3.207824496552348,0.3377222176641226,3.545564580708742,0.42690725016329195,0.17849048645702878,ok
28_pendigits,KernelCF_lin_3,5,25.05027491785586,1.0280504301190376,26.07833981886506,0.9420862473325022,0.25453106822821614,ok
14_glass,DyCF_2,1,1.29074446298182,0.2615642882883549,1.552320858463645,0.8333333333333333,0.21623931623931625,ok
45_wine,DyCF_4,2,19.39811187237501,3.2065548915416002,22.60467896424234,0.6018518518518519,0.11713776419658772,ok
19_landsat,LODA,2,0.13409378938376904,0.00980416126549244,0.14394933730363846,0.34958360548661005,0.1552702962688584,ok
14_glass,DyCF_3,1,1.6604406759142876,0.6452457793056965,2.305702419951558,0.8172043010752688,0.18846153846153846,ok
1_ALOI,UCF_8,1,0.00024623796343803406,146.373593846336,146.37385655380785,0.5465868492958863,0.051335341568756084,ok
34_smtp,UCG,3,0.00021307915449142456,294.3603797312826,294.360622741282,0.5719625294928399,0.33557613535515896,ok
19_landsat,IForest,2,0.3608634043484926,0.029538990929722786,0.3904225565493107,0.48185173089483996,0.1960646975607096,ok
28_pendigits,KernelCF_lin_4,5,23.900184916332364,2.282555064186454,26.182754958048463,0.9158021509011388,0.18110200616195546,ok
14_glass,DyCF_4,1,8.453103767707944,1.7419900484383106,10.195111151784658,0.8279569892473119,0.17681159420289855,ok
34_smtp,KNN,4,0.4903412517160177,0.13260228745639324,0.6229676119983196,0.8558218671401094,0.1466826544790853,ok
19_landsat,PCA,2,0.24030575715005398,0.0016885604709386826,0.2420123852789402,0.3564337034617897,0.16035970822240747,ok
14_glass,DyCF_5,1,10.949141377583146,1.8965893909335136,12.845749041065574,0.8817204301075269,0.2692982456140351,ok
45_wine,DyCF_5,2,66.33005580678582,2.560345871374011,68.89041916280985,0.24074074074074073,0.06522832006702975,ok
34_smtp,CBLOF,4,13.328895635902882,0.09740658849477768,13.426328018307686,0.8186861961828673,0.23576691684996176,ok
28_pendigits,KernelCF_lin_5,5,36.948416186496615,1.5163482408970594,38.46478210762143,0.8935958925817151,0.14356427425462961,ok
25_musk,DyCF_2,2,285.8866411112249,126.43961024843156,412.3262654617429,0.5038357225881441,0.15123606379822258,ok
14_glass,DyCG,1,11.304688598960638,4.7092796713113785,16.014001479372382,0.5806451612903225,0.05454545454545454,ok
34_smtp,GMM,4,2.0247734151780605,0.0023009367287158966,2.0271005015820265,0.698394343604239,0.14698219875481708,ok
28_pendigits,UCF_2,5,0.00022342801094055176,3.7908317800611258,3.791066989302635,0.9552811172853853,0.23527568294616139,ok
1_ALOI,UCG,1,0.000218098983168602,77.731540504843,77.7317882720381,0.4996434750404891,0.031199106226882968,ok
25_musk,DyCF_3,2,,,,,,error
14_glass,KernelCF_rbf,1,1.4137932509183884,0.6947531551122665,2.1085616666823626,0.7956989247311828,0.19576719576719576,ok
19_landsat,DyCF_2,2,27.080495348200202,23.551107093691826,50.631616370752454,0.4853200522534291,0.2039520342449852,ok
14_glass,KernelCF_lin_2,1,0.9901514444500208,0.4802621677517891,1.4704348519444466,0.7849462365591398,0.2429193899782135,ok
25_musk,DyCF_4,2,,,,,,error
28_pendigits,UCF_3,5,0.00020336918532848358,4.82536113075912,4.825576048344374,0.9440406516089501,0.219511015426177,ok
1_ALOI,KNN,2,4.410450903698802,28.389713779091835,32.80020729266107,0.67211142617968,0.05984440354741328,ok
45_wine,DyCG,2,43.59532900899649,24.054019328206778,67.64937404356897,0.5,0.07692307692307693,ok
14_glass,KernelCF_lin_3,1,1.011610297486186,0.4022987689822912,1.4139264170080423,0.7903225806451613,0.24434389140271492,ok
25_musk,DyCF_5,2,,,,,,error
28_pendigits,UCF_4,5,0.00021165795624256134,5.461563007906079,5.461783945560455,0.9043926556656595,0.18410882486941405,ok
45_wine,KernelCF_rbf,2,0.8987059704959393,0.825384084135294,1.724106254056096,0.8703703703703705,0.2869047619047619,ok
25_musk,DyCG,2,,,,,,error
14_glass,KernelCF_lin_4,1,1.1545560713857412,0.6732002850621939,1.8277709148824215,0.7903225806451613,0.24434389140271492,ok
1_ALOI,CBLOF,2,8.481197638437152,0.10969110578298569,8.590909022837877,0.5388268271366777,0.03510739690115126,ok
28_pendigits,UCF_5,5,0.0002301577478647232,4.794566608965397,4.794811226427555,0.8656320649073507,0.17284792871161675,ok
45_wine,KernelCF_lin_2,2,0.9530013520270586,0.5959252528846264,1.5489399209618568,0.7222222222222223,0.1625272331154684,ok
14_glass,KernelCF_lin_5,1,1.4041141644120216,0.4726024158298969,1.8767323102802038,0.7849462365591398,0.2429193899782135,ok
1_ALOI,GMM,2,3.153624128550291,0.10503975488245487,3.2586987018585205,0.5377540278722063,0.03487749791582721,ok
25_musk,KernelCF_rbf,2,18.18359614163637,3.771968502551317,21.95558618195355,0.9997287872917474,0.993295019157088,ok
28_pendigits,UCF_6,5,0.0002263374626636505,4.815111346542835,4.8153507355600595,0.8421686492425363,0.17119528511601048,ok
14_glass,UCF_2,1,0.00020160898566246033,0.9992558788508177,0.999467097222805,0.8172043010752689,0.16570048309178745,ok
45_wine,KernelCF_lin_3,2,0.6853904388844967,0.28555809147655964,0.9709639102220535,0.5,0.09633190883190883,ok
45_wine,KernelCF_lin_4,2,0.7167763691395521,0.5816270671784878,1.2984220553189516,0.324074074074074,0.07323232323232323,ok
25_musk,KernelCF_lin_2,2,16.425599571317434,1.5901493560522795,18.015764417126775,0.9292134831460674,0.21089739252997483,ok
14_glass,UCF_3,1,0.00025698915123939514,1.3239529505372047,1.3242233488708735,0.8387096774193549,0.20088566827697263,ok
28_pendigits,UCF_7,5,0.00021323002874851227,4.708062294870615,4.708287440240383,0.8262904350398276,0.16822970605968884,ok
19_landsat,DyCF_3,2,76.28019583970308,30.10830334201455,106.38852147199214,0.5287067276290006,0.2219970583044611,ok
45_wine,KernelCF_lin_5,2,0.5209287814795971,0.641275767236948,1.1622226871550083,0.2314814814814815,0.06505171838505172,ok
14_glass,UCF_4,1,0.00019351951777935028,1.22095637768507,1.2211614437401295,0.8548387096774194,0.23792270531400966,ok
28_pendigits,UCF_8,5,0.00015288777649402618,4.200356163084507,4.2005191668868065,0.8168564727756766,0.1587361606646345,ok
25_musk,KernelCF_lin_3,2,14.581796748563647,1.1080653462558985,15.689880229532719,0.7903138318481209,0.07038706503335065,ok
10_cover,UCF_2,1,0.0003482680767774582,2727.294598016888,2727.2949729934335,0.7840342289811839,0.027093937302329833,ok
45_wine,UCF_2,2,0.00026114843785762787,0.8786057084798813,0.8788812775164843,0.8425925925925927,0.25,ok
28_pendigits,UCG,5,0.0002584382891654968,5.2665460128337145,5.266845341771841,0.23402142449660882,0.10616266107209073,ok
14_glass,UCF_5,1,0.00019409693777561188,1.1849962398409843,1.1851998269557953,0.8870967741935484,0.27222222222222225,ok
45_wine,UCF_3,2,0.00021522864699363708,0.91106310300529,0.9112948998808861,0.5833333333333334,0.12261904761904763,ok
14_glass,UCF_6,1,0.0001811981201171875,1.7094337325543165,1.7096244804561138,0.8870967741935484,0.27222222222222225,ok
25_musk,KernelCF_lin_4,2,19.085328998044133,0.5464806966483593,19.63183046504855,0.6924060441689268,0.04714394877254099,ok
17_InternetAds,KNN,1,4.242968754842877,2.369546353816986,6.612547438591719,0.6302462121212122,0.25412074386738126,ok
45_wine,UCF_4,2,0.00016055069863796234,0.9326137974858284,0.9327840693295002,0.5555555555555556,0.12432012432012432,ok
14_glass,UCF_7,1,0.00046539679169654846,1.2846541535109282,1.2851362116634846,0.8870967741935484,0.27222222222222225,ok
25_musk,KernelCF_lin_5,2,14.204633479937911,0.7509767077863216,14.955636944621801,0.6243703990701279,0.03927015429771522,ok
14_glass,UCF_8,1,0.0001929197460412979,1.6161090936511755,1.6163126807659864,0.8709677419354839,0.2642857142857143,ok
45_wine,UCF_5,2,0.00020965561270713806,1.2400142960250378,1.2402341328561306,0.5555555555555556,0.11341269841269841,ok
17_InternetAds,CBLOF,1,14.203064618632197,0.007437886670231819,14.210531855002046,0.6260227272727272,0.30280972240041815,ok
25_musk,UCF_2,2,0.00036628730595111847,3.03002049587667,3.030409097671509,1.0,0.9999999999999998,ok
14_glass,UCG,1,0.0002944786101579666,2.0647158827632666,2.0650417115539312,0.3978494623655914,0.13989898989898988,ok
45_wine,UCF_6,2,0.00019712932407855988,0.6926655657589436,0.6928736660629511,0.5648148148148148,0.10886901047084113,ok
14_glass,KNN,2,0.002161948010325432,0.0005744472146034241,0.002752332016825676,0.8709677419354838,0.2846153846153846,ok
25_musk,UCF_3,2,0.0002431776374578476,2.528930876404047,2.5291895139962435,0.9997287872917474,0.9916415290720071,ok
45_wine,UCF_7,2,0.00024152733385562897,1.0400885418057442,1.0403420273214579,0.6018518518518519,0.11730769230769231,ok
17_InternetAds,GMM,1,49.62234311364591,2.3000583816319704,51.922435427084565,0.7605113636363636,0.35944024410773895,ok
45_wine,UCF_8,2,0.00021935813128948212,0.7380636762827635,0.7382940147072077,0.5462962962962963,0.10497835497835498,ok
25_musk,UCF_4,2,0.00027812644839286804,3.862884135916829,3.8631742522120476,0.9916311507167764,0.8008579052141214,ok
14_glass,CBLOF,2,5.932976119220257,0.0007055457681417465,5.933690996840596,0.8817204301075269,0.2435897435897436,ok
45_wine,UCG,2,0.00023582763969898224,1.4923265408724546,1.4925863277167082,0.5555555555555556,0.10854700854700855,ok
14_glass,GMM,2,0.26461893506348133,0.000286029651761055,0.2649154532700777,0.7043010752688171,0.38857990359658884,ok
25_musk,UCF_5,2,0.00022722966969013214,4.507644223049283,4.5078831650316715,0.923479271600155,0.3561111623267768,ok
17_InternetAds,KDE,1,7.867687432095408,4.588641414418817,12.456361435353756,0.6177083333333333,0.26922321022879325,ok
14_glass,KDE,2,0.003077719360589981,0.0010985136032104492,0.0041916146874427795,0.7526881720430108,0.3984615384615385,ok
45_wine,KNN,3,0.0022413861006498337,0.0006592161953449249,0.002924621105194092,0.4444444444444445,0.08705488884517018,ok
25_musk,UCF_6,2,0.0002715177834033966,8.30619635246694,8.3064841683954,0.7871367686943045,0.20884841684311892,ok
14_glass,HBOS,2,2.969202732667327,0.00036064721643924713,2.9695965070277452,0.7768817204301075,0.4037037037037037,ok
17_InternetAds,HBOS,1,14.335432978346944,0.02498151734471321,14.360470116138458,0.7191856060606061,0.5426375084243504,ok
25_musk,UCF_7,2,0.00020923838019371033,3.5000425409525633,3.5002649184316397,0.6481596280511429,0.05855978821783695,ok
45_wine,CBLOF,3,14.865328935906291,0.00089283287525177,14.866234678775072,0.12037037037037038,0.056992376992377,ok
17_InternetAds,ECOD,1,1.2932130210101604,0.5067111440002918,1.799937468022108,0.6990719696969697,0.5522195170760706,ok
14_glass,ECOD,2,2.9091057293117046,0.0011739637702703476,2.9102876391261816,0.6505376344086021,0.38056238056238056,ok
25_musk,UCF_8,2,0.00026771053671836853,4.349958743900061,4.3502415008842945,0.595195660596668,0.10232433814907232,ok
45_wine,GMM,3,0.9606613796204329,0.0002780277281999588,0.9609509892761707,0.7314814814814814,0.1717171717171717,ok
14_glass,OCSVM,2,0.002390645444393158,0.0004543084651231766,0.0028576813638210297,0.4623655913978495,0.36502177068214803,ok
25_musk,UCG,2,0.000248858705163002,6.429608181118965,6.429893950000405,0.13936458736923674,0.05376916378273937,ok
17_InternetAds,OCSVM,1,4.731117999181151,0.8859030120074749,5.617039674893022,0.6268560606060606,0.29794539679146337,ok
45_wine,KDE,3,0.0017042476683855057,0.0005609877407550812,0.0022810250520706177,0.5277777777777778,0.10092592592592592,ok
14_glass,LODA,2,0.015134120360016823,0.0012024994939565659,0.01636219210922718,0.5752688172043011,0.1079124579124579,ok
45_wine,HBOS,3,6.607181003317237,0.00024541839957237244,6.60745345056057,0.9814814814814815,0.8055555555555556,ok
25_musk,KNN,3,7.531142236664891,3.568978015333414,11.100174253806472,0.7753971328942271,0.23325247049918263,ok
14_glass,IForest,2,0.3129811007529497,0.007962062954902649,0.3209674395620823,0.7580645161290323,0.23411371237458192,ok
17_InternetAds,LODA,1,19.327465888112783,19.820884373039007,39.14845635741949,0.5001515151515152,0.21143310545116195,ok
45_wine,ECOD,3,0.3049340397119522,0.0014435313642024994,0.3063838668167591,0.824074074074074,0.32440476190476186,ok
14_glass,PCA,2,0.002195015549659729,0.0002447590231895447,0.002459833398461342,0.6021505376344086,0.15429599640125957,ok
17_InternetAds,IForest,1,0.6821028608828783,0.009142596274614334,0.6912631839513779,0.7533806818181819,0.5662473783579024,ok
25_musk,CBLOF,3,12.418089428916574,0.04674091562628746,12.464844353497028,1.0,0.9999999999999998,ok
45_wine,OCSVM,3,0.0017216689884662628,0.00033046118915081024,0.0020618680864572525,0.8055555555555557,0.23333333333333334,ok
14_glass,DyCF_2,2,1.6892582327127457,0.12684977613389492,1.8161229267716408,0.7419354838709677,0.396011396011396,ok
14_glass,DyCF_3,2,2.97371462918818,2.5625356566160917,5.536285826936364,0.7634408602150538,0.4011111111111111,ok
25_musk,GMM,3,8.035944467410445,0.2597587015479803,8.295733558014035,0.9952344052692754,0.8775443204182052,ok
45_wine,LODA,3,0.08247283473610878,0.0011376533657312393,0.0836529079824686,0.9537037037037037,0.5333333333333333,ok
9_census,UCF_4,1,0.0003877077251672745,3883.286507302895,3883.286936821416,0.6422038028143072,0.07874187937500642,ok
45_wine,IForest,3,0.3344084043055773,0.04114013910293579,0.37556631304323673,0.9444444444444444,0.6333333333333333,ok
25_musk,KDE,3,2.042060002684593,0.9992821738123894,3.041374444961548,0.1815962805114297,0.03621004609718666,ok
14_glass,DyCF_4,2,6.963717119768262,1.0536150634288788,8.0173474624753,0.30107526881720426,0.047338137534215965,ok
45_wine,PCA,3,0.0017918366938829422,0.0002064090222120285,0.002006595954298973,0.8703703703703703,0.31313131313131315,ok
25_musk,HBOS,3,3.5175125524401665,0.007898131385445595,3.5254718121141195,1.0,0.9999999999999999,ok
14_glass,DyCF_5,2,5.542646676301956,1.6887351926416159,7.231396472081542,0.8494623655913979,0.4338235294117647,ok
25_musk,ECOD,3,3.405520647764206,0.7824618835002184,4.187996698543429,0.9437427353738861,0.4249264929270015,ok
45_wine,DyCF_2,3,2.40114364027977,1.4876263439655304,3.888785492628813,0.5,0.09956575682382135,ok
8_celeba,UCF_7,1,0.0003367755562067032,1800.6786209717393,1800.678991947323,0.621235555151273,0.03080435632220192,ok
25_musk,OCSVM,3,2.661426780745387,0.19041353836655617,2.8518533427268267,1.0,0.9999999999999998,ok
14_glass,DyCG,2,11.07371230609715,5.211162297055125,16.284911973401904,0.3870967741935484,0.048575498575498574,ok
45_wine,DyCF_3,3,10.549594895914197,2.7846383955329657,13.334247751161456,0.5277777777777778,0.13124999999999998,ok
14_glass,KernelCF_rbf,2,1.1633993405848742,0.5969790127128363,1.7603939734399319,0.7258064516129032,0.17246642246642246,ok
25_musk,LODA,3,0.0284107755869627,0.007543556392192841,0.03597801737487316,0.9968616815187912,0.9196950037340549,ok
25_musk,IForest,3,1.6617911495268345,0.06709321588277817,1.728895055130124,1.0,0.9999999999999998,ok
14_glass,KernelCF_lin_2,2,0.8631237205117941,0.49815401062369347,1.3612927254289389,0.7473118279569892,0.2317948717948718,ok
45_wine,DyCF_4,3,35.919732332229614,7.1563797779381275,43.0761292912066,0.3425925925925926,0.07504578754578754,ok
14_glass,KernelCF_lin_3,2,1.5594170838594437,1.0433595273643732,2.6027971133589745,0.7526881720430108,0.3984615384615385,ok
25_musk,PCA,3,9.651259513571858,0.11976140551269054,9.771047236397862,1.0,0.9999999999999998,ok
19_landsat,DyCF_4,2,,,,,,ram_kill
14_glass,KernelCF_lin_4,2,0.9147084839642048,1.162989379838109,2.077712742611766,0.7634408602150538,0.4011111111111111,ok
19_landsat,DyCF_5,2,,,,,,error
45_wine,DyCF_5,3,50.91450064443052,5.028328575193882,55.94285071082413,0.4814814814814814,0.10790937996820349,ok
14_glass,KernelCF_lin_5,2,1.0178682263940573,0.25259528681635857,1.2704775240272284,0.7634408602150538,0.4011111111111111,ok
19_landsat,DyCG,2,,,,,,error
14_glass,UCF_2,2,0.0004153251647949219,0.9144773073494434,0.9149193558841944,0.8010752688172043,0.2472089314194577,ok
14_glass,UCF_3,2,0.00020718015730381012,1.3384896963834763,1.3387075159698725,0.8387096774193549,0.43006993006993005,ok
19_landsat,KernelCF_rbf,2,45.278679605573416,3.401673289015889,48.68036933615804,0.3829670150228609,0.16983631906822624,ok
14_glass,UCF_4,2,0.00018750689923763275,0.9822461809962988,0.9824428930878639,0.8870967741935485,0.4606060606060606,ok
45_wine,DyCG,3,61.241047739982605,27.85840721987188,89.09947822801769,0.3518518518518518,0.06267806267806268,ok
14_glass,UCF_5,2,0.00021565891802310944,1.722736032679677,1.722961027175188,0.8817204301075268,0.4555555555555555,ok
1_ALOI,KDE,2,615.7586073633283,312.81962539069355,928.5782701447606,0.5414462568564263,0.04845582940236131,ok
19_landsat,KernelCF_lin_2,2,36.33863055892289,2.059747224673629,38.39839536882937,0.42425212279555846,0.24126180256518492,ok
45_wine,KernelCF_rbf,3,0.4804168250411749,0.702689815312624,1.1831181272864342,0.8796296296296297,0.31746031746031744,ok
14_glass,UCF_6,2,0.0002200976014137268,0.5472416877746582,0.5474725365638733,0.8817204301075268,0.4555555555555555,ok
1_ALOI,HBOS,2,9.858512433245778,0.01966479793190956,9.878216480836272,0.5128023475986309,0.031371784474359066,ok
14_glass,UCF_7,2,0.00026939064264297485,0.9112324248999357,0.9115178287029266,0.8709677419354839,0.4476190476190476,ok
45_wine,KernelCF_lin_2,3,0.37973115406930447,0.3667475041002035,0.7464936599135399,0.6111111111111112,0.15958605664488018,ok
45_wine,KernelCF_lin_3,3,0.988564420491457,0.8107072543352842,1.7992900162935257,0.4259259259259259,0.10877684407096172,ok
19_landsat,KernelCF_lin_3,2,39.61338930018246,2.367016237229109,41.98041984438896,0.42982364467668194,0.22602465950357023,ok
14_glass,UCF_8,2,0.0001972690224647522,0.9164556041359901,0.916661823168397,0.8548387096774194,0.4365079365079365,ok
17_InternetAds,PCA,1,510.47598438337445,1.0586115438491106,511.5346261151135,0.6262310606060607,0.3029080149490775,ok
1_ALOI,ECOD,2,0.9788486920297146,0.3857473395764828,1.364609733223915,0.513178986584712,0.03125161247185057,ok
45_wine,KernelCF_lin_4,3,0.8130724411457777,0.5779360961169004,1.3910238686949015,0.3611111111111111,0.09107142857142858,ok
17_InternetAds,DyCF_2,1,,,,,,error
14_glass,UCG,2,0.00017647817730903625,1.1407975871115923,1.140995154157281,0.7849462365591398,0.40674603174603174,ok
45_wine,KernelCF_lin_5,3,0.4829193726181984,0.2292199321091175,0.71215402148664,0.28703703703703703,0.08187134502923976,ok
17_InternetAds,DyCF_3,1,,,,,,error
45_wine,UCF_2,3,0.00018621981143951416,0.6821018643677235,0.6822974756360054,0.7314814814814815,0.16536796536796539,ok
19_landsat,KernelCF_lin_4,2,30.69778047502041,0.9476792030036449,31.645485831424594,0.4291835401698237,0.2170685943396843,ok
14_glass,KNN,3,0.0020081382244825363,0.0005615577101707458,0.0025858916342258453,0.8655913978494624,0.18803418803418806,ok
17_InternetAds,DyCF_4,1,,,,,,error
45_wine,UCF_3,3,0.00024412013590335846,0.8221712689846754,0.822425739839673,0.5185185185185186,0.09953703703703703,ok
14_glass,CBLOF,3,7.169312413781881,0.0006828457117080688,7.170015808194876,0.8655913978494623,0.19365079365079366,ok
19_landsat,KernelCF_lin_5,2,17.13676331564784,1.3334288373589516,18.47020711377263,0.42581645983017635,0.21104249523118349,ok
17_InternetAds,DyCF_5,1,,,,,,error
45_wine,UCF_4,3,0.0002084486186504364,1.2072255872189999,1.2074440959841013,0.4722222222222222,0.09120772946859904,ok
14_glass,GMM,3,0.7275306172668934,0.00026833638548851013,0.7278161942958832,0.7903225806451613,0.14915824915824916,ok
19_landsat,UCF_2,2,0.00020774826407432556,2.113521149381995,2.113739527761936,0.5235434356629654,0.20042075958831257,ok
45_wine,UCF_5,3,0.0002164989709854126,0.9354866035282612,0.9357135202735662,0.4537037037037037,0.08828037904124861,ok
17_InternetAds,DyCG,1,,,,,,error
25_musk,DyCF_2,3,270.18275641836226,103.71863950416446,373.9014096762985,0.5060829135993801,0.08415794705000716,ok
14_glass,KDE,3,0.0026396233588457108,0.000960351899266243,0.003612881526350975,0.8333333333333333,0.18358395989974938,ok
45_wine,UCF_6,3,0.0002632997930049896,0.609200106933713,0.6094770152121782,0.36111111111111105,0.07679738562091504,ok
19_landsat,UCF_3,2,0.00025049038231372833,3.7280562557280064,3.7283221632242203,0.5537638798171131,0.22558722568523637,ok
25_musk,DyCF_3,3,,,,,,error
14_glass,HBOS,3,4.547269809991121,0.00023850798606872559,4.547534979879856,0.8440860215053763,0.17678571428571427,ok
17_InternetAds,KernelCF_rbf,1,8.367351397871971,1.5866831131279469,9.954052232205868,0.7110606060606061,0.5466821026304132,ok
45_wine,UCF_7,3,0.00022526830434799194,0.9848066512495279,0.9850446600466967,0.21296296296296297,0.06345864661654135,ok
25_musk,DyCF_4,3,,,,,,error
19_landsat,UCF_4,2,0.00027067773044109344,4.099117841571569,4.09940280020237,0.5906368386675376,0.25113565905110924,ok
14_glass,ECOD,3,0.5172729231417179,0.0010669734328985214,0.518345644697547,0.7096774193548386,0.16901020126826577,ok
45_wine,UCF_8,3,0.00023280829191207886,0.7905414365231991,0.7907860241830349,0.32407407407407407,0.07279042991237827,ok
17_InternetAds,KernelCF_lin_2,1,11.35038303770125,1.0760087054222822,12.426424721255898,0.7105681818181817,0.5466268900024384,ok
25_musk,DyCF_5,3,,,,,,error
19_landsat,UCF_5,2,0.00041978806257247925,3.682007035240531,3.6824484039098024,0.6092145656433703,0.2641625923253689,ok
14_glass,OCSVM,3,0.0021074172109365463,0.000410277396440506,0.002525024116039276,0.46236559139784944,0.10056980056980057,ok
45_wine,UCG,3,0.00024195946753025055,2.3497960530221462,2.3500650506466627,0.38888888888888884,0.08012187088274045,ok
25_musk,DyCG,3,,,,,,error
17_InternetAds,KernelCF_lin_3,1,4.222325097769499,1.5060111489146948,5.728356404229999,0.7108333333333333,0.5465269351001794,ok
19_landsat,UCF_6,2,0.00020426884293556213,3.2238161507993937,3.2240309603512287,0.6031041802743305,0.2578302545404131,ok
14_glass,LODA,3,0.0334165133535862,0.0010689571499824524,0.034507185220718384,0.5913978494623656,0.07539682539682539,ok
45_wine,KNN,4,0.0027573425322771072,0.0005759652704000473,0.003351069986820221,0.5740740740740741,0.11189083820662768,ok
14_glass,IForest,3,0.11258953250944614,0.006769081577658653,0.11937027983367443,0.7903225806451613,0.14022578728461083,ok
17_InternetAds,KernelCF_lin_4,1,8.091419762000442,0.8039454743266106,8.895384294912219,0.7110416666666667,0.5466527590064548,ok
25_musk,KernelCF_rbf,3,14.699952382594347,3.3011994548141956,18.00116821564734,0.9992251065478497,0.9820838568569963,ok
19_landsat,UCF_7,2,0.00019223801791667938,4.40999305434525,4.410195948556066,0.619879163945134,0.26991156187532767,ok
14_glass,PCA,3,0.00186946801841259,0.0001977682113647461,0.0020755473524332047,0.6344086021505376,0.1322222222222222,ok
45_wine,CBLOF,4,3.1528276037424803,0.0008014943450689316,3.1536385007202625,0.9537037037037036,0.6984126984126984,ok
17_InternetAds,KernelCF_lin_5,1,9.790034418925643,1.178332582116127,10.96839483641088,0.7111742424242425,0.5468553107877098,ok
14_glass,DyCF_2,3,1.9954504761844873,0.505422355607152,2.500900898128748,0.8010752688172043,0.13611111111111113,ok
25_musk,KernelCF_lin_2,3,16.63185971044004,1.2615101765841246,17.893388755619526,0.9174351026733825,0.20132989546497815,ok
19_landsat,UCF_8,2,0.00018860772252082825,4.665531150996685,4.665728881955147,0.600338014369693,0.2656787643457934,ok
45_wine,GMM,4,0.8625053707510233,0.00025712884962558746,0.8627731464803219,0.5648148148148148,0.11543513957307061,ok
17_InternetAds,UCF_2,1,0.00022683851420879364,3.954329803586006,3.954568963497877,0.738219696969697,0.568288714086031,ok
1_ALOI,OCSVM,2,206.95683610253036,21.006630225107074,227.96349852904677,0.5286650980796785,0.03657844636968935,ok
19_landsat,UCG,2,0.00025824084877967834,5.823345422744751,5.823634300380945,0.710171456564337,0.33113295429181744,ok
14_glass,DyCF_3,3,1.099281257018447,1.4109901003539562,2.5102823488414288,0.8010752688172043,0.1392857142857143,ok
45_wine,KDE,4,0.0015710685402154922,0.0005112048238515854,0.002098187804222107,0.5092592592592593,0.09788359788359788,ok
17_InternetAds,UCF_3,1,0.0002314392477273941,3.3087478280067444,3.308991387486458,0.7310984848484849,0.47030874878408974,ok
25_musk,KernelCF_lin_3,3,14.688251646235585,1.2912428099662066,15.979509579017758,0.7828361100348703,0.07065057655028431,ok
1_ALOI,LODA,2,17.491902068257332,0.05114561505615711,17.543087581172585,0.48128973287958543,0.03344481782865766,ok
17_InternetAds,UCF_4,1,0.00025809742510318756,2.5331932585686445,2.5334709361195564,0.7155113636363636,0.4357772951181564,ok
19_landsat,KNN,3,9.913380946964025,2.9839052110910416,12.897312603890896,0.582421619856303,0.24706457735262036,ok
45_wine,HBOS,4,7.307938637211919,0.000201348215341568,7.308164333924651,0.824074074074074,0.3555555555555555,ok
14_glass,DyCF_4,3,4.647229475900531,1.6046583037823439,6.251900451257825,0.618279569892473,0.14946236559139786,ok
25_musk,KernelCF_lin_4,3,13.890552708879113,1.0656773280352354,14.956274496391416,0.6884153428903526,0.04661116014844665,ok
1_ALOI,IForest,2,0.5907733961939812,0.06477146036922932,0.6555840764194727,0.5279138161559547,0.03213556812582738,ok
17_InternetAds,UCF_5,1,0.00042330846190452576,3.243989558890462,3.2444578893482685,0.7127840909090909,0.4298520843466386,ok
45_wine,ECOD,4,0.357183288782835,0.0011552348732948303,0.35834398306906223,0.6759259259259258,0.22777777777777777,ok
19_landsat,CBLOF,3,5.982043020427227,0.08662147261202335,6.068675464019179,0.6040725016329197,0.24760960838706278,ok
14_glass,DyCF_5,3,10.974720422178507,2.1142063420265913,13.088942736387253,0.3655913978494623,0.09439696106362773,ok
45_wine,OCSVM,4,0.0016147904098033905,0.0002968069165945053,0.0019219368696212769,0.6111111111111112,0.14166666666666666,ok
1_ALOI,PCA,2,0.3130734134465456,0.009576760232448578,0.32267972454428673,0.5272663287510203,0.034444524071126005,ok
25_musk,KernelCF_lin_5,3,18.05554816685617,0.792828680947423,18.848396299406886,0.620108485083301,0.038571166316637095,ok
17_InternetAds,UCF_6,1,0.00027165748178958893,4.2244995683431625,4.224786676466465,0.7082386363636364,0.40515483060694785,ok
45_wine,LODA,4,0.017081717029213905,0.0009605046361684799,0.018070999532938004,0.7777777777777777,0.24707602339181287,ok
19_landsat,GMM,3,10.245193036273122,0.10639828816056252,10.35160644352436,0.4465463749183541,0.18177213277708118,ok
14_glass,DyCG,3,7.866958674043417,4.885844465345144,12.752833848819137,0.44623655913978494,0.043498168498168496,ok
25_musk,UCF_2,3,0.0002400074154138565,3.1312342658638954,3.131489036604762,1.0,0.9999999999999998,ok
45_wine,IForest,4,0.12041175179183483,0.006909245625138283,0.12733273953199387,0.7962962962962963,0.22916666666666663,ok
17_InternetAds,UCF_7,1,0.00022236816585063934,4.535074325278401,4.535311384126544,0.557064393939394,0.23754110372954368,ok
19_landsat,KDE,3,3.3772567566484213,1.2029878795146942,4.580279476940632,0.6152351404310907,0.2509808589831864,ok
14_glass,KernelCF_rbf,3,1.0572772528976202,0.8157949950546026,1.873087352141738,0.7903225806451614,0.16428571428571428,ok
45_wine,PCA,4,0.001957288011908531,0.00021258927881717682,0.002181297168135643,0.7592592592592593,0.2861111111111111,ok
17_InternetAds,UCF_8,1,0.0003219880163669586,3.4636968187987804,3.4640530459582806,0.6800568181818182,0.39811602792000744,ok
25_musk,UCF_3,3,0.00025260820984840393,1.8292275052517653,1.8294932823628187,0.9996900426191399,0.9904949348814176,ok
25_musk,UCF_4,3,0.00024017877876758575,3.2074864115566015,3.207741189748049,0.9918636187524215,0.730928622109192,ok
14_glass,KernelCF_lin_2,3,0.639533432200551,0.575480941683054,1.2150286044925451,0.8064516129032258,0.1961988304093567,ok
17_InternetAds,UCG,1,0.00025466084480285645,3.428366979584098,3.4286534059792757,0.546060606060606,0.38177989207435603,ok
19_landsat,HBOS,3,5.178973902016878,0.002496136352419853,5.181492866948247,0.5581939908556499,0.22137502878270965,ok
45_wine,DyCF_2,4,3.232557035982609,1.1049636490643024,4.337534602731466,0.36111111111111105,0.12985114300903774,ok
19_landsat,ECOD,3,0.5392902139574289,0.039082396775484085,0.5783831719309092,0.3625881776616591,0.161052847617001,ok
14_glass,KernelCF_lin_3,3,0.9181213527917862,0.49891966581344604,1.4170610699802637,0.8225806451612903,0.20295837633298933,ok
25_musk,UCF_5,3,0.0002554580569267273,4.820799231529236,4.821071052923799,0.9115846571096473,0.275967994577935,ok
17_InternetAds,KNN,2,5.7451035883277655,2.356360012665391,8.10149465315044,0.5776704545454545,0.24046598147759796,ok
45_wine,DyCF_3,4,11.906082788482308,1.6012465450912714,13.507349744439125,0.40740740740740744,0.09124949124949125,ok
14_glass,KernelCF_lin_4,3,0.35842241533100605,0.33216335996985435,0.6905995029956102,0.8172043010752688,0.20077972709551656,ok
25_musk,UCF_6,3,0.000324837863445282,3.8222491685301065,3.8225937262177467,0.7707477721813251,0.14249170142400192,ok
19_landsat,OCSVM,3,2.977819437161088,0.3170925732702017,3.2949274983257055,0.41203788373612016,0.16972203187167154,ok
19_landsat,LODA,3,0.0360656064003706,0.010269636288285255,0.046378592029213905,0.35415578053559765,0.1631001375238241,ok
14_glass,KernelCF_lin_5,3,1.096262101083994,0.5414141323417425,1.6376933921128511,0.8118279569892473,0.19814814814814813,ok
25_musk,UCF_7,3,0.00022678077220916748,3.6784673128277063,3.6787059400230646,0.6228206121658272,0.04452290973318973,ok
1_ALOI,DyCF_2,2,74.94637600332499,31.48612238653004,106.43251304887235,0.5501725200019407,0.0416982991604134,ok
17_InternetAds,CBLOF,2,15.979383954778314,0.011812765151262283,15.991219162940979,0.577121212121212,0.27701173966724,ok
19_landsat,IForest,3,0.49277436546981335,0.01592898741364479,0.5087173543870449,0.4730992815153495,0.1910529519974622,ok
14_glass,UCF_2,3,0.00021219812333583832,1.186584746465087,1.1868057753890753,0.8494623655913978,0.17498514557338088,ok
45_wine,DyCF_4,4,15.779604097828269,2.7186788488179445,18.498295227065682,0.6388888888888888,0.14022578728461083,ok
25_musk,UCF_8,3,0.00020412728190422058,4.837855970486999,4.838071519508958,0.5780317706315381,0.10046064326655833,ok
19_landsat,PCA,3,0.2765839770436287,0.0018604882061481476,0.2784953713417053,0.3590349444807316,0.1594664618773267,ok
14_glass,UCF_3,3,0.0002204887568950653,1.0537267960608006,1.053958224132657,0.8817204301075269,0.21060606060606063,ok
25_musk,UCG,3,0.00024085864424705505,6.951147940009832,6.951417878270149,0.1320418442464161,0.05239295713831511,ok
14_glass,UCF_4,3,0.00026546046137809753,1.301304653286934,1.301582021638751,0.8817204301075269,0.21060606060606063,ok
34_smtp,KDE,4,1231.7489475216717,398.5698373671621,1630.318799899891,0.8221980828680667,0.21512406253194885,ok
17_InternetAds,GMM,2,60.98952434398234,1.6310252510011196,62.62057100050151,0.7522537878787878,0.3374372609188824,ok
25_musk,KNN,4,6.227450979873538,3.2006880044937134,9.428168423473835,0.8161565284773343,0.31225649913351916,ok
19_landsat,DyCF_2,3,38.75770405866206,20.92000068165362,59.677722139284015,0.46255388634879163,0.18867194168428988,ok
34_smtp,HBOS,4,4.324208823964,0.0024281851947307587,4.326668566092849,0.73762858099532,0.002515339631237637,ok
14_glass,UCF_5,3,0.00022904016077518463,1.1853336486965418,1.1855720840394497,0.8655913978494624,0.18803418803418806,ok
45_wine,DyCF_5,4,64.1112557221204,3.106082061305642,67.217350397259,0.5185185185185185,0.10481481481481482,ok
34_smtp,ECOD,4,0.6425761915743351,0.06694279797375202,0.709530420601368,0.8186939830713046,0.42308695221229925,ok
25_musk,CBLOF,4,4.516869934275746,0.033882955089211464,4.550770899280906,1.0,0.9999999999999998,ok
17_InternetAds,KDE,2,12.79968917183578,4.658478524535894,17.458205284550786,0.5833617424242424,0.2594864768685431,ok
14_glass,UCF_6,3,0.00021677836775779724,1.5179916489869356,1.5182176567614079,0.8548387096774193,0.1746031746031746,ok
25_musk,GMM,4,9.951469330117106,0.49235142581164837,10.44383305311203,0.9962805114296783,0.8895121221948183,ok
17_InternetAds,HBOS,2,8.138698115944862,0.20455298013985157,8.343295123428106,0.6348579545454546,0.45170461950951546,ok
14_glass,UCF_7,3,0.00023496709764003754,0.7719474602490664,0.7721928209066391,0.8440860215053763,0.16984126984126985,ok
25_musk,KDE,4,6.510827863588929,2.5199616756290197,9.03082399815321,0.26268888027896165,0.04003613718527656,ok
17_InternetAds,ECOD,2,4.552899453788996,3.0223364159464836,7.575251517817378,0.615189393939394,0.43836096947381087,ok
14_glass,UCF_8,3,0.00021824799478054047,1.579977499321103,1.580205226317048,0.8548387096774194,0.17414529914529916,ok
45_wine,DyCG,4,62.08315973542631,28.106211541220546,90.18940146453679,0.5277777777777778,0.08108108108108109,ok
1_ALOI,DyCF_3,2,149.40914835222065,45.766218822449446,195.17539483495057,0.5409824059078121,0.04229050661007067,ok
25_musk,HBOS,4,3.2949146553874016,0.00578005425632,3.3007330391556025,0.9999612553273924,0.9988505747126437,ok
17_InternetAds,OCSVM,2,2.564750825986266,0.6905935555696487,3.2553759310394526,0.5752651515151515,0.2744525362902064,ok
14_glass,UCG,3,0.0002548191696405411,1.1631386503577232,1.163417486473918,0.3924731182795699,0.04843708957184134,ok
45_wine,KernelCF_rbf,4,1.09571847692132,0.6762247458100319,1.7719594445079565,0.7777777777777778,0.2642857142857143,ok
25_musk,ECOD,4,1.742264399304986,0.2875389792025089,2.0298139825463295,0.9569934134056568,0.5751293637901177,ok
19_landsat,DyCF_3,3,88.4845322035253,28.053835397586226,116.53838912956417,0.5061365120836054,0.20619740297422437,ok
14_glass,KNN,4,0.0028652511537075043,0.0005849841982126236,0.0034682881087064743,0.9139784946236559,0.2619047619047619,ok
45_wine,KernelCF_lin_2,4,0.34000050462782383,0.23657545074820518,0.5765998549759388,0.5648148148148148,0.13258636788048553,ok
25_musk,OCSVM,4,0.9679240342229605,0.11659025028347969,1.0845300648361444,1.0,0.9999999999999998,ok
17_InternetAds,LODA,2,14.529646972194314,16.96118595637381,31.490888545289636,0.5006628787878789,0.2351585100628888,ok
14_glass,CBLOF,4,2.485627770423889,0.0006615947932004929,2.4863007832318544,0.8978494623655914,0.2297979797979798,ok
45_wine,KernelCF_lin_3,4,0.6035913564264774,0.32326886616647243,0.9268757216632366,0.4351851851851851,0.10500610500610501,ok
25_musk,LODA,4,0.0278947651386261,0.007458943873643875,0.03537883795797825,0.9935296396745447,0.8565175015658613,ok
17_InternetAds,IForest,2,0.43291384913027287,0.033744657412171364,0.4666769616305828,0.6443181818181818,0.43661377137598634,ok
14_glass,GMM,4,0.7410141043365002,0.00028159841895103455,0.741312412545085,0.8064516129032258,0.1542857142857143,ok
45_wine,KernelCF_lin_4,4,0.6329735685139894,0.5449876524507999,1.1779799684882164,0.37962962962962965,0.09294871794871795,ok
25_musk,IForest,4,0.21247829124331474,0.013979043811559677,0.22646970488131046,1.0,0.9999999999999998,ok
14_glass,KDE,4,0.0037482790648937225,0.0013119243085384369,0.005089880898594856,0.8655913978494624,0.2192982456140351,ok
45_wine,KernelCF_lin_5,4,0.3817207235842943,0.3499702624976635,0.7317069862037897,0.32407407407407407,0.08814102564102565,ok
25_musk,PCA,4,7.6199089251458645,0.025518881157040596,7.64545076712966,0.9998062766369624,0.9940775789515768,ok
14_glass,HBOS,4,12.583402670919895,0.00020002759993076324,12.583625927567482,0.8494623655913979,0.17724867724867724,ok
45_wine,UCF_2,4,0.00021752901375293732,1.774222668260336,1.7744510043412447,0.7407407407407407,0.16865079365079363,ok
14_glass,ECOD,4,1.8761915378272533,0.0011467710137367249,1.8773472718894482,0.7419354838709676,0.1142857142857143,ok
45_wine,UCF_3,4,0.00026491470634937286,0.8847275990992785,0.8850067239254713,0.5833333333333334,0.11286549707602339,ok
14_glass,OCSVM,4,0.0020767375826835632,0.0004122592508792877,0.002498313784599304,0.6129032258064515,0.13835125448028673,ok
45_wine,UCF_4,4,0.00022966787219047546,0.811222268268466,0.811464786529541,0.5462962962962963,0.10453216374269006,ok
14_glass,LODA,4,0.019385548308491707,0.0012158621102571487,0.020632192492485046,0.7204301075268817,0.1191919191919192,ok
45_wine,UCF_5,4,0.00028898753225803375,1.2406261507421732,1.2409280594438314,0.49999999999999994,0.09734825569671304,ok
14_glass,IForest,4,0.19570321217179298,0.014553628861904144,0.21026737242937088,0.8172043010752688,0.15317460317460319,ok
45_wine,UCF_6,4,0.00020158663392066956,1.3099493961781263,1.3101612757891417,0.4444444444444444,0.08863705738705738,ok
14_glass,PCA,4,0.0017978176474571228,0.00021358951926231384,0.0020221471786499023,0.7258064516129032,0.13397435897435897,ok
45_wine,UCF_7,4,0.0002838168293237686,1.7063862923532724,1.7066812608391047,0.48148148148148145,0.09477124183006536,ok
14_glass,DyCF_2,4,0.9641463793814182,0.1857080888003111,1.149874359369278,0.8548387096774194,0.20952380952380953,ok
45_wine,UCF_8,4,0.00024412758648395538,1.020598927512765,1.0208552069962025,0.4722222222222222,0.091005291005291,ok
14_glass,DyCF_3,4,2.1182153057307005,0.71906459890306,2.837297135964036,0.8494623655913979,0.20735930735930735,ok
45_wine,UCG,4,0.0002279486507177353,1.6648614387959242,1.6651182603091002,0.37962962962962965,0.0813840155945419,ok
45_wine,KNN,5,0.0022076480090618134,0.0006764233112335205,0.0029087532311677933,0.6111111111111112,0.12008547008547009,ok
14_glass,DyCF_4,4,14.892917789518833,2.72687366604805,17.61980451270938,0.06451612903225803,0.03290594722307267,ok
13_fraud,UCF_5,1,0.00026118941605091095,2955.1790243275464,2955.1793078146875,0.9104638432910899,0.3005005206819981,ok
45_wine,CBLOF,5,8.562272418290377,0.0007415469735860825,8.56302540563047,0.39814814814814814,0.08189033189033189,ok
14_glass,DyCF_5,4,11.73512540385127,3.1838991474360228,14.91903768479824,0.04838709677419354,0.03245169513577405,ok
45_wine,GMM,5,1.2951058242470026,0.00027272850275039673,1.2953881118446589,0.5462962962962963,0.10469187675070028,ok
25_musk,DyCF_2,4,332.420398645103,126.97989219985902,459.40031359530985,0.48221619527314996,0.11778749041693828,ok
14_glass,DyCG,4,5.9265981912612915,5.866358112543821,11.792987452819943,0.6290322580645161,0.061224489795918366,ok
45_wine,KDE,5,0.0017628800123929977,0.0005729943513870239,0.002356426790356636,0.6574074074074073,0.13576007326007325,ok
25_musk,DyCF_3,4,,,,,,error
17_InternetAds,PCA,2,577.2462892588228,6.474006451666355,583.7203196380287,0.5738257575757576,0.2745959188179702,ok
14_glass,KernelCF_rbf,4,1.39455789886415,0.3875556141138077,1.7821274064481258,0.8118279569892474,0.15079365079365079,ok
25_musk,DyCF_4,4,,,,,,error
45_wine,HBOS,5,11.964138515293598,0.00019928999245166779,11.964361786842346,0.8611111111111112,0.29444444444444445,ok
17_InternetAds,DyCF_2,2,,,,,,error
14_glass,KernelCF_lin_2,4,1.4790589436888695,0.6795721091330051,2.1586485970765352,0.7903225806451613,0.12792207792207794,ok
25_musk,DyCF_5,4,,,,,,error
17_InternetAds,DyCF_3,2,,,,,,error
45_wine,ECOD,5,0.9555674400180578,0.0013117622584104538,0.956887623295188,0.6759259259259259,0.17443064182194618,ok
14_glass,KernelCF_lin_3,4,0.6439080741256475,0.46203919872641563,1.1059619020670652,0.8118279569892473,0.1414141414141414,ok
25_musk,DyCG,4,,,,,,error
45_wine,OCSVM,5,0.0016481075435876846,0.00031832046806812286,0.0019757580012083054,0.48148148148148145,0.09589442815249268,ok
17_InternetAds,DyCF_4,2,,,,,,error
14_glass,KernelCF_lin_4,4,0.39482799731194973,0.5932148788124323,0.9880608469247818,0.8279569892473118,0.15277777777777776,ok
17_InternetAds,DyCF_5,2,,,,,,error
14_glass,KernelCF_lin_5,4,0.8282516468316317,0.4003656134009361,1.22863082960248,0.8387096774193548,0.2123931623931624,ok
45_wine,LODA,5,0.011102080345153809,0.0010568443685770035,0.01219642348587513,0.5833333333333334,0.12284334023464458,ok
25_musk,KernelCF_rbf,4,22.174584040418267,2.141767058521509,24.31636779382825,0.9996512979465324,0.9918330308529943,ok
17_InternetAds,DyCG,2,,,,,,error
14_glass,UCF_2,4,0.00024197064340114594,1.7886098101735115,1.7888652887195349,0.8817204301075269,0.23739495798319327,ok
45_wine,IForest,5,0.30036270804703236,0.02101115696132183,0.32139657624065876,0.787037037037037,0.23333333333333334,ok
32_shuttle,KernelCF_lin_4,1,,,,,,ram_kill
8_celeba,UCF_8,1,0.00023477524518966675,1862.3278923276812,1862.3281471636146,0.6088344441123317,0.029855230659565198,ok
19_landsat,DyCF_4,3,,,,,,ram_kill
45_wine,PCA,5,0.0022246558219194412,0.0002151094377040863,0.0024505145847797394,0.6944444444444444,0.1707509881422925,ok
14_glass,UCF_3,4,0.00021978653967380524,1.1157606355845928,1.115991311147809,0.9139784946236559,0.26666666666666666,ok
25_musk,KernelCF_lin_2,4,16.666141351684928,0.6728528141975403,17.339014247059822,0.9034870205346766,0.1685063658456031,ok
17_InternetAds,KernelCF_rbf,2,12.83279712125659,2.758821427822113,15.59164241887629,0.6214204545454546,0.4410273702911758,ok
19_landsat,DyCF_5,3,,,,,,error
45_wine,DyCF_2,5,3.0640996657311916,2.691559849306941,5.755672255530953,0.5740740740740741,0.13055555555555556,ok
14_glass,UCF_4,4,0.00019726715981960297,1.1555678881704807,1.1557768750935793,0.9193548387096774,0.28535353535353536,ok
25_musk,KernelCF_lin_3,4,16.038073418661952,1.6695105619728565,17.70761026069522,0.7617590081363813,0.06205400144702036,ok
19_landsat,DyCG,3,,,,,,error
17_InternetAds,KernelCF_lin_2,2,13.847762547433376,1.4904136322438717,15.338194878771901,0.6210984848484848,0.440313563066326,ok
14_glass,UCF_5,4,0.00023251958191394806,1.5874619148671627,1.587705796584487,0.924731182795699,0.3277777777777778,ok
45_wine,DyCF_3,5,10.411831209436059,1.7981949113309383,12.210040651261806,0.7222222222222222,0.2637426900584795,ok
17_InternetAds,KernelCF_lin_3,2,11.753626147285104,1.8008805345743895,13.554529255256057,0.6212878787878788,0.4408271454897708,ok
14_glass,UCF_6,4,0.00024178065359592438,0.5795892719179392,0.579842071980238,0.9301075268817205,0.3611111111111111,ok
25_musk,KernelCF_lin_4,4,33.203902849927545,1.7308960426598787,34.9348159506917,0.6568384347152267,0.04243827672857798,ok
34_smtp,OCSVM,4,938.9437879230827,106.21135937981308,1045.1551717221737,0.7541757189244749,0.2162552694749668,ok
3_backdoor,KDE,2,,,,,,timeout
19_landsat,KernelCF_rbf,3,27.304295428097248,5.022192135453224,32.32650146447122,0.36827890267798824,0.16407242505855585,ok
14_glass,UCF_7,4,0.00023331493139266968,2.094078604131937,2.094324303790927,0.9193548387096775,0.3213675213675214,ok
45_wine,DyCF_4,5,26.701629986986518,5.6046121045947075,32.30625701881945,0.47222222222222215,0.09256356670149773,ok
17_InternetAds,KernelCF_lin_4,2,11.472080774605274,1.4951471127569675,12.967246728017926,0.6213825757575757,0.440974268613134,ok
14_glass,UCF_8,4,0.00023145787417888641,0.5531336478888988,0.5533771980553865,0.924731182795699,0.3547008547008547,ok
10_cover,UCF_3,1,0.0003887265920639038,2601.0950581822544,2601.095483209938,0.8543598077146489,0.04341755645706081,ok
34_smtp,LODA,4,2.485400676727295,0.2615023963153362,2.746970772743225,0.8194570981381551,0.37084734479260073,ok
25_musk,KernelCF_lin_5,4,20.418480606749654,2.441859306767583,22.860356964170933,0.5846571096474235,0.035554739659786644,ok
3_backdoor,HBOS,2,29.215960908681154,0.4257944021373987,29.641804279759526,0.7563764927879563,0.05330557626659946,ok
17_InternetAds,KernelCF_lin_5,2,12.887933224439621,1.5357956141233444,14.4237479288131,0.6215719696969697,0.4410889567159142,ok
19_landsat,KernelCF_lin_2,3,34.941520653665066,1.525260541588068,36.46679580397904,0.43582625734813846,0.24504972376431722,ok
34_smtp,IForest,4,3.0896462593227625,0.260384863242507,3.3500501718372107,0.8650921578246549,0.0035902494466320363,ok
14_glass,UCG,4,0.00020073913037776947,1.1784645952284336,1.1786894034594297,0.6559139784946236,0.31587301587301586,ok
25_musk,UCF_2,4,0.00020859763026237488,2.427125673741102,2.427348030731082,1.0,0.9999999999999998,ok
34_smtp,PCA,4,0.04834058880805969,0.003169979900121689,0.05153474770486355,0.6657361334984154,0.23431675057787468,ok
3_backdoor,ECOD,2,12.569381648674607,8.002491353079677,20.57188787125051,0.8605247639997744,0.09843471616645809,ok
17_InternetAds,UCF_2,2,0.0002514403313398361,2.597877299413085,2.5981440879404545,0.6430681818181818,0.4694216131284144,ok
45_wine,DyCF_5,5,72.14784064143896,2.935198759660125,75.08305570110679,0.6388888888888888,0.16175548589341693,ok
14_glass,KNN,5,0.0025186538696289062,0.0007095169275999069,0.003253018483519554,0.8548387096774193,0.17826617826617824,ok
19_landsat,KernelCF_lin_3,3,28.177061619237065,0.9251917358487844,29.1022727470845,0.4458948399738733,0.2451653393508315,ok
25_musk,UCF_3,4,0.00021753832697868347,3.9620015546679497,3.9622330609709024,0.9998062766369624,0.9940775789515768,ok
17_InternetAds,UCF_3,2,0.00043672509491443634,4.491006774827838,4.491459000855684,0.6300757575757576,0.38930095977524315,ok
14_glass,CBLOF,5,22.831289891153574,0.0008785147219896317,22.832179754972458,0.7956989247311829,0.14484126984126983,ok
25_musk,UCF_4,4,0.0002710912376642227,2.0205796398222446,2.0208697579801083,0.9924060441689269,0.8023529725592301,ok
34_smtp,DyCF_2,4,19.009760729968548,15.610784824937582,34.62057155370712,0.7691654791661799,0.1749469577213278,ok
14_glass,GMM,5,0.816849023103714,0.0003027152270078659,0.8171623907983303,0.6881720430107526,0.10064102564102564,ok
17_InternetAds,UCF_4,2,0.000300627201795578,2.1100747417658567,2.110394498333335,0.6245643939393939,0.3820788630485492,ok
19_landsat,KernelCF_lin_4,3,40.008744329214096,1.7510537914931774,41.75981719233096,0.44640267798824296,0.2380676611459622,ok
25_musk,UCF_5,4,0.00019952654838562012,3.3769438061863184,3.377155777066946,0.9141418055017434,0.310204587358926,ok
45_wine,DyCG,5,76.8637627363205,16.10952783562243,92.9733268097043,0.5416666666666667,0.08333333333333333,ok
17_InternetAds,UCF_5,2,0.00023449771106243134,3.6337113305926323,3.633959738537669,0.6385227272727272,0.3758264780608262,ok
14_glass,KDE,5,0.0029305722564458847,0.0010106638073921204,0.00396338663995266,0.7688172043010753,0.14216524216524218,ok
34_smtp,DyCF_3,4,26.260564064607024,12.954397331923246,39.21497901342809,0.8386362043591001,0.13322956277385845,ok
25_musk,UCF_6,4,0.0005642957985401154,3.863443771377206,3.8640478178858757,0.7831073227431229,0.16711886579835283,ok
45_wine,KernelCF_rbf,5,0.6604220438748598,0.777054300531745,1.437491612508893,0.7314814814814814,0.19761904761904764,ok
19_landsat,KernelCF_lin_5,3,37.68705300427973,3.05278293043375,40.739857491105795,0.44338014369693013,0.23041154563533076,ok
17_InternetAds,UCF_6,2,0.00024876929819583893,3.3814938589930534,3.3817587941884995,0.6094128787878788,0.32231813195655296,ok
14_glass,HBOS,5,18.055980565026402,0.00022532790899276733,18.056234281510115,0.7956989247311828,0.15175438596491228,ok
25_musk,UCF_7,4,0.0002126786857843399,4.780755311250687,4.780981732532382,0.6258426966292134,0.05147709357363857,ok
17_InternetAds,UCF_7,2,0.00022477470338344574,3.206060115247965,3.2062989827245474,0.609185606060606,0.3036879826852036,ok
45_wine,KernelCF_lin_2,5,0.4300154000520706,0.7252486273646355,1.1552849356085062,0.4629629629629629,0.12260802469135802,ok
19_landsat,UCF_2,3,0.00023481808602809906,4.187173852697015,4.187424844130874,0.4857887001959504,0.18279002354560608,ok
34_smtp,DyCF_4,4,32.406539745628834,11.834794307127595,44.24135813862085,0.8717149064405354,0.1304144704285798,ok
14_glass,ECOD,5,0.5235884934663773,0.01450754702091217,0.538102712482214,0.6290322580645161,0.1138957138957139,ok
25_musk,UCF_8,4,0.0003273673355579376,4.8823892790824175,4.882740756496787,0.568268113134444,0.09321368582931874,ok
17_InternetAds,UCF_8,2,0.00027487799525260925,3.87338400259614,3.873675199225545,0.6351515151515151,0.3512074883640033,ok
19_landsat,UCF_3,3,0.0003597959876060486,3.5847882013767958,3.5851719100028276,0.5170199216198563,0.19721524767802429,ok
45_wine,KernelCF_lin_3,5,1.082966586574912,0.8595095407217741,1.942493624985218,0.3055555555555556,0.09245335561125034,ok
14_glass,OCSVM,5,0.0035220980644226074,0.0004603583365678787,0.0039958469569683075,0.6021505376344085,0.10110420979986197,ok
25_musk,UCG,4,0.00023519061505794525,5.526690799742937,5.526954950764775,0.11666020922123209,0.01767450836436969,ok
45_wine,KernelCF_lin_4,5,0.3937847353518009,0.3412380013614893,0.7350407131016254,0.24074074074074073,0.07143682143682144,ok
19_landsat,UCF_4,3,0.00022050179541110992,4.390372836962342,4.390605935826898,0.551935009797518,0.21547677045740976,ok
17_InternetAds,UCG,2,0.00023852847516536713,4.855112079530954,4.855387607589364,0.5374242424242424,0.3066564366052892,ok
34_smtp,DyCF_5,4,34.01895025372505,10.621898490935564,44.64086897671223,0.8768425724764641,0.141847483706936,ok
14_glass,LODA,5,0.04479273967444897,0.0012014731764793396,0.046026283875107765,0.6774193548387097,0.12087912087912088,ok
45_wine,KernelCF_lin_5,5,0.8714906312525272,0.6315683126449585,1.5030779913067818,0.18518518518518517,0.06279272842740335,ok
25_musk,KNN,5,4.53499037027359,2.557049224153161,7.0920660849660635,0.7527314994188299,0.21283311275575906,ok
19_landsat,UCF_5,3,0.00020582973957061768,4.953877601772547,4.954096021130681,0.5728870019595036,0.2270634845612086,ok
17_InternetAds,KNN,3,4.0861985720694065,2.1808178052306175,6.267100701108575,0.6011363636363636,0.25717274561452913,ok
14_glass,IForest,5,0.15316497161984444,0.010549737140536308,0.16372833587229252,0.7473118279569892,0.11958874458874459,ok
45_wine,UCF_2,5,0.0002625584602355957,1.1575410105288029,1.1578162591904402,0.8518518518518519,0.28535353535353536,ok
25_musk,CBLOF,5,5.955345740541816,0.07579286582767963,6.031153684481978,1.0,0.9999999999999998,ok
14_glass,PCA,5,0.001847570762038231,0.00020998716354370117,0.0020717550069093704,0.6451612903225806,0.10568086883876357,ok
19_landsat,UCF_6,3,0.0005169082432985306,4.555331077426672,4.555873924866319,0.5882364467668191,0.23405353913529883,ok
34_smtp,DyCG,4,21.93000030890107,7.488032957538962,29.418067436665297,0.4784887206920986,0.000347156284348532,ok
45_wine,UCF_3,5,0.000225849449634552,1.484786469489336,1.4850243888795376,0.6944444444444444,0.17810457516339867,ok
17_InternetAds,CBLOF,3,19.9168261308223,0.04727538675069809,19.964123906567693,0.5803977272727272,0.28011723390564136,ok
19_landsat,UCF_7,3,0.0002733767032623291,5.309292042627931,5.3095825389027596,0.593291966035271,0.24164622207415765,ok
14_glass,DyCF_2,5,0.8336119651794434,0.26233778707683086,1.095963902771473,0.7688172043010753,0.11974380395433026,ok
25_musk,GMM,5,8.85453274473548,0.4513562675565481,9.305921209976077,0.9929872142580396,0.7450965520844355,ok
8_celeba,UCG,1,,,,,,ram_kill
45_wine,UCF_4,5,0.0007300041615962982,1.037111047655344,1.0378571916371584,0.6759259259259259,0.17323232323232324,ok
19_landsat,UCF_8,3,0.00029990822076797485,5.921624597162008,5.921936785802245,0.5752139124755062,0.2303698765848901,ok
14_glass,DyCF_3,5,2.252205604687333,2.1197539903223515,4.371973145753145,0.7688172043010753,0.11973098418111205,ok
25_musk,KDE,5,15.4114751778543,11.519036380574107,26.93053415045142,0.07330492057342117,0.01752889253756024,ok
45_wine,UCF_5,5,0.0002821683883666992,0.4759503938257694,0.47625526040792465,0.6851851851851851,0.15445665445665446,ok
19_landsat,UCG,3,0.0002531670033931732,8.482073850929737,8.482360197231174,0.69685173089484,0.30603599910903245,ok
17_InternetAds,GMM,3,56.80922253057361,1.980749923735857,58.78999652341008,0.7561363636363637,0.369635686617831,ok
14_glass,DyCF_4,5,9.758203271776438,2.3082601502537727,12.066475639119744,0.4032258064516129,0.0645909645909646,ok
25_musk,HBOS,5,18.13853931427002,0.10427825152873993,18.242854077368975,0.9999612553273924,0.9988505747126435,ok
45_wine,UCF_6,5,0.0002245679497718811,1.3292597532272339,1.329494446516037,0.5833333333333333,0.11492673992673992,ok
8_celeba,KNN,2,54.92352761514485,25.692745611071587,80.61631113477051,0.6352682482911879,0.03734853852846186,ok
14_glass,DyCF_5,5,8.548326937481761,1.8828281853348017,10.431169679388404,0.4086021505376344,0.3621212121212121,ok
19_landsat,KNN,4,10.309736344963312,5.539475632831454,15.849239526316524,0.5777547354670151,0.25016357318661264,ok
25_musk,ECOD,5,0.33308929204940796,0.19633854739367962,0.5294388793408871,0.9397132894227044,0.3998430580339939,ok
45_wine,UCF_7,5,0.0002582576125860214,0.6097928006201982,0.6100645288825035,0.4722222222222222,0.1050194931773879,ok
17_InternetAds,KDE,3,22.12878837250173,8.997985603287816,31.126799445599318,0.6177367424242424,0.273535997070619,ok
25_musk,OCSVM,5,1.5205713603645563,0.43898935429751873,1.959574867039919,1.0,0.9999999999999998,ok
45_wine,UCF_8,5,0.00023724883794784546,1.663370044901967,1.6636199839413166,0.36111111111111105,0.0811965811965812,ok
19_landsat,CBLOF,4,14.558008570224047,0.11146058887243271,14.669479988515377,0.5200669497060744,0.20175746683127463,ok
14_glass,DyCG,5,11.77696454897523,4.752170875668526,16.529162922874093,0.6048387096774194,0.057692307692307696,ok
8_celeba,CBLOF,2,23.86703393422067,0.40305171720683575,24.27010652795434,0.8000310179392223,0.1282182742563504,ok
25_musk,LODA,5,0.07348323613405228,0.008268037810921669,0.08178769052028656,1.0,0.9999999999999998,ok
17_InternetAds,HBOS,3,12.338301191106439,0.014419570565223694,12.352763121947646,0.6851231060606061,0.518990289273624,ok
14_glass,KernelCF_rbf,5,1.503994444385171,1.6503730844706297,3.154385859146714,0.7150537634408602,0.128021978021978,ok
45_wine,UCG,5,0.0002493280917406082,2.687328103929758,2.6876049507409334,0.6759259259259259,0.14915824915824916,ok
25_musk,IForest,5,0.30912999995052814,0.014259561896324158,0.32340434938669205,0.9984114684230918,0.9572857827560738,ok
40_vowels,KNN,1,0.015079177916049957,0.018786141648888588,0.033896951004862785,0.9649289099526066,0.6115113541429331,ok
19_landsat,GMM,4,6.778327528387308,0.07346736267209053,6.851816976442933,0.46849281515349445,0.19284602790019864,ok
17_InternetAds,ECOD,3,0.8743882086127996,2.096613911911845,2.9710165318101645,0.6559185606060606,0.4895301614029405,ok
8_celeba,GMM,2,15.783532425761223,0.35417134687304497,16.13774428330362,0.7944311804989878,0.07786430303708529,ok
14_glass,KernelCF_lin_2,5,1.2075304668396711,1.0264783818274736,2.2340263091027737,0.7150537634408602,0.11823361823361823,ok
25_musk,PCA,5,6.608829777687788,0.050765763968229294,6.659620502963662,1.0,0.9999999999999998,ok
19_landsat,KDE,4,5.988121882081032,1.7852103468030691,7.7733592707663774,0.6233589157413455,0.2604696292891568,ok
40_vowels,CBLOF,1,5.490907486528158,0.04283441603183746,5.53375724889338,0.8734597156398104,0.2104778080810091,ok
17_InternetAds,OCSVM,3,7.071929253637791,1.504004755988717,8.575960479676723,0.5773484848484848,0.2789054130741123,ok
14_glass,KernelCF_lin_3,5,0.9188965316861868,0.5569279417395592,1.475839814171195,0.7150537634408602,0.11823361823361823,ok
19_landsat,HBOS,4,9.406448828056455,0.0027152765542268753,9.409200754016638,0.5645493141737425,0.23044310545494476,ok
40_vowels,GMM,1,1.1077082175761461,0.0003211069852113724,1.1080459356307983,0.8761453396524486,0.5029702653702391,ok
14_glass,KernelCF_lin_4,5,0.5314010959118605,0.28728800639510155,0.8187078721821308,0.7204301075268817,0.11925925925925926,ok
19_landsat,ECOD,4,4.696602504700422,0.567374512553215,5.263985637575388,0.3702286087524494,0.16813116691586139,ok
17_InternetAds,LODA,3,18.072798389941454,23.8085355758667,41.88138263486326,0.4505965909090909,0.18970316907463108,ok
40_vowels,KDE,1,0.2040659710764885,0.0850967038422823,0.28919085673987865,0.9208530805687204,0.6616744933267424,ok
14_glass,KernelCF_lin_5,5,1.3798143044114113,0.6601947918534279,2.0400248039513826,0.6881720430107526,0.1126984126984127,ok
17_InternetAds,IForest,3,0.19743761233985424,0.011461880058050156,0.20891961082816124,0.6895738636363636,0.5281653120575993,ok
19_landsat,OCSVM,4,9.006948353722692,0.4623839110136032,9.469356123358011,0.4299069235793599,0.1781669253837445,ok
14_glass,UCF_2,5,0.0003064889460802078,0.9276124648749828,0.9279328342527151,0.7956989247311828,0.1375180375180375,ok
40_vowels,HBOS,1,32.18520800769329,0.0003957487642765045,32.18563576415181,0.6447077409162717,0.1476380679866485,ok
19_landsat,LODA,4,0.07361429370939732,0.011488368734717369,0.08516142331063747,0.3483964728935336,0.15962397651047955,ok
14_glass,UCF_3,5,0.0003297682851552963,1.3155962526798248,1.31595141813159,0.8118279569892473,0.14294871794871794,ok
40_vowels,ECOD,1,1.5837720800191164,0.004118055105209351,1.5878998637199402,0.5642969984202211,0.16246935200132734,ok
19_landsat,IForest,4,0.5025438275188208,0.040803324431180954,0.5433610733598471,0.48590953625081645,0.20060989810803465,ok
40_vowels,OCSVM,1,0.4227385837584734,0.1303492896258831,0.5530997030436993,0.735387045813586,0.3367121564985059,ok
14_glass,UCF_4,5,0.0002181772142648697,1.5038507394492626,1.5040795803070068,0.8494623655913979,0.1735042735042735,ok
19_landsat,PCA,4,0.3054230846464634,0.10386225953698158,0.40930385515093803,0.36926355323318094,0.16532793150719555,ok
40_vowels,LODA,1,0.028927896171808243,0.014082223176956177,0.04304191283881664,0.6341232227488152,0.31122758386827737,ok
14_glass,UCF_5,5,0.00027620792388916016,1.4906838554888964,1.4909765124320984,0.8440860215053764,0.17677224736048266,ok
40_vowels,IForest,1,0.40079483576118946,0.010818066075444221,0.41162802278995514,0.6944707740916273,0.3002006684543524,ok
14_glass,UCF_6,5,0.0004718359559774399,1.3537752516567707,1.354272896423936,0.8387096774193549,0.16566113624937157,ok
19_landsat,DyCF_2,4,27.864083893597126,21.12984960153699,48.993949081748724,0.4848497713912475,0.2013367537868191,ok
40_vowels,PCA,1,0.002460816875100136,0.0003135278820991516,0.0027911122888326645,0.5892575039494471,0.12561268290334787,ok
14_glass,UCF_7,5,0.00021023675799369812,0.936010243371129,0.9362323619425297,0.8333333333333334,0.1619981325863679,ok
25_musk,DyCF_2,5,283.30808360874653,127.11612163297832,410.42422438040376,0.48973266175900815,0.030344349089996916,ok
40_vowels,DyCF_2,1,10.285340083763003,5.763449048623443,16.048804683610797,0.8897314375987361,0.6085385338628913,ok
14_glass,UCF_8,5,0.0002139415591955185,1.5910365898162127,1.591261489316821,0.8172043010752689,0.1445887445887446,ok
1_ALOI,DyCF_4,2,1749.129751617089,464.86659498885274,2213.996377915144,0.5197252577512702,0.046297168669492864,ok
25_musk,DyCF_3,5,,,,,,error
14_glass,UCG,5,0.0002576801925897598,1.5334239900112152,1.5337054282426834,0.6344086021505376,0.07870165610103691,ok
40_vowels,DyCF_3,1,11.94088750705123,6.011140119284391,17.952040197327733,0.9093206951026855,0.6989603833541762,ok
1_ALOI,DyCF_5,2,,,,,,ram_kill
25_musk,DyCF_4,5,,,,,,error
38_thyroid,KNN,1,0.10342883691191673,0.16946532018482685,0.2729218490421772,0.9609860248447205,0.3866410088637905,ok
19_landsat,DyCF_3,4,109.90431605279446,29.751768792048097,139.65610918030143,0.48791149575440884,0.19957993645403074,ok
1_ALOI,DyCG,2,,,,,,ram_kill
25_musk,DyCF_5,5,,,,,,error
40_vowels,DyCF_4,1,31.594529200345278,5.566132919862866,37.16068651154637,0.5870458135860978,0.2617998732358298,ok
38_thyroid,CBLOF,1,7.384382354095578,0.06097075156867504,7.445363396778703,0.9487577639751552,0.4308722538745003,ok
25_musk,DyCG,5,,,,,,error
38_thyroid,GMM,1,2.3213879074901342,0.000332048162817955,2.321735803037882,0.9363354037267082,0.30049844425361383,ok
38_thyroid,KDE,1,2.869370926171541,0.9228223711252213,3.792213723063469,0.961633022774327,0.35349232920530166,ok
34_smtp,KernelCF_rbf,4,,,,,,ram_kill
19_landsat,DyCF_4,4,,,,,,ram_kill
40_vowels,DyCF_5,1,71.71699943207204,6.0894525200128555,77.80648892186582,0.3892575039494471,0.1150559715337766,ok
25_musk,KernelCF_rbf,5,30.761397758498788,3.468125095590949,34.229544684290886,0.9994188299108873,0.9844146213445433,ok
19_landsat,DyCF_5,4,,,,,,error
17_InternetAds,PCA,3,557.1349125094712,7.884617367759347,565.0195506568998,0.5778598484848485,0.27890004632126053,ok
25_musk,KernelCF_lin_2,5,20.46760475076735,1.647930447012186,22.11555308662355,0.9218132506780318,0.25261815377025676,ok
38_thyroid,HBOS,1,27.63113292865455,0.0003909096121788025,27.63155777566135,0.9547748447204969,0.5787014639010017,ok
19_landsat,DyCG,4,,,,,,error
38_thyroid,ECOD,1,1.661230593919754,0.005507184192538261,1.6667465083301067,0.980654761904762,0.5526663530612685,ok
17_InternetAds,DyCF_2,3,,,,,,error
40_vowels,DyCG,1,58.96961452625692,20.544965226203203,79.51464373245835,0.4793838862559242,0.03392605303950199,ok
25_musk,KernelCF_lin_3,5,26.906046269461513,1.0709525905549526,27.977014619857073,0.7965517241379311,0.07499904117588074,ok
38_thyroid,OCSVM,1,0.9781270660459995,0.1310103703290224,1.1091560404747725,0.9608566252587991,0.40214962845598407,ok
17_InternetAds,DyCF_3,3,,,,,,error
19_landsat,KernelCF_rbf,4,34.033802691847086,2.788654688745737,36.822480730712414,0.3831286740692358,0.17119325924636197,ok
38_thyroid,LODA,1,0.03529098257422447,0.004757549613714218,0.04009268432855606,0.9541278467908902,0.2956117352873989,ok
40_vowels,KernelCF_rbf,1,11.088388428092003,1.939771456643939,13.028183525428176,0.6156398104265403,0.16178807544451262,ok
25_musk,KernelCF_lin_4,5,15.398376006633043,2.000074775889516,17.398467304185033,0.6992638512204572,0.04825494755497003,ok
38_thyroid,IForest,1,0.46941450610756874,0.034408409148454666,0.5038324072957039,0.978325569358178,0.5561793265512027,ok
17_InternetAds,DyCF_4,3,,,,,,error
40_vowels,KernelCF_lin_2,1,9.461854372173548,0.5840962883085012,10.045974358916283,0.6357030015797788,0.24611803907839205,ok
25_musk,KernelCF_lin_5,5,12.727959904819727,0.9967189114540815,13.724694844335318,0.625803951956606,0.03921363811217882,ok
19_landsat,KernelCF_lin_2,4,27.98521384038031,1.4338748715817928,29.419105239212513,0.4231156107119529,0.2514527952455734,ok
17_InternetAds,DyCF_5,3,,,,,,error
38_thyroid,PCA,1,0.06999162398278713,0.0007240641862154007,0.0707430001348257,0.9617300724637682,0.43388407335476087,ok
40_vowels,KernelCF_lin_3,1,9.011850416660309,1.0710641499608755,10.082932004705071,0.6183254344391785,0.18475257733434325,ok
9_census,UCF_5,1,0.000263778492808342,3839.128158491105,3839.128447810188,0.6194091017387281,0.07716011396001012,ok
25_musk,UCF_2,5,0.0002373773604631424,5.221301628276706,5.221551816910505,1.0,0.9999999999999998,ok
17_InternetAds,DyCG,3,,,,,,error
19_landsat,KernelCF_lin_3,4,32.49871815368533,1.330415528267622,33.8291543032974,0.4308801436969301,0.23751427628483301,ok
38_thyroid,DyCF_2,1,2.6570588424801826,1.6163089871406555,4.273386472836137,0.9434200310559006,0.32446487100306826,ok
40_vowels,KernelCF_lin_4,1,11.271142845973372,1.0758362114429474,12.347002625465393,0.585781990521327,0.17583252929173632,ok
25_musk,UCF_3,5,0.0002493560314178467,2.958480028435588,2.9587415233254433,0.999767531964355,0.9930983340365409,ok
17_InternetAds,KernelCF_rbf,3,8.7865026332438,2.1166262850165367,10.903146395459771,0.6709469696969698,0.5219716972954015,ok
38_thyroid,DyCF_3,1,8.870115797966719,5.3858831357210875,14.256016034632921,0.9492430124223603,0.3199323048092383,ok
40_vowels,KernelCF_lin_5,1,12.990053866058588,1.3202054779976606,14.310274871066213,0.5488151658767773,0.17082462975027213,ok
17_InternetAds,KernelCF_lin_2,3,6.087971134111285,1.3319894168525934,7.419982198625803,0.6707007575757575,0.5214946594382059,ok
19_landsat,KernelCF_lin_4,4,39.74740891903639,1.7195190973579884,41.46694842167199,0.4312785760940562,0.22718391025689852,ok
25_musk,UCF_4,5,0.00023091770708560944,2.6619464829564095,2.662190990522504,0.9909724912824487,0.6877768518667193,ok
38_thyroid,DyCF_4,1,6.425842318683863,2.8715804051607847,9.297438446432352,0.958203933747412,0.36043016238332976,ok
40_vowels,UCF_2,1,0.00028088875114917755,2.2619452867656946,2.2622389532625675,0.9285939968404424,0.6631548878399471,ok
25_musk,UCF_5,5,0.00026088766753673553,3.4299694169312716,3.4302445147186518,0.904571871367687,0.14799874618551093,ok
17_InternetAds,KernelCF_lin_3,3,14.12899130769074,1.6458620950579643,15.774871287867427,0.6707954545454545,0.5217469177009196,ok
38_thyroid,DyCF_5,1,7.404918180778623,2.919778460636735,10.32471340149641,0.9724702380952381,0.4582347536292177,ok
25_musk,UCF_6,5,0.00025647692382335663,4.961634915322065,4.961904883384705,0.745912437039907,0.06024725863552796,ok
19_landsat,KernelCF_lin_5,4,42.39288370683789,3.2371878791600466,45.63008919917047,0.4256858262573482,0.21930735141476157,ok
40_vowels,UCF_3,1,0.00027448870241642,3.3464007433503866,3.3466891404241323,0.9488151658767774,0.7102536790694685,ok
17_InternetAds,KernelCF_lin_4,3,12.535463957116008,1.1458129063248634,13.6812953222543,0.6708333333333334,0.5218260163831279,ok
40_vowels,UCF_4,1,0.00030400045216083527,3.6793231200426817,3.6796423196792603,0.9690363349131121,0.776984857129273,ok
19_landsat,UCF_2,4,0.00021372735500335693,5.81820784881711,5.818433918058872,0.5038977792292619,0.1907090620331735,ok
25_musk,UCF_7,5,0.00026289932429790497,4.946569850668311,4.946850527077913,0.5807051530414569,0.03498766574293609,ok
38_thyroid,DyCG,1,9.881335392594337,11.69819769822061,21.579568849876523,0.10002587991718426,0.013474640060064972,ok
40_vowels,UCF_5,1,0.00032029859721660614,3.391276119276881,3.3916156981140375,0.9118483412322276,0.7067404538846186,ok
17_InternetAds,KernelCF_lin_5,3,13.603536112233996,1.0239005722105503,14.627465875819325,0.671003787878788,0.5221937362813465,ok
19_landsat,UCF_3,4,0.00023279711604118347,3.2476519122719765,3.247897231951356,0.5354425212279555,0.20755033293839653,ok
25_musk,UCF_8,5,0.0005147382616996765,4.60857243463397,4.609113872051239,0.49802402169701665,0.03166225443576799,ok
40_vowels,UCF_6,1,0.0002101995050907135,3.7735852766782045,3.773804124444723,0.8872037914691944,0.5980052223691553,ok
17_InternetAds,UCF_2,3,0.0002775881439447403,2.778002029284835,2.7782942187041044,0.6914962121212122,0.554828807842635,ok
38_thyroid,KernelCF_rbf,1,20.398692483082414,2.8846495449543,23.283359294757247,0.8705680641821946,0.19546432913607462,ok
25_musk,UCG,5,0.00025895796716213226,3.4803123641759157,3.4806082118302584,0.07140643161565285,0.016907811315219273,ok
19_landsat,UCF_4,4,0.00041054561734199524,4.878904590383172,4.879344843327999,0.5705225342913128,0.2281362273733961,ok
40_vowels,UCF_7,1,0.0002014264464378357,1.5043916944414377,1.5046065356582403,0.9766192733017378,0.7577438967523802,ok
17_InternetAds,UCF_3,3,0.0002933777868747711,4.274806506931782,4.275115504860878,0.6845833333333333,0.47068147712928576,ok
38_thyroid,KernelCF_lin_2,1,14.383827421814203,2.0512054711580276,16.43505040369928,0.6348343685300206,0.1351002272900928,ok
19_landsat,UCF_5,4,0.0003160778433084488,6.024794027209282,6.025126064196229,0.5893811234487264,0.2399013799290695,ok
40_vowels,UCF_8,1,0.0002321675419807434,5.175836382433772,5.176078271120787,0.7178515007898894,0.4898491822516038,ok
17_InternetAds,UCF_4,3,0.0003243386745452881,3.0610169246792793,3.061365405097604,0.6743939393939392,0.4339143006517131,ok
5_campaign,KNN,1,8.873294608667493,33.97033076360822,42.843684408813715,0.7406401507408631,0.2731547321944978,ok
19_landsat,UCF_6,4,0.0002589002251625061,3.2571421954780817,3.257415371015668,0.5953559764859568,0.2415241830308821,ok
40_vowels,UCG,1,0.0002506077289581299,2.4735657405108213,2.473845537751913,0.6791469194312795,0.525787944349769,ok
38_thyroid,KernelCF_lin_3,1,20.10494691506028,1.5251114629209042,21.63007676973939,0.5340320910973084,0.12874106509805305,ok
17_InternetAds,UCF_5,3,0.00046961940824985504,2.4473785422742367,2.447862358763814,0.6663257575757575,0.38943060445242184,ok
40_vowels,KNN,2,0.029605990275740623,0.006409071385860443,0.03604511171579361,0.9744075829383886,0.5659124699307766,ok
5_campaign,CBLOF,1,25.19689242169261,0.12954458594322205,25.32645681872964,0.7361267696065328,0.26114256230448857,ok
19_landsat,UCF_7,4,0.00022915005683898926,7.8234783466905355,7.823720537126064,0.5953772044415415,0.2452546755596622,ok
38_thyroid,KernelCF_lin_4,1,13.951442815363407,2.052108507603407,16.00358293391764,0.49078027950310565,0.13767604096779928,ok
17_InternetAds,UCF_6,3,0.00024830177426338196,5.978577887639403,5.978841166943312,0.664090909090909,0.3552623131326711,ok
40_vowels,CBLOF,2,4.801915127784014,0.04841817542910576,4.850346544757485,0.951342812006319,0.40883260760608536,ok
19_landsat,UCF_8,4,0.00024957768619060516,7.5747581999748945,7.575021548196673,0.5902939255388634,0.24845417947669574,ok
5_campaign,GMM,1,21.449886502698064,0.3648706544190645,21.814780335873365,0.7652057093888076,0.3233046426032594,ok
40_vowels,GMM,2,1.8362212367355824,0.00044992752373218536,1.836681503802538,0.9248025276461296,0.3891483955478769,ok
38_thyroid,KernelCF_lin_5,1,18.097055545076728,1.4825917389243841,19.57966325432062,0.4717908902691511,0.14377921418077105,ok
17_InternetAds,UCF_7,3,0.00024342723190784454,5.069666504859924,5.069923583418131,0.565435606060606,0.2579319106469463,ok
19_landsat,UCG,4,0.0002562478184700012,5.694136841222644,5.694429947063327,0.6996211626387983,0.31501084276460506,ok
40_vowels,KDE,2,0.1659035012125969,0.09545968100428581,0.2613768707960844,0.9605055292259084,0.606038218760517,ok
38_thyroid,UCF_2,1,0.00024759024381637573,3.1371036004275084,3.137371400371194,0.8924689440993789,0.21024977426592067,ok
17_InternetAds,UCF_8,3,0.0002487190067768097,5.306906441226602,5.307169968262315,0.6665719696969696,0.36003399222227994,ok
40_vowels,HBOS,2,10.908321384340525,0.00038711726665496826,10.908751759678125,0.6737756714060031,0.13713318529333435,ok
38_thyroid,UCF_3,1,0.00025088898837566376,1.7445513382554054,1.744817165657878,0.8976772774327123,0.21487445026919735,ok
19_landsat,KNN,5,6.599996864795685,4.596263665705919,11.196299228817225,0.59856466361855,0.26046123338012345,ok
17_InternetAds,UCG,3,0.00044623948633670807,6.732614226639271,6.7331388760358095,0.49496212121212124,0.2811092138323775,ok
40_vowels,ECOD,2,2.6606361754238605,0.004622351378202438,2.6652699187397957,0.5434439178515007,0.11115556885889424,ok
38_thyroid,UCF_4,1,0.00023914873600006104,3.96839071623981,3.968642085790634,0.9107789855072465,0.22996589297253475,ok
17_InternetAds,KNN,4,5.331940922886133,2.8709706272929907,8.202951157465577,0.6049053030303031,0.2653008110698461,ok
19_landsat,CBLOF,5,23.894591124728322,0.15416144393384457,24.048770928755403,0.6103853690398431,0.2491751485593198,ok
40_vowels,OCSVM,2,0.2195860594511032,0.044704560190439224,0.26430830359458923,0.7786729857819905,0.21256579616467916,ok
38_thyroid,UCF_5,1,0.0002163480967283249,4.362415876239538,4.362643491476774,0.9139492753623188,0.23492299841325498,ok
19_landsat,GMM,5,11.99774918332696,0.13522543013095856,12.132997550070286,0.4814712606139778,0.19577435671551074,ok
40_vowels,LODA,2,0.01811756007373333,0.003113511949777603,0.02126505970954895,0.6197472353870458,0.0587261263458498,ok
17_InternetAds,CBLOF,4,20.783940099179745,0.07320641726255417,20.857165643945336,0.5960416666666666,0.3090216811153093,ok
40_vowels,IForest,2,0.40352478437125683,0.023484647274017334,0.42702481150627136,0.7478672985781991,0.09000850089807695,ok
38_thyroid,UCF_6,1,0.00022094137966632843,4.511870231479406,4.512101698666811,0.9227484472049688,0.2295583936823761,ok
19_landsat,KDE,5,17.252583656460047,7.643694259226322,24.896311024203897,0.6446962769431743,0.2778760621605059,ok
38_thyroid,UCF_7,1,0.00026063062250614166,5.0265743136405945,5.026848552748561,0.8948951863354037,0.268623857109867,ok
16_http,OCSVM,1,,,,,,timeout
40_vowels,PCA,2,0.0021032560616731644,0.00028074905276298523,0.0023931339383125305,0.5734597156398105,0.05529005114879333,ok
19_landsat,HBOS,5,4.824265835806727,0.002889612689614296,4.827188219875097,0.5592521227955585,0.23619162360475338,ok
38_thyroid,UCF_8,1,0.00023721717298030853,5.141034623607993,5.141283631324768,0.9262098861283644,0.251330160033008,ok
40_vowels,DyCF_2,2,7.053649749606848,4.103402251377702,11.157068321481347,0.9371248025276462,0.49855839324458057,ok
17_InternetAds,GMM,4,59.50290276482701,2.2979447543621063,61.800881039351225,0.7521022727272727,0.363462029856522,ok
19_landsat,ECOD,5,0.3482053838670254,0.07976672612130642,0.4279886018484831,0.37771227955584585,0.16824196310014733,ok
38_thyroid,UCG,1,0.00028401799499988556,5.998379474505782,5.998695882037282,0.8227549171842651,0.13706322947411015,ok
40_vowels,DyCF_3,2,12.933913581073284,4.501005686819553,17.434935059398413,0.9037914691943127,0.62459923128535,ok
16_http,LODA,1,26.62662228383124,20.20082346536219,46.827498123049736,0.3112399557576577,0.00556664711817628,ok
17_InternetAds,KDE,4,19.80625563673675,2.0035310313105583,21.809815365821123,0.5736079545454545,0.2837105641344757,ok
19_landsat,OCSVM,5,4.7100917883217335,0.5938622988760471,5.30397473834455,0.432782495101241,0.17987145167337082,ok
38_thyroid,KNN,2,0.09155891276896,0.040862562134861946,0.13247185572981834,0.9599831780538302,0.39263982335007874,ok
19_landsat,LODA,5,0.05796820856630802,0.010581517592072487,0.06857644394040108,0.40077726975832784,0.18214072990238955,ok
16_http,IForest,1,6.7424541264772415,2.4835901614278555,9.226071048527956,0.9998139477896354,0.9623770773085316,ok
17_InternetAds,HBOS,4,8.99492340348661,0.0665275789797306,9.06150434538722,0.701467803030303,0.5607017327178885,ok
40_vowels,DyCF_4,2,25.543009411543608,5.969553975388408,31.512577176094055,0.5932069510268562,0.41954219189591274,ok
19_landsat,IForest,5,0.4058934450149536,0.017650989815592766,0.4235637243837118,0.4969823644676682,0.21038040541173253,ok
16_http,PCA,1,0.16443826630711555,0.017152205109596252,0.18161612935364246,0.9957894781218155,0.461375661840823,ok
17_InternetAds,ECOD,4,1.9385049175471067,3.23327405564487,5.171794485300779,0.6773390151515152,0.537890539805797,ok
38_thyroid,CBLOF,2,24.441626872867346,0.08042212389409542,24.522067485377192,0.9843426501035196,0.5979726511294877,ok
19_landsat,PCA,5,0.5690106675028801,0.0018634386360645294,0.5708920564502478,0.3744725669497061,0.16759817637264904,ok
17_InternetAds,OCSVM,4,5.279844442382455,0.756861612200737,6.036726264283061,0.5966287878787879,0.3236852129206509,ok
38_thyroid,GMM,2,0.9638364091515541,0.00035937875509262085,0.9642125274986029,0.9433876811594203,0.3658458592286405,ok
40_vowels,DyCF_5,2,59.51321441680193,6.001405326649547,65.51463676989079,0.6233807266982623,0.239440050247441,ok
38_thyroid,KDE,2,0.49408877827227116,0.29877737537026405,0.7928832266479731,0.9647386128364389,0.35121284571824235,ok
19_landsat,DyCF_2,5,29.630223201587796,24.577487882226706,54.207732724025846,0.5023595689092097,0.20554669840140488,ok
17_InternetAds,LODA,4,20.621522244066,21.35646097548306,41.978035712614655,0.5420738636363636,0.279015859307975,ok
38_thyroid,HBOS,2,23.802491154521704,0.00040247850120067596,23.802919482812285,0.9640754399585921,0.5166403472190765,ok
17_InternetAds,IForest,4,0.14636806212365627,0.00866791047155857,0.15505052357912064,0.699498106060606,0.5083675473088209,ok
38_thyroid,ECOD,2,0.5625813212245703,0.005493463948369026,0.5680852644145489,0.9785843685300207,0.4884396787829143,ok
16_http,DyCF_2,1,103.37252164073288,44.98658533208072,148.35912480391562,0.9936932667608126,0.3683880244973012,ok
40_vowels,DyCG,2,68.61221672222018,33.22622521780431,101.83846995793283,0.4907582938388625,0.03415398234736975,ok
38_thyroid,OCSVM,2,2.945717541500926,0.8206147141754627,3.7663530968129635,0.9649974120082816,0.3976293332020619,ok
33_skin,OCSVM,1,,,,,,timeout
38_thyroid,LODA,2,0.07359233871102333,0.004479872062802315,0.07809941284358501,0.9039531573498965,0.2308245591969954,ok
40_vowels,KernelCF_rbf,2,14.011839747428894,2.5064299013465643,16.518286008387804,0.6165876777251185,0.06154255215947463,ok
38_thyroid,IForest,2,0.645730322226882,0.07627377659082413,0.7220184318721294,0.9721790890269152,0.4411251634120642,ok
33_skin,LODA,1,27.93881061114371,1.670739145949483,29.609610164538026,0.4443835825832527,0.17888010726183204,ok
19_landsat,DyCF_3,5,128.85703999735415,36.474821392446756,165.33187977224588,0.5077433050293926,0.21179990131589588,ok
40_vowels,KernelCF_lin_2,2,7.287914527580142,1.004725819453597,8.292654447257519,0.6622432859399684,0.0925255893185152,ok
38_thyroid,PCA,2,0.0035675987601280212,0.0003392081707715988,0.003931125625967979,0.9651915113871636,0.4611148370198574,ok
33_skin,IForest,1,4.689605029299855,0.6171673685312271,5.306807268410921,0.6944755509054763,0.26795996614774914,ok
34_smtp,KernelCF_lin_2,4,,,,,,ram_kill
40_vowels,KernelCF_lin_3,2,10.498415915295482,0.8054642770439386,11.303894152864814,0.6382306477093207,0.12299298829170716,ok
33_skin,PCA,1,0.08225150033831596,0.006713978946208954,0.08898892998695374,0.4180223460068468,0.16399980847032689,ok
5_campaign,KDE,1,500.6702419463545,273.96743187122047,774.6377016790211,0.7284225277921915,0.25477906031695596,ok
38_thyroid,DyCF_2,2,4.997581334784627,3.5501847714185715,8.547785688191652,0.952348602484472,0.37984666954318885,ok
16_http,DyCF_3,1,119.25694843940437,48.86495657637715,168.1219252757728,0.9934183285716544,0.3546120952399511,ok
40_vowels,KernelCF_lin_4,2,10.683646954596043,1.9127432443201542,12.596407316625118,0.595260663507109,0.11888253026084519,ok
5_campaign,HBOS,1,10.490255538374186,0.013970321044325829,10.504262363538146,0.7650344486899278,0.3535695243754136,ok
38_thyroid,DyCF_3,2,2.6356230787932873,5.283934844657779,7.919574074447155,0.9564570393374741,0.36975879697103714,ok
5_campaign,ECOD,1,2.437576347962022,1.8333587851375341,4.270950773730874,0.7683222085947451,0.3575702663021838,ok
38_thyroid,DyCF_4,2,6.594631070271134,4.5498814936727285,11.144527673721313,0.9614389233954451,0.4036486795614876,ok
40_vowels,KernelCF_lin_5,2,14.073290763422847,2.076283749192953,16.149595633149147,0.5502369668246445,0.11412597110465592,ok
33_skin,DyCF_2,1,57.08151565678418,21.595899855718017,78.6774279139936,0.7607480565309968,0.3172929148349357,ok
40_vowels,UCF_2,2,0.0002659689635038376,2.626403395086527,2.626683846116066,0.9756714060031596,0.6003144658839491,ok
19_landsat,DyCF_4,5,,,,,,ram_kill
38_thyroid,DyCF_5,2,15.020388424396515,5.3174399975687265,20.33785020187497,0.9738289337474121,0.5321358509674986,ok
34_smtp,KernelCF_lin_3,4,,,,,,ram_kill
10_cover,UCF_4,1,0.00030256807804107666,3178.8690290115774,3178.869360666722,0.8906354504925879,0.058442444905356314,ok
19_landsat,DyCF_5,5,,,,,,error
40_vowels,UCF_3,2,0.00026509910821914673,3.820186261087656,3.8204628992825747,0.9826224328593997,0.6636931432212761,ok
19_landsat,DyCG,5,,,,,,error
38_thyroid,DyCG,2,12.095679609104991,9.497424775734544,21.593129051849246,0.05997670807453416,0.013154551353134165,ok
40_vowels,UCF_4,2,0.0002064574509859085,3.3588263615965843,3.359043212607503,0.9845181674565561,0.7050139865132369,ok
40_vowels,UCF_5,2,0.00034846924245357513,2.2825601249933243,2.2829272598028183,0.9843601895734597,0.7291068644043472,ok
33_skin,DyCF_3,1,48.038763515651226,23.564146103337407,71.6029258351773,0.7504856647604221,0.3084251289982411,ok
19_landsat,KernelCF_rbf,5,41.79133369028568,3.5639137011021376,45.3552627004683,0.398319725669497,0.1761863141487001,ok
38_thyroid,KernelCF_rbf,2,22.32600729353726,2.6669959370046854,24.99302090704441,0.8557518115942029,0.21762939349300786,ok
40_vowels,UCF_6,2,0.00025789812207221985,1.7106549069285393,1.7109243646264076,0.9018957345971566,0.37706246913340213,ok
16_http,DyCF_4,1,163.02634870260954,66.28833063319325,229.3147044647485,0.9927012640174963,0.27155951159394554,ok
38_thyroid,KernelCF_lin_2,2,15.092939138412476,2.3008058946579695,17.393759908154607,0.6064311594202899,0.16373579102239158,ok
13_fraud,UCF_6,1,0.00023140758275985718,3812.8643364366144,3812.8645872958004,0.937507981045117,0.2977206799539727,ok
19_landsat,KernelCF_lin_2,5,40.07934761606157,1.6883365418761969,41.767699198797345,0.42387818419333767,0.2550390102525785,ok
40_vowels,UCF_7,2,0.00021971948444843292,2.907573962584138,2.9078061282634735,0.9778830963665086,0.6643463171818436,ok
40_vowels,UCF_8,2,0.00019291788339614868,2.1765167005360126,2.1767195984721184,0.966350710900474,0.6183311066010158,ok
33_skin,DyCF_4,1,67.3499756604433,32.690359653905034,100.04035523347557,0.7387877809379778,0.29896417456301716,ok
38_thyroid,KernelCF_lin_3,2,21.558836126700044,1.5195601359009743,23.078413365408778,0.5194099378881988,0.15918675043939567,ok
40_vowels,UCG,2,0.00023351050913333893,2.0778667125850916,2.0781301204115152,0.6546603475513427,0.39489750837723364,ok
19_landsat,KernelCF_lin_3,5,44.32919650711119,1.6084577236324549,45.937677692621946,0.4305127367733508,0.23556111401366314,ok
40_vowels,KNN,3,0.027303919196128845,0.030961478129029274,0.05828970670700073,0.9777251184834123,0.5653695073889582,ok
38_thyroid,KernelCF_lin_4,2,21.69525146111846,2.542775249108672,24.23804336041212,0.49126552795031053,0.16552776552558335,ok
17_InternetAds,PCA,4,623.8773893006146,2.5850158408284187,626.4624252524227,0.5961553030303031,0.30878590076760204,ok
40_vowels,CBLOF,3,19.537152159959078,0.04821406118571758,19.585385343059897,0.9541864139020537,0.5718397272776302,ok
19_landsat,KernelCF_lin_4,5,29.264481471851468,1.1447982955724,30.409299205988646,0.428398105813194,0.22360328943659336,ok
38_thyroid,KernelCF_lin_5,2,20.636461907997727,2.0095544271171093,22.646035335958004,0.47609342650103526,0.1754220201301115,ok
17_InternetAds,DyCF_2,4,,,,,,error
40_vowels,GMM,3,1.450193164870143,0.00030245818197727203,1.4505099635571241,0.8963665086887836,0.36568529390841437,ok
38_thyroid,UCF_2,2,0.00018405728042125702,3.7393360566347837,3.739532547071576,0.9337474120082816,0.3121387457672688,ok
17_InternetAds,DyCF_3,4,,,,,,error
33_skin,DyCF_5,1,79.8635732755065,35.22055817581713,115.08414976298809,0.7284155488184753,0.2916290276696908,ok
40_vowels,KDE,3,0.31357306987047195,0.09777108952403069,0.4113615285605192,0.9537124802527647,0.6281266513971614,ok
38_thyroid,UCF_3,2,0.0002461075782775879,2.63351808488369,2.6337774265557528,0.9420289855072465,0.3374742648330826,ok
19_landsat,KernelCF_lin_5,5,36.61999191902578,2.9728072490543127,39.59282345883548,0.4254931417374266,0.21657806709196778,ok
17_InternetAds,DyCF_4,4,,,,,,error
38_thyroid,UCF_4,2,0.00022004172205924988,3.328798044472933,3.32903053984046,0.9464285714285714,0.32174760556255183,ok
16_http,DyCF_5,1,173.65275641344488,64.32220321893692,237.9749781154096,0.991951567618612,0.31165871929042777,ok
40_vowels,HBOS,3,14.17709269374609,0.0004230476915836334,14.177557151764631,0.6990521327014217,0.15018858174795294,ok
19_landsat,UCF_2,5,0.0002413373440504074,5.663490146398544,5.6637442875653505,0.5204947746570868,0.1978734933899988,ok
17_InternetAds,DyCF_5,4,,,,,,error
38_thyroid,UCF_5,2,0.00019647926092147827,2.227600621059537,2.227807080373168,0.9504723084886129,0.33569656923633573,ok
38_thyroid,UCF_6,2,0.00023975782096385956,4.122870400547981,4.123122060671449,0.9333592132505176,0.3536977689986977,ok
5_campaign,OCSVM,1,433.72382774204016,47.58510911464691,481.30896573513746,0.7357067419322715,0.28624464468231925,ok
19_landsat,UCF_3,5,0.0002363491803407669,4.423596041277051,4.423844158649445,0.5555845852384063,0.21905236650922397,ok
40_vowels,ECOD,3,0.32180741988122463,0.004331013187766075,0.3261457793414593,0.5699842022116903,0.09596669612516812,ok
17_InternetAds,DyCG,4,,,,,,error
40_vowels,OCSVM,3,0.6195547450333834,0.09768726117908955,0.7172534372657537,0.7538704581358611,0.30178775487983756,ok
38_thyroid,UCF_7,2,0.00022942759096622467,5.629513755440712,5.629755714908242,0.9384057971014493,0.3253443611149524,ok
33_skin,DyCG,1,82.29539319314063,16.54728752747178,98.84271372109652,0.6704490043255098,0.2969532225892387,ok
19_landsat,UCF_4,5,0.0002200789749622345,5.434528203681111,5.43475835211575,0.5924085564990202,0.24234036966227807,ok
17_InternetAds,KernelCF_rbf,4,12.36552437581122,3.5894788559526205,15.955023553222418,0.6892992424242425,0.5585911465925594,ok
5_campaign,LODA,1,23.038533080369234,20.99841751717031,44.037003703415394,0.5305644003123837,0.12357942714162799,ok
40_vowels,LODA,3,0.027361029759049416,0.0027308836579322815,0.030120424926280975,0.7034755134281201,0.1772120251962756,ok
19_landsat,UCF_5,5,0.0005033276975154877,3.621975913643837,3.622489422559738,0.6135058785107773,0.2566164268808869,ok
38_thyroid,UCF_8,2,0.0003437977284193039,4.003167288377881,4.003523256629705,0.9190282091097309,0.3114745985864345,ok
34_smtp,KernelCF_lin_4,4,,,,,,ram_kill
33_skin,KernelCF_rbf,1,,,,,,ram_kill
5_campaign,IForest,1,1.2489726636558771,0.06316081620752811,1.312150478363037,0.733699670057812,0.2902725909733982,ok
17_InternetAds,KernelCF_lin_2,4,12.290718341246247,0.5530718080699444,12.843826409429312,0.6889583333333333,0.5583598435458085,ok
40_vowels,IForest,3,0.21066947653889656,0.009913776069879532,0.22059706039726734,0.7595576619273302,0.11745478424687643,ok
5_campaign,PCA,1,,,,,,error
19_landsat,UCF_6,5,0.00019541941583156586,6.449939128011465,6.450149927288294,0.6204784454604834,0.25887510759747867,ok
38_thyroid,UCG,2,0.00027369894087314606,6.515641646459699,6.515949385240674,0.8624805900621119,0.2851775926648668,ok
40_vowels,PCA,3,0.002254156395792961,0.0002855006605386734,0.002547904849052429,0.5981042654028436,0.09183837891864774,ok
33_skin,KernelCF_lin_2,1,,,,,,ram_kill
17_InternetAds,KernelCF_lin_3,4,14.943671168759465,1.0578843485563993,16.00158090516925,0.6890719696969698,0.5584466810220581,ok
16_http,DyCG,1,153.1270894240588,10.48035866767168,163.60749806277454,0.01690689761154377,0.0036706969146131792,ok
38_thyroid,KNN,3,0.15057004056870937,0.024614358320832253,0.17521076649427414,0.9707880434782609,0.4205605027447612,ok
19_landsat,UCF_7,5,0.00025890953838825226,5.557570269331336,5.557844929397106,0.6076420640104507,0.2562230149474363,ok
16_http,KernelCF_rbf,1,,,,,,error
17_InternetAds,KernelCF_lin_4,4,9.890902776271105,1.019011603668332,10.909939492121339,0.6892424242424242,0.5585630086508816,ok
40_vowels,DyCF_2,3,8.971106892451644,3.7657741736620665,12.73689784668386,0.8930489731437599,0.3893652134378104,ok
19_landsat,UCF_8,5,0.00042371638119220734,10.154294053092599,10.154744200408459,0.602726975832789,0.25466216851679974,ok
34_smtp,KernelCF_lin_5,4,,,,,,ram_kill
38_thyroid,CBLOF,3,16.785938393324614,0.05574609525501728,16.841700786724687,0.9835339026915113,0.5995379144656635,ok
16_http,KernelCF_lin_2,1,,,,,,error
33_skin,KernelCF_lin_3,1,,,,,,ram_kill
40_vowels,DyCF_3,3,11.879441905766726,4.344770632684231,16.224233757704496,0.9113744075829384,0.6724835417229577,ok
17_InternetAds,KernelCF_lin_5,4,16.068724807351828,1.3985052984207869,17.46725175715983,0.6894507575757576,0.5587303538917197,ok
19_landsat,UCG,5,0.00017486698925495148,4.89716224744916,4.8973604664206505,0.7169839973873284,0.3333894987526483,ok
16_http,KernelCF_lin_3,1,,,,,,error
38_thyroid,GMM,3,1.1536327358335257,0.0003313478082418442,1.1539812348783016,0.9462344720496895,0.3562924795829293,ok
17_InternetAds,UCF_2,4,0.00031347572803497314,4.950848802924156,4.951185593381524,0.7122537878787879,0.5994110157513148,ok
7_Cardiotocography,KNN,1,3.8354667723178864,2.1886722315102816,6.024173311889172,0.5204473304473305,0.3136748502681603,ok
16_http,KernelCF_lin_4,1,,,,,,error
38_thyroid,KDE,3,0.7126700561493635,0.3231763634830713,1.0358601920306683,0.9689764492753623,0.3456321471613748,ok
33_skin,KernelCF_lin_4,1,,,,,,ram_kill
40_vowels,DyCF_4,3,24.905459955334663,6.395528364926577,31.301009349524975,0.49257503949447073,0.11082962242019026,ok
17_InternetAds,UCF_3,4,0.0002139471471309662,3.6885348558425903,3.688762605190277,0.7009469696969697,0.5005329498320149,ok
16_http,KernelCF_lin_5,1,,,,,,error
7_Cardiotocography,CBLOF,1,8.09903384000063,0.003503980115056038,8.102545619010925,0.6223376623376623,0.44328515665529633,ok
17_InternetAds,UCF_4,4,0.0002768002450466156,3.321115931496024,3.3214099183678627,0.6864015151515152,0.4654393467432435,ok
38_thyroid,HBOS,3,17.92166056856513,0.0003916565328836441,17.922071868553758,0.9431288819875776,0.5940613447105512,ok
7_Cardiotocography,GMM,1,1.7495870795100927,0.00034483708441257477,1.7499480657279491,0.624992784992785,0.37042491055970694,ok
33_skin,KernelCF_lin_5,1,,,,,,ram_kill
38_thyroid,ECOD,3,0.2421899177134037,0.0048828404396772385,0.24707811698317528,0.980557712215321,0.4738033889599179,ok
5_campaign,DyCF_2,1,,,,,,error
7_Cardiotocography,KDE,1,2.2242162842303514,0.5714697800576687,2.795714683830738,0.5324819624819626,0.29567155819466584,ok
17_InternetAds,UCF_5,4,0.0003974083811044693,3.000196984037757,3.0006109550595284,0.6723106060606061,0.4232847534824502,ok
40_vowels,DyCF_5,3,55.21713025867939,4.174603309482336,59.391755759716034,0.38720379146919426,0.1141642081005351,ok
38_thyroid,OCSVM,3,0.4792334549129009,0.06750042736530304,0.546753516420722,0.9689117494824016,0.38232316395017557,ok
17_InternetAds,UCF_6,4,0.0002601891756057739,5.261431263759732,5.261713659390807,0.6613257575757575,0.403772863075646,ok
7_Cardiotocography,HBOS,1,6.415557403117418,0.0005300659686326981,6.416113270446658,0.6528787878787878,0.4031932080522702,ok
38_thyroid,LODA,3,0.07635950483381748,0.004588691517710686,0.08097482286393642,0.8993271221532091,0.31890481202923443,ok
11_donors,KDE,1,,,,,,timeout
38_thyroid,IForest,3,0.20044861920177937,0.011065930128097534,0.21152197197079659,0.9854101966873705,0.5646232089089358,ok
7_Cardiotocography,ECOD,1,0.3849131278693676,0.0082829799503088,0.3932056352496147,0.8127561327561328,0.533255570265987,ok
17_InternetAds,UCF_7,4,0.01111995242536068,5.926617573946714,5.937759753316641,0.5382575757575758,0.2325506388556865,ok
38_thyroid,PCA,3,0.002898300066590309,0.0003292001783847809,0.0032373908907175064,0.9665502070393376,0.4701326944445048,ok
7_Cardiotocography,OCSVM,1,1.8744858894497156,0.38407072611153126,2.2585723660886288,0.7300865800865801,0.45039252024240684,ok
40_vowels,DyCG,3,51.38533901795745,16.405241779983044,67.79061445780098,0.5055292259083728,0.035447631917315016,ok
11_donors,HBOS,1,5.851883398368955,0.6176085397601128,6.469536719843745,0.7439750135903304,0.12042412694214741,ok
17_InternetAds,UCF_8,4,0.0001835990697145462,4.865844344720244,4.866039233282208,0.6459848484848485,0.39024753415928504,ok
38_thyroid,DyCF_2,3,5.414069717749953,2.8812537156045437,8.29534095339477,0.9599184782608696,0.37480931490785746,ok
7_Cardiotocography,LODA,1,0.031175563111901283,0.0033597685396671295,0.034561725333333015,0.8085425685425686,0.6210520155545318,ok
17_InternetAds,UCG,4,0.00023990683257579803,3.9795927591621876,3.9798679184168577,0.49996212121212125,0.27234837275698603,ok
11_donors,ECOD,1,7.830013876780868,3.4253327157348394,11.255365569144487,0.8883105572873576,0.26192224749866444,ok
7_Cardiotocography,IForest,1,0.35505057498812675,0.0177425779402256,0.3728092145174742,0.758095238095238,0.4737858768024581,ok
38_thyroid,DyCF_3,3,4.630640311166644,4.756692346185446,9.387344999238849,0.9633475672877847,0.3639180670148879,ok
34_smtp,UCF_2,4,0.00017834827303886414,262.8007329646498,262.80092484503984,0.7564845313461193,0.23033477492779494,ok
40_vowels,KernelCF_rbf,3,12.212784759700298,2.3581789787858725,14.570978650823236,0.6240126382306477,0.08976533158876042,ok
7_Cardiotocography,PCA,1,,,,,,error
17_InternetAds,KNN,5,3.758491577580571,2.9815665893256664,6.74008790589869,0.618532196969697,0.3088140538151492,ok
38_thyroid,DyCF_4,3,6.324013236910105,3.8539385963231325,10.177964804694057,0.9701410455486543,0.41671884699430384,ok
40_vowels,KernelCF_lin_2,3,11.322197595611215,1.8345094919204712,13.156731341034174,0.6733017377567141,0.11608450104599434,ok
7_Cardiotocography,DyCF_2,1,,,,,,error
17_InternetAds,CBLOF,5,18.600130347535014,0.0060034822672605515,18.606176191940904,0.6329734848484847,0.35032357485870264,ok
38_thyroid,DyCF_5,3,12.679760752245784,5.870683075860143,18.55047039873898,0.9788755175983437,0.5125690205924497,ok
40_vowels,KernelCF_lin_3,3,14.683229088783264,0.872346356511116,15.555588964372873,0.6548183254344391,0.14315456220014722,ok
7_Cardiotocography,DyCF_3,1,,,,,,error
38_thyroid,DyCG,3,8.560173811390996,9.60546588152647,18.165669064968824,0.10416666666666664,0.01350772850854516,ok
40_vowels,KernelCF_lin_4,3,7.934224462136626,1.4343980178236961,9.36864791996777,0.6213270142180094,0.1347936406481379,ok
17_InternetAds,GMM,5,65.23190320469439,2.3884542416781187,67.62040278501809,0.7702840909090908,0.39320432343318257,ok
40_vowels,KernelCF_lin_5,3,15.774869801476598,0.7305003684014082,16.505392683669925,0.5753554502369669,0.12755725667643084,ok
38_thyroid,KernelCF_rbf,3,24.210143730044365,3.382102256640792,27.59226437844336,0.8834433229813664,0.20878643952764175,ok
17_InternetAds,KDE,5,12.157451836392283,1.975242892280221,14.1327198818326,0.5652746212121212,0.23206693200837808,ok
40_vowels,UCF_2,3,0.0002567097544670105,3.5675664134323597,3.567836981266737,0.9691943127962085,0.6586399034165128,ok
38_thyroid,KernelCF_lin_2,3,22.004340760409832,1.9724640641361475,23.976824555546045,0.6563146997929605,0.1547136764524973,ok
17_InternetAds,HBOS,5,14.065782269462943,0.06847510300576687,14.134296150878072,0.7094981060606061,0.5582358598368844,ok
40_vowels,UCF_3,3,0.00021132640540599823,3.6349360011518,3.635157449170947,0.9744075829383886,0.6813339398122007,ok
17_InternetAds,ECOD,5,1.5540205407887697,1.8679450396448374,3.4219897519797087,0.6882765151515151,0.5454871940148631,ok
7_Cardiotocography,DyCF_4,1,,,,,,error
40_vowels,UCF_4,3,0.00022567063570022583,4.3242679964751005,4.324505444616079,0.9808846761453397,0.7419047160487322,ok
38_thyroid,KernelCF_lin_3,3,17.65270214341581,0.9803584963083267,18.63307830877602,0.5350349378881988,0.15557487588252297,ok
40_vowels,UCF_5,3,0.00028052739799022675,2.3694731760770082,2.3697714917361736,0.9846761453396524,0.780278047169513,ok
17_InternetAds,OCSVM,5,8.985038442537189,3.3337076045572758,12.318766061216593,0.6331818181818181,0.33641539236461565,ok
34_smtp,UCF_3,4,0.00026085786521434784,334.7656041588634,334.7658814974129,0.7679468311257505,0.23867597968127868,ok
40_vowels,UCF_6,3,0.00016885995864868164,2.3441394343972206,2.3443175237625837,0.8263823064770932,0.37697099294151143,ok
38_thyroid,KernelCF_lin_4,3,19.004935769364238,0.8149016816169024,19.819851499050856,0.513975155279503,0.15713835162934464,ok
40_vowels,UCF_7,3,0.0002407599240541458,3.2581397481262684,3.258395066484809,0.9804107424960505,0.757649740144141,ok
17_InternetAds,LODA,5,18.905051935464144,21.850528175011277,40.755632707849145,0.6172159090909091,0.28920196279719007,ok
38_thyroid,KernelCF_lin_5,3,16.01416182331741,2.4403855968266726,18.454566400498152,0.5077316252587991,0.159476300308455,ok
40_vowels,UCF_8,3,0.00026212818920612335,3.5259321853518486,3.5262077786028385,0.9606635071090047,0.644346675868415,ok
17_InternetAds,IForest,5,0.8870217874646187,0.01960100047290325,0.9066413529217243,0.6828882575757576,0.4587482448245752,ok
40_vowels,UCG,3,0.00025177933275699615,4.268601201474667,4.268881289288402,0.7432859399684043,0.3612964742338902,ok
38_thyroid,UCF_2,3,0.00017835944890975952,2.7707107104361057,2.770901197567582,0.8867753623188406,0.24748874666275228,ok
40_vowels,KNN,4,0.013999572023749352,0.005563843995332718,0.01959257945418358,0.9532385466034755,0.48894678698084265,ok
38_thyroid,UCF_3,3,0.00029218941926956177,3.2259762957692146,3.226284433156252,0.8867106625258798,0.2399766052322798,ok
40_vowels,CBLOF,4,6.610394882038236,0.001088012009859085,6.611498676240444,0.8671406003159557,0.16913768265290113,ok
40_vowels,GMM,4,1.487576611340046,0.000295126810669899,1.4879066906869411,0.8951026856240126,0.41197136463500744,ok
38_thyroid,UCF_4,3,0.00020174868404865265,3.8083049822598696,3.8085198681801558,0.9034679089026916,0.21562301426057187,ok
38_thyroid,UCF_5,3,0.000262189656496048,2.3865174409002066,2.386792190372944,0.9170225155279503,0.22613345521010433,ok
40_vowels,KDE,4,0.4292696602642536,0.2283142637461424,0.6576139144599438,0.9213270142180094,0.5311145905273805,ok
38_thyroid,UCF_6,3,0.00045629777014255524,5.027720745652914,5.028204571455717,0.922457298136646,0.2189764057834114,ok
40_vowels,HBOS,4,15.128878649324179,0.0005284063518047333,15.12943453527987,0.692259083728278,0.09056078091146894,ok
38_thyroid,UCF_7,3,0.0003408193588256836,3.4664748311042786,3.4668386206030846,0.8822787267080746,0.23581195689909645,ok
40_vowels,ECOD,4,5.070586416870356,0.0035956688225269318,5.074189614504576,0.6153238546603477,0.10471865178458054,ok
34_smtp,UCF_4,4,0.0002472084015607834,384.73097882047296,384.73124451749027,0.7706761355230064,0.1663425280609136,ok
38_thyroid,UCF_8,3,0.000305788591504097,4.3683723993599415,4.368695432320237,0.89648033126294,0.22710727757163038,ok
40_vowels,OCSVM,4,0.10261332429945469,0.03389683738350868,0.13652562350034714,0.7921011058451817,0.25041231383333223,ok
40_vowels,LODA,4,0.034538641571998596,0.0028132423758506775,0.03739803843200207,0.668562401263823,0.08117790336321536,ok
38_thyroid,UCG,3,0.00023939833045005798,8.41419199295342,8.414475739002228,0.9015916149068324,0.3265964248196935,ok
40_vowels,IForest,4,1.7253734469413757,0.023075725883245468,1.748464472591877,0.757345971563981,0.17073289252209423,ok
38_thyroid,KNN,4,0.04371168836951256,0.015702251344919205,0.05946027301251888,0.9614389233954451,0.35074582003826144,ok
40_vowels,PCA,4,0.003325900062918663,0.00037708692252635956,0.003725765272974968,0.6178515007898894,0.07611208485299259,ok
38_thyroid,CBLOF,4,23.11392705887556,0.4595726318657398,23.573518071323633,0.9333592132505176,0.35194371007297387,ok
40_vowels,DyCF_2,4,7.9645652230829,3.6119840163737535,11.576566841453314,0.8955766192733017,0.4053192275298633,ok
38_thyroid,GMM,4,1.4011688474565744,0.0003575477749109268,1.4015530850738287,0.9269215838509316,0.2849598468854442,ok
40_vowels,DyCF_3,4,11.522440113127232,6.805272176861763,18.327729791402817,0.8884676145339652,0.4891439063096777,ok
38_thyroid,KDE,4,1.2186696585267782,2.725161951035261,3.943871770054102,0.955874741200828,0.31695043072334805,ok
38_thyroid,HBOS,4,8.906615944579244,0.00038330070674419403,8.907025480642915,0.9279729554865425,0.45606847726350686,ok
40_vowels,DyCF_4,4,20.000743867829442,8.607652083039284,28.608414512127638,0.41579778830963665,0.2633699793516018,ok
17_InternetAds,PCA,5,640.7481779307127,1.4186811298131943,642.1669034827501,0.6324810606060606,0.34984862287449847,ok
38_thyroid,ECOD,4,0.6191812250763178,0.0054859258234500885,0.6246732901781797,0.9759963768115942,0.5641367367415644,ok
17_InternetAds,DyCF_2,5,,,,,,error
17_InternetAds,DyCF_3,5,,,,,,error
38_thyroid,OCSVM,4,1.676411086693406,1.0495256278663874,2.7259511463344097,0.9547424948240166,0.3700908746582267,ok
38_thyroid,LODA,4,0.029001180082559586,0.004948960617184639,0.033989209681749344,0.796875,0.1727271382850099,ok
17_InternetAds,DyCF_4,5,,,,,,error
40_vowels,DyCF_5,4,88.60059891082346,8.833200247958302,97.43381365202367,0.5876777251184835,0.24198425157173803,ok
34_smtp,UCF_5,4,0.00040588900446891785,431.6768028642982,431.67723586037755,0.7724982674173226,0.21178448633687033,ok
38_thyroid,IForest,4,0.3584334123879671,0.0934468824416399,0.4518953859806061,0.9792313664596273,0.5879780385693775,ok
17_InternetAds,DyCF_5,5,,,,,,error
17_InternetAds,DyCG,5,,,,,,error
38_thyroid,PCA,4,0.0024871155619621277,0.0003417991101741791,0.0028430819511413574,0.95215450310559,0.35767872993772,ok
38_thyroid,DyCF_2,4,3.010387886315584,2.6420614067465067,5.652467593550682,0.9495341614906833,0.3649950277729217,ok
32_shuttle,KernelCF_lin_5,1,929.5976234916598,4714.364321189001,5643.961976440623,0.9670627746472839,0.9352167946022089,ok
40_vowels,DyCG,4,66.27207563631237,34.12465538829565,100.39677361398935,0.5292259083728279,0.03643870663535519,ok
17_InternetAds,KernelCF_rbf,5,15.811288638040423,2.724650526419282,18.53596510179341,0.7019886363636364,0.5645246321681355,ok
38_thyroid,DyCF_3,4,3.2080896198749542,4.558511948212981,7.766624780371785,0.9572010869565218,0.3893053682839993,ok
40_vowels,KernelCF_rbf,4,13.938041819259524,2.3729807045310736,16.311039861291647,0.6281200631911533,0.10651854185914146,ok
17_InternetAds,KernelCF_lin_2,5,13.696143141016364,1.5093152485787868,15.205481192097068,0.7017234848484849,0.5648134068874701,ok
40_vowels,KernelCF_lin_2,4,7.8035309333354235,1.5486619640141726,9.352210875600576,0.691785150078989,0.1360828728852128,ok
38_thyroid,DyCF_4,4,10.806412624195218,3.3910587914288044,14.197496788576245,0.9649327122153208,0.41597877376960857,ok
40_vowels,KernelCF_lin_3,4,11.543293790891767,1.3855907246470451,12.928902203217149,0.6763033175355451,0.11985956441240697,ok
17_InternetAds,KernelCF_lin_3,5,8.677611578255892,1.4815246500074863,10.159167896956205,0.7018750000000001,0.5649952792345407,ok
32_shuttle,UCF_2,1,0.0002193804830312729,115.51118276827037,115.51141445152462,0.9833068333226749,0.9481112059617056,ok
38_thyroid,DyCF_5,4,12.48888148367405,5.677124159410596,18.166019413620234,0.8004334886128364,0.3893181341509063,ok
17_InternetAds,KernelCF_lin_4,5,10.204180967062712,1.4178492035716772,11.622062470763922,0.7019128787878788,0.5644565549346997,ok
40_vowels,KernelCF_lin_4,4,9.389623265713453,0.7704797834157944,10.16012318059802,0.6412322274881517,0.11538690470306079,ok
17_InternetAds,KernelCF_lin_5,5,10.37271436303854,2.0816793590784073,12.45442034304142,0.7020075757575757,0.5644366954403285,ok
38_thyroid,DyCG,4,10.509521268308163,11.960004342719913,22.469551349058747,0.31804800724637683,0.137313424831554,ok
40_vowels,KernelCF_lin_5,4,11.678754413500428,1.5327528659254313,13.211521849036217,0.6007898894154818,0.1093617337989777,ok
17_InternetAds,UCF_2,5,0.00047252513468265533,4.525631319731474,4.526125947013497,0.7198484848484848,0.5771739000821409,ok
38_thyroid,KernelCF_rbf,4,16.897456035017967,4.60267642326653,21.500150728970766,0.8560429606625259,0.20812794361447676,ok
40_vowels,UCF_2,4,0.00023990869522094727,1.5355348531156778,1.5357870794832706,0.9218009478672986,0.5596735712730878,ok
17_InternetAds,UCF_3,5,0.0007522348314523697,2.587236912921071,2.5880252476781607,0.7144128787878788,0.5071890658310887,ok
32_shuttle,UCF_3,1,0.00023243017494678497,112.0983776729554,112.09862408041954,0.982067342453392,0.9241265452549509,ok
40_vowels,UCF_3,4,0.0001983996480703354,2.63177870772779,2.6319894455373287,0.9459715639810427,0.6198917603238507,ok
38_thyroid,KernelCF_lin_2,4,13.330781653523445,1.5150477848947048,14.845844738185406,0.552924430641822,0.16016983897583073,ok
17_InternetAds,UCF_4,5,0.00024323724210262299,3.1559475231915712,3.1562095023691654,0.7019128787878788,0.4792314824635397,ok
40_vowels,UCF_4,4,0.0002400185912847519,2.2446488328278065,2.244900159537792,0.9624012638230648,0.6786642418129695,ok
17_InternetAds,UCF_5,5,0.00023912638425827026,2.1668211333453655,2.1670781429857016,0.692348484848485,0.43244116702291846,ok
34_smtp,UCF_6,4,0.00028223730623722076,486.83563918061554,486.8359423093498,0.7698312581275647,0.27114895867314087,ok
38_thyroid,KernelCF_lin_3,4,27.065016409382224,2.4801517631858587,29.54518428631127,0.43986154244306414,0.17199112158104424,ok
40_vowels,UCF_5,4,0.0002409163862466812,1.9337974172085524,1.9340505935251713,0.9641390205371249,0.6396934935163557,ok
17_InternetAds,UCF_6,5,0.00032628513872623444,3.346234956756234,3.3465858548879623,0.6816287878787878,0.40659238939558867,ok
32_shuttle,UCF_4,1,0.00022725947201251984,102.84578515961766,102.84602687694132,0.979286733448221,0.863942265488297,ok
38_thyroid,KernelCF_lin_4,4,26.174087662249804,2.0698761362582445,28.243979565799236,0.40356495859213254,0.1784853215695899,ok
40_vowels,UCF_6,4,0.0002411678433418274,1.880007591098547,1.8802641443908215,0.9488151658767773,0.4754586677211513,ok
17_InternetAds,UCF_7,5,0.00022732838988304138,4.2877241261303425,4.28796792216599,0.5635606060606061,0.256099399540908,ok
40_vowels,UCF_7,4,0.0002422090619802475,2.5316983442753553,2.5319541823118925,0.9589257503949447,0.664560628211944,ok
17_InternetAds,UCF_8,5,0.00023807957768440247,3.3538460340350866,3.354102263227105,0.6640151515151516,0.3910882635795085,ok
38_thyroid,KernelCF_lin_5,4,23.932076765224338,1.8845276348292828,25.816623078659177,0.3899780020703934,0.183633276976558,ok
40_vowels,UCF_8,4,0.00025408901274204254,3.033219814300537,3.0334871523082256,0.8627172195892575,0.44614476837485195,ok
17_InternetAds,UCG,5,0.00023341737687587738,4.596179831773043,4.59644659049809,0.48984848484848487,0.2667929435497683,ok
33_skin,UCF_2,1,0.0001870580017566681,2059.789650587365,2059.789853276685,0.7591373298591383,0.36502309487681367,ok
40_vowels,UCG,4,0.00024437718093395233,4.127825327217579,4.128102675080299,0.6872037914691943,0.14548022598358376,ok
38_thyroid,UCF_2,4,0.00022906996309757233,2.923189112916589,2.9234299827367067,0.8916601966873706,0.21499509189165442,ok
37_Stamps,KNN,1,0.003292769193649292,0.0008292160928249359,0.004140643402934074,0.8829151732377538,0.40684531842426586,ok
38_thyroid,UCF_3,4,0.00020143017172813416,2.3826436568051577,2.382859004661441,0.9014298654244306,0.22085437004691671,ok
32_shuttle,UCF_5,1,0.00021574832499027252,128.79793945513666,128.79817564599216,0.9725820536914588,0.7785828769984398,ok
40_vowels,KNN,5,0.014668820425868034,0.005530424416065216,0.020222332328557968,0.9777251184834124,0.632013903601709,ok
38_thyroid,UCF_4,4,0.00022577866911888123,1.5147967971861362,1.5150348953902721,0.9138522256728778,0.23396214268145912,ok
37_Stamps,CBLOF,1,19.6051435302943,0.00082438625395298,19.60597764700651,0.7502986857825568,0.292671846685958,ok
40_vowels,CBLOF,5,7.494719531387091,0.04324949346482754,7.5379846803843975,0.953870458135861,0.45112922980409154,ok
7_Cardiotocography,DyCF_5,1,,,,,,ram_kill
37_Stamps,GMM,1,0.7206819448620081,0.0003498382866382599,0.721049603074789,0.8829151732377538,0.3366495561542001,ok
38_thyroid,UCF_5,4,0.0005724970251321793,3.20931495167315,3.2099022809416056,0.9199016563146999,0.24032521192131712,ok
40_vowels,GMM,5,0.8361124470829964,0.0004583578556776047,0.8365903254598379,0.933649289099526,0.477734646659118,ok
38_thyroid,UCF_6,4,0.00025428831577301025,4.434864267706871,4.435131875798106,0.893374741200828,0.23738246835931445,ok
37_Stamps,KDE,1,0.005375327542424202,0.0020407363772392273,0.0074301827698946,0.929510155316607,0.46375646865842945,ok
40_vowels,KDE,5,0.7534060310572386,0.17943094484508038,0.9328565876930952,0.9677725118483412,0.6248156861170499,ok
32_shuttle,UCF_6,1,0.000231180340051651,129.67551631107926,129.67576490342617,0.9778199805983677,0.8204919590111235,ok
38_thyroid,UCF_7,4,0.00022557005286216736,4.339463701471686,4.339701719582081,0.8248576604554867,0.22097260349939354,ok
37_Stamps,HBOS,1,19.174025727435946,0.00021368637681007385,19.17427341453731,0.937873357228196,0.5296055796055796,ok
38_thyroid,UCF_8,4,0.00022701919078826904,3.8115815464407206,3.811819553375244,0.9311594202898551,0.2526165818454229,ok
40_vowels,HBOS,5,28.056496780365705,0.04761279374361038,28.104146104305983,0.6287519747235387,0.04741973405048913,ok
37_Stamps,ECOD,1,2.567274557426572,0.0016827099025249481,2.568963387981057,0.8805256869772998,0.48555929667040776,ok
38_thyroid,UCG,4,0.0002494100481271744,8.402765920385718,8.403044011443853,0.8525168219461698,0.2554677823423835,ok
37_Stamps,OCSVM,1,0.0044080950319767,0.0008423943072557449,0.0052688755095005035,0.9056152927120669,0.4062178562178562,ok
34_smtp,UCF_7,4,0.00021677836775779724,458.90483990870416,458.9050712157041,0.7689240856246252,0.27113320515634,ok
40_vowels,ECOD,5,1.7390159014612436,0.004359452053904533,1.743387684226036,0.5472353870458135,0.04187345846166511,ok
38_thyroid,KNN,5,0.06342563591897488,0.043742287904024124,0.10720083303749561,0.957427536231884,0.26088805186503267,ok
37_Stamps,LODA,1,0.012275353074073792,0.0012305323034524918,0.013536855578422546,0.8936678614097968,0.39396761244306466,ok
40_vowels,OCSVM,5,0.09208841994404793,0.010557174682617188,0.10266328416764736,0.7736176935229069,0.1828933097689438,ok
32_shuttle,UCF_7,1,0.00026587769389152527,113.85731332935393,113.85759717971087,0.9735275551853262,0.7768097226787911,ok
9_census,UCF_6,1,0.0006004869937896729,4661.847676517442,4661.848323315382,0.6449686646153459,0.08007091710539123,ok
38_thyroid,CBLOF,5,9.554840655997396,0.06934433057904243,9.62420403584838,0.9004593685300207,0.18737559388141226,ok
37_Stamps,IForest,1,0.3259279225021601,0.007985249161720276,0.33392463251948357,0.9318996415770608,0.4627665544332211,ok
38_thyroid,GMM,5,1.4928348790854216,0.00036756694316864014,1.4932291582226753,0.9434847308488612,0.22163168318140453,ok
40_vowels,LODA,5,0.01740362122654915,0.046868499368429184,0.06430425308644772,0.5096366508688783,0.04204647964730879,ok
37_Stamps,PCA,1,0.002584056928753853,0.00024509988725185394,0.0028423815965652466,0.9342891278375149,0.4529267029267029,ok
38_thyroid,KDE,5,1.5402779560536146,0.717187974601984,2.2574844732880592,0.9637357660455486,0.2932598885914391,ok
40_vowels,IForest,5,0.33819592371582985,0.02261216938495636,0.360826812684536,0.6867298578199053,0.06325635733119488,ok
37_Stamps,DyCF_2,1,2.3820630721747875,1.8388930559158325,4.2209725975990295,0.8446833930704898,0.3361395315430883,ok
38_thyroid,HBOS,5,7.788003426045179,0.00047117844223976135,7.788504412397742,0.9740392080745341,0.6572802131765774,ok
40_vowels,PCA,5,0.0028632227331399918,0.00028186850249767303,0.0031559616327285767,0.6180094786729857,0.05798047602480767,ok
7_Cardiotocography,DyCG,1,,,,,,ram_kill
5_campaign,DyCF_3,1,,,,,,ram_kill
38_thyroid,ECOD,5,0.9675006233155727,0.004949958994984627,0.9724562428891659,0.9810106107660456,0.5413538466331311,ok
5_campaign,DyCF_4,1,,,,,,error
37_Stamps,DyCF_3,1,8.273285096511245,1.2362990006804466,9.509603559970856,0.8446833930704899,0.34272227409482314,ok
7_Cardiotocography,KernelCF_rbf,1,13.626263242214918,2.166355427354574,15.792646236717701,0.8035353535353535,0.5390953610800977,ok
40_vowels,DyCF_2,5,7.294986270368099,4.3615881856530905,11.656588844954967,0.9394944707740917,0.5764985017877804,ok
38_thyroid,OCSVM,5,1.117576364427805,0.3201240263879299,1.4377094116061926,0.9647062629399586,0.3183650704743028,ok
5_campaign,DyCF_5,1,,,,,,error
32_shuttle,UCF_8,1,0.00019455887377262115,127.3202323447913,127.32044108398259,0.9765613255657367,0.7639522224455532,ok
37_Stamps,DyCF_4,1,12.03867756947875,3.025795891880989,15.064489120617509,0.1600955794504181,0.06537701453299402,ok
38_thyroid,LODA,5,0.10423137247562408,0.0045191440731287,0.10877185501158237,0.894442287784679,0.14578048758407885,ok
7_Cardiotocography,KernelCF_lin_2,1,14.013676788657904,0.9789563547819853,14.992652613669634,0.6981818181818182,0.4408183677328117,ok
40_vowels,DyCF_3,5,13.265522556379437,3.0971266496926546,16.362671384587884,0.9047393364928911,0.6847826288959876,ok
5_campaign,DyCG,1,,,,,,error
38_thyroid,IForest,5,0.18856180272996426,0.01127517968416214,0.19984939135611057,0.9808812111801243,0.5167632697848145,ok
7_Cardiotocography,KernelCF_lin_3,1,11.099041340872645,0.8837399743497372,11.982797397300601,0.6291197691197692,0.39872607917449077,ok
38_thyroid,PCA,5,0.0025905445218086243,0.00032342784106731415,0.00292886421084404,0.9627976190476191,0.33287983964540335,ok
37_Stamps,DyCF_5,1,31.590410105884075,2.635057684034109,34.225487038493156,0.3799283154121864,0.1763822505314163,ok
40_vowels,DyCF_4,5,26.00863009877503,3.423938663676381,29.43258280493319,0.5101105845181675,0.3637357660701513,ok
7_Cardiotocography,KernelCF_lin_4,1,7.07596942782402,1.025165218859911,8.101147223263979,0.5811111111111111,0.3698276794583778,ok
38_thyroid,DyCF_2,5,4.931576075032353,3.2122713774442673,8.143865341320634,0.9532867494824017,0.2635034187038326,ok
37_Stamps,DyCG,1,16.130592243745923,10.872934309765697,27.00355651602149,0.45758661887694146,0.08207145252711237,ok
32_shuttle,UCG,1,0.00021793879568576813,103.16514903120697,103.16539352759719,0.19610931377644353,0.04343273929794923,ok
7_Cardiotocography,KernelCF_lin_5,1,12.56399392709136,1.8839946743100882,14.448003992438316,0.5481096681096681,0.34576576694723404,ok
38_thyroid,DyCF_3,5,5.7948976419866085,5.512136176228523,11.307048939168453,0.9585274327122153,0.2813254914151884,ok
37_Stamps,KernelCF_rbf,1,3.974122889339924,1.1499763913452625,5.124114481732249,0.9020310633213859,0.4049919119363564,ok
7_Cardiotocography,UCF_2,1,0.0002137497067451477,3.344786597415805,3.3450137972831726,0.5877633477633477,0.38438581130423133,ok
3_backdoor,OCSVM,2,5628.494399840012,1055.027806315571,6683.52224284783,0.9014284615502945,0.5515792037601479,ok
32_shuttle,KNN,2,10.395723639056087,4.728751052170992,15.124501010403037,0.6431740756641441,0.1788612786096106,ok
40_vowels,DyCF_5,5,72.47899184003472,4.841916039586067,77.32092420011759,0.7676145339652448,0.31647956943565464,ok
38_thyroid,DyCF_4,5,10.120713759213686,5.7749715857207775,15.89570588991046,0.9651915113871636,0.3308550057832249,ok
37_Stamps,KernelCF_lin_2,1,6.573077900335193,0.7796490769833326,7.352742547169328,0.9199522102747909,0.4028693528693529,ok
7_Cardiotocography,UCF_3,1,0.00043239817023277283,3.369939176365733,3.370392080396414,0.5829870129870129,0.3598284830629608,ok
32_shuttle,CBLOF,2,16.090011605992913,0.1333158016204834,16.22335247695446,0.6611445407721395,0.18573782980335374,ok
38_thyroid,DyCF_5,5,11.910844016820192,5.419823179021478,17.330682206898928,0.9374353002070395,0.3651174718579835,ok
37_Stamps,KernelCF_lin_3,1,6.818836707621813,0.4119642972946167,7.230814764276147,0.9163679808841099,0.3855040021706688,ok
3_backdoor,LODA,2,21.31462785229087,30.348412735387683,51.66313717328012,0.41165612933991724,0.0564702599818699,ok
7_Cardiotocography,UCF_4,1,0.0002704393118619919,1.5739687122404575,1.5742498245090246,0.5744733044733045,0.34454805794250754,ok
32_shuttle,GMM,2,2.249178819358349,0.054268063977360725,2.303457470610738,0.9849214835201041,0.8912397026152197,ok
34_smtp,UCF_8,4,0.00031785666942596436,463.3927702270448,463.393110755831,0.6622281402574346,0.19642674524339682,ok
38_thyroid,DyCG,5,9.220124272629619,10.787481499835849,20.00765016488731,0.14850219979296067,0.03164955656607057,ok
37_Stamps,KernelCF_lin_4,1,3.4599220287054777,0.5417574923485518,4.00169443897903,0.9103942652329748,0.37205907119700227,ok
40_vowels,DyCG,5,65.28206331655383,30.906758992001414,96.18884847685695,0.5078199052132701,0.03512973565020951,ok
10_cover,UCF_5,1,0.00040365755558013916,3681.3444190211594,3681.344843680039,0.9040220192360745,0.06588538469826806,ok
3_backdoor,IForest,2,10.776379149407148,0.24535640701651573,11.021763127297163,0.7295915824449675,0.04301603905195376,ok
7_Cardiotocography,UCF_5,1,0.0004443582147359848,3.023882057517767,3.024346984922886,0.5618759018759019,0.31616285549404916,ok
37_Stamps,KernelCF_lin_5,1,3.168101754039526,0.5867530312389135,3.7548721693456173,0.8888888888888887,0.3407372598162072,ok
38_thyroid,KernelCF_rbf,5,19.21442791260779,2.5456177350133657,21.760062482208014,0.8722826086956521,0.12136496271918597,ok
7_Cardiotocography,UCF_6,1,0.00022099167108535767,3.307257503271103,3.307491960003972,0.6167821067821069,0.36384777297600723,ok
40_vowels,KernelCF_rbf,5,12.44565205834806,2.3219753690063953,14.76764359138906,0.6665086887835703,0.0891472510342223,ok
37_Stamps,UCF_2,1,0.00020944885909557343,1.2468858789652586,1.247106159105897,0.9056152927120669,0.38491953666102274,ok
7_Cardiotocography,UCF_7,1,0.0002411976456642151,2.2916855234652758,2.2919396813958883,0.5667532467532467,0.322095117071008,ok
37_Stamps,UCF_3,1,0.00020505115389823914,1.6786591187119484,1.678874647244811,0.9056152927120669,0.3755040829753473,ok
38_thyroid,KernelCF_lin_2,5,24.431201454252005,1.607218887656927,26.03843685053289,0.5863418737060042,0.0728371007066952,ok
7_Cardiotocography,UCF_8,1,0.0002532154321670532,2.575271939858794,2.575539531186223,0.5750793650793651,0.3309162941655066,ok
40_vowels,KernelCF_lin_2,5,12.1105298101902,1.498257853090763,13.608802791684866,0.6772511848341233,0.09146110975369988,ok
37_Stamps,UCF_4,1,0.00020773708820343018,1.446870133280754,1.4470892921090126,0.9091995221027479,0.3797919471832515,ok
7_Cardiotocography,UCG,1,0.0002382081001996994,4.754457741975784,4.754726339131594,0.41922077922077916,0.20143318574888597,ok
40_vowels,KernelCF_lin_3,5,7.105728283524513,0.6812294758856297,7.786975732073188,0.6377567140600315,0.07277273532033116,ok
3_backdoor,PCA,2,,,,,,error
38_thyroid,KernelCF_lin_3,5,13.679127991199493,0.5204276200383902,14.199575640261173,0.4534808488612837,0.06513617205790445,ok
37_Stamps,UCF_5,1,0.0002127084881067276,1.2289307862520218,1.2291534934192896,0.9044205495818398,0.3986279802069276,ok
1_ALOI,KernelCF_rbf,2,1028.427304983139,4662.792859217152,5691.2202014084905,0.5115861399309798,0.03482503293912361,ok
7_Cardiotocography,KNN,2,3.591793490573764,3.4744394812732935,7.066264741122723,0.48492063492063486,0.2976587722106976,ok
38_thyroid,KernelCF_lin_4,5,15.391775663942099,1.393475642427802,16.78527440689504,0.395315734989648,0.07165298250484628,ok
40_vowels,KernelCF_lin_4,5,11.84111201390624,0.9766023401170969,12.817730948328972,0.5883096366508689,0.05884435345986444,ok
37_Stamps,UCF_6,1,0.00024173036217689514,1.8238790445029736,1.8241325728595257,0.8888888888888888,0.37633151162562933,ok
7_Cardiotocography,CBLOF,2,12.444844599813223,0.10743678361177444,12.552294386550784,0.5376046176046176,0.2998421030241253,ok
37_Stamps,UCF_7,1,0.00021687708795070648,1.5979176852852106,1.5981489904224873,0.884109916367981,0.3981375378434202,ok
38_thyroid,KernelCF_lin_5,5,20.740238808095455,1.6967819854617119,22.437037110328674,0.3670742753623189,0.07162161026404926,ok
40_vowels,KernelCF_lin_5,5,13.277579195797443,1.9300290383398533,15.207626104354858,0.540126382306477,0.05229767287585609,ok
7_Cardiotocography,GMM,2,1.3157377559691668,0.0004000365734100342,1.3161556422710419,0.589047619047619,0.33389125619739135,ok
37_Stamps,UCF_8,1,0.00021735019981861115,1.0096650440245867,1.0098936632275581,0.8649940262843488,0.3384474829596781,ok
38_thyroid,UCF_2,5,0.00021317973732948303,1.9004753232002258,1.9007020629942417,0.9192870082815735,0.18656572081393458,ok
40_vowels,UCF_2,5,0.00024353712797164917,2.756659809499979,2.7569189481437206,0.9846761453396524,0.6928082330275313,ok
7_Cardiotocography,KDE,2,0.7041662465780973,0.2922811955213547,0.9964720830321312,0.49411255411255406,0.2604993234435022,ok
34_smtp,UCG,4,0.0002143271267414093,311.34988277219236,311.3501291498542,0.6141830385996061,0.22275291531282002,ok
40_vowels,UCF_3,5,0.00025749020278453827,1.7270813472568989,1.72735676728189,0.9870458135860979,0.7197744490726947,ok
38_thyroid,UCF_3,5,0.00020675919950008392,4.374635653570294,4.374854650348425,0.9277950310559007,0.17727268037250113,ok
37_Stamps,UCG,1,0.0001913793385028839,3.005080558359623,3.0052962861955166,0.6188769414575865,0.2459616550771054,ok
7_Cardiotocography,HBOS,2,11.436657747253776,0.0006521660834550858,11.437334349378943,0.6123448773448774,0.3599278930839107,ok
37_Stamps,KNN,2,0.006308620795607567,0.0010644160211086273,0.0074057746678590775,0.8363201911589009,0.24914589662840536,ok
34_smtp,KNN,5,0.9770056400448084,0.3544642422348261,1.3314973525702953,0.995518645704363,0.4245134535981344,ok
40_vowels,UCF_4,5,0.00027487054467201233,2.132173854857683,2.132463116198778,0.9906793048973144,0.794782227032227,ok
38_thyroid,UCF_4,5,0.00046317651867866516,2.06104888767004,2.0615355651825666,0.936044254658385,0.19427033115605788,ok
7_Cardiotocography,ECOD,2,0.5959042347967625,0.015201335772871971,0.6111164595931768,0.7846608946608946,0.49607916424721665,ok
40_vowels,UCF_5,5,0.00021685846149921417,2.854343457147479,2.85457256808877,0.986571879936809,0.7633598545703808,ok
37_Stamps,CBLOF,2,4.177122646942735,0.0006805490702390671,4.177819341421127,0.6057347670250897,0.1392472691346096,ok
38_thyroid,UCF_5,5,0.0003825575113296509,3.2516906447708607,3.2520929221063852,0.9385351966873706,0.20272546292229832,ok
34_smtp,CBLOF,5,23.38660542666912,0.13433127850294113,23.52095459215343,0.9986450814119185,0.6885355235164212,ok
5_campaign,KernelCF_rbf,1,607.1708753854036,41.41106406599283,648.5819649193436,0.6804387392487068,0.2654032221217546,ok
7_Cardiotocography,OCSVM,2,0.6848410721868277,0.5835579689592123,1.268420284613967,0.6980952380952381,0.3905347457908831,ok
37_Stamps,GMM,2,0.9110471326857805,0.00025934912264347076,0.9113242011517286,0.7956989247311829,0.19982505547021676,ok
40_vowels,UCF_6,5,0.00019706785678863525,3.1514354050159454,3.151642855256796,0.9799368088467614,0.671145969826142,ok
34_smtp,GMM,5,1.3680441863834858,0.00234321691095829,1.3704113233834505,0.9901651599037541,0.5675234571875916,ok
38_thyroid,UCF_6,5,0.0002861805260181427,3.719550494104624,3.7198499105870724,0.9135287267080745,0.19430290694382593,ok
7_Cardiotocography,LODA,2,0.030199961736798286,0.0037003569304943085,0.03393344022333622,0.7731457431457431,0.4132967485716853,ok
37_Stamps,KDE,2,0.005351485684514046,0.0021546781063079834,0.007526172325015068,0.8542413381123057,0.2819681191058002,ok
38_thyroid,UCF_7,5,0.0002419203519821167,3.296343496069312,3.2965989373624325,0.9459433229813664,0.24908314229751627,ok
40_vowels,UCF_7,5,0.0002585798501968384,3.4101608395576477,3.410432720556855,0.9854660347551343,0.7762779232659203,ok
7_Cardiotocography,IForest,2,0.14136906154453754,0.011238601058721542,0.15262526273727417,0.7033477633477634,0.4265086835907797,ok
37_Stamps,HBOS,2,18.34035980887711,0.000295199453830719,18.340679917484522,0.918757467144564,0.39720854613327733,ok
40_vowels,UCF_8,5,0.00025815702974796295,3.6595362555235624,3.6598091516643763,0.9688783570300158,0.6185893664234265,ok
38_thyroid,UCF_8,5,0.00027683936059474945,4.563941802829504,4.564230551943183,0.9428377329192547,0.20889967900583056,ok
7_Cardiotocography,PCA,2,0.002819811925292015,0.00043448805809020996,0.0032680798321962357,0.7613419913419913,0.4527937874363922,ok
37_Stamps,ECOD,2,3.944950792938471,0.001529121771454811,3.9464933052659035,0.8040621266427718,0.23404718486778475,ok
40_vowels,UCG,5,0.00036430731415748596,4.975332135334611,4.975743502378464,0.7868878357030016,0.26884578370277634,ok
38_thyroid,UCG,5,0.00023973733186721802,6.368234638124704,6.36850499548018,0.9093879399585922,0.24629209932973883,ok
37_Stamps,OCSVM,2,0.0041849035769701,0.000800054520368576,0.005002899095416069,0.8387096774193549,0.23996522361217704,ok
7_Cardiotocography,DyCF_2,2,,,,,,error
37_Stamps,LODA,2,0.023918962106108665,0.0012454912066459656,0.02519098110496998,0.8876941457586618,0.31532117120352415,ok
7_Cardiotocography,DyCF_3,2,,,,,,error
37_Stamps,IForest,2,0.283672908321023,0.019818076863884926,0.3035054858773947,0.8685782556750298,0.2721984535956807,ok
13_fraud,UCF_7,1,0.0002551991492509842,4200.69455656223,4200.694834571332,0.8661001642946657,0.20579592754623136,ok
37_Stamps,PCA,2,0.0019284207373857498,0.00024309754371643066,0.0021817367523908615,0.8745519713261648,0.28496817615810754,ok
37_Stamps,DyCF_2,2,1.569691315293312,2.030896073207259,3.6006063669919968,0.8100358422939068,0.2406639399694955,ok
7_Cardiotocography,DyCF_4,2,,,,,,error
37_Stamps,DyCF_3,2,8.995489282533526,1.3071100618690252,10.302613377571106,0.7729988052568697,0.2177750834358386,ok
37_Stamps,DyCF_4,2,9.767955487594008,2.737080380320549,12.50505287013948,0.43847072879330945,0.1176368835243624,ok
32_shuttle,KDE,2,589.5071195531636,312.59769594855607,902.1048423759639,0.9861257706545417,0.7508879757184145,ok
37_Stamps,DyCF_5,2,20.23703334853053,2.962973168119788,23.200025806203485,0.43608124253285546,0.13495408130296566,ok
32_shuttle,HBOS,2,12.61263982206583,0.00361056812107563,12.61630786024034,0.9881884873232878,0.9687961476833657,ok
37_Stamps,DyCG,2,28.737035820260644,8.1822799872607,36.91934998519719,0.5961768219832736,0.10747304266291607,ok
32_shuttle,ECOD,2,3.1768351774662733,0.13328422233462334,3.3101321570575237,0.9941324331175908,0.9177300530829162,ok
8_celeba,KDE,2,,,,,,timeout
37_Stamps,KernelCF_rbf,2,3.4604611452668905,0.8456296715885401,4.306107496842742,0.8685782556750299,0.29321520978622845,ok
8_celeba,HBOS,2,5.092606067657471,0.10940496064722538,5.2020590752363205,0.7551181697357703,0.09039959264913928,ok
37_Stamps,KernelCF_lin_2,2,4.2953928131610155,0.37367725372314453,4.669085601344705,0.8864994026284349,0.3236180540102109,ok
5_campaign,KernelCF_lin_2,1,644.3339125905186,29.788107581436634,674.1220457404852,0.6758401863819573,0.2604364397578285,ok
37_Stamps,KernelCF_lin_3,2,5.324826247990131,0.8019164204597473,6.126776117831469,0.8888888888888888,0.331424160061931,ok
8_celeba,ECOD,2,5.899303572252393,14.712659476324916,20.611981177702546,0.7638840752829001,0.09610644513246869,ok
37_Stamps,KernelCF_lin_4,2,3.58154134452343,0.421465128660202,4.003024272620678,0.8626045400238948,0.294026005463914,ok
37_Stamps,KernelCF_lin_5,2,4.713030427694321,0.7276740819215775,5.4407202154397964,0.8267622461170849,0.2558288260060761,ok
33_skin,UCF_3,1,0.0005027260631322861,2056.4606948569417,2056.4612266030163,0.8449749540763047,0.4184504385889041,ok
37_Stamps,UCF_2,2,0.0002430099993944168,1.5071118418127298,1.5073669198900461,0.8315412186379928,0.23160053805215097,ok
32_shuttle,OCSVM,2,211.5355721246451,36.472393333911896,248.00798433087766,0.9925628464781788,0.9248188035845505,ok
37_Stamps,UCF_3,2,0.00024641864001750946,1.1368348728865385,1.1370957158505917,0.8231780167264039,0.22365734520906935,ok
32_shuttle,LODA,2,1.2098776008933783,0.22138726152479649,1.431334463879466,0.6020905185926755,0.43271914307720444,ok
37_Stamps,UCF_4,2,0.00022697821259498596,1.6299708001315594,1.6302096489816904,0.8303464755077659,0.22888710974968285,ok
32_shuttle,IForest,2,2.9181786999106407,1.2170768845826387,4.1352782640606165,0.9974109631929329,0.9848543400966604,ok
37_Stamps,UCF_5,2,0.00026310794055461884,0.8596600014716387,0.8599360305815935,0.8363201911589009,0.24489604221135708,ok
32_shuttle,PCA,2,0.030324582010507584,0.02163393422961235,0.05198078788816929,0.9911605990911881,0.9318083149615409,ok
37_Stamps,UCF_6,2,0.00021227821707725525,1.7449955753982067,1.7452190574258566,0.8172043010752689,0.22762972245428387,ok
37_Stamps,UCF_7,2,0.00023723021149635315,0.7623410355299711,0.7625886555761099,0.7574671445639187,0.18034851357219778,ok
37_Stamps,UCF_8,2,0.0002391580492258072,0.90983060374856,0.9100812990218401,0.7897252090800477,0.22076719576719578,ok
32_shuttle,DyCF_2,2,31.541293185204268,14.51575074531138,46.057073870673776,0.9592328946475811,0.6669652718431363,ok
37_Stamps,UCG,2,0.0002267584204673767,3.5082844384014606,3.5085390266031027,0.6224611708482677,0.1840267397844852,ok
37_Stamps,KNN,3,0.0025985445827245712,0.0008381921797990799,0.0034609194844961166,0.8339307048984468,0.25099910634954437,ok
32_shuttle,DyCF_3,2,34.71234022453427,14.799873314797878,49.512240778654814,0.9553787453180596,0.5752312667445438,ok
37_Stamps,CBLOF,3,10.09676094353199,0.0007790941745042801,10.097552835941315,0.7562724014336917,0.19227928625091747,ok
32_shuttle,DyCF_4,2,43.86099181510508,21.960573872551322,65.8215901479125,0.9397346777132792,0.5199054299517131,ok
37_Stamps,GMM,3,0.5253568924963474,0.00038806721568107605,0.5257610082626343,0.8387096774193549,0.23733722979634575,ok
37_Stamps,KDE,3,0.005091128870844841,0.0020405687391757965,0.0071507953107357025,0.8661887694145758,0.2680480332730523,ok
37_Stamps,HBOS,3,19.32119998522103,0.00021494925022125244,19.321443406865,0.9283154121863799,0.40010354569178097,ok
32_shuttle,DyCF_5,2,68.15533822774887,20.858456613495946,89.01381334662437,0.6555661722243088,0.2483635853058041,ok
5_campaign,KernelCF_lin_3,1,686.0192489828914,42.83792877756059,728.8571978993714,0.6734934430869381,0.2461217926064225,ok
37_Stamps,ECOD,3,1.0725755970925093,0.0014915522187948227,1.0740741770714521,0.8673835125448028,0.2999236058059588,ok
37_Stamps,OCSVM,3,0.004287777468562126,0.0008477959781885147,0.00516180694103241,0.8602150537634408,0.26144977829188354,ok
37_Stamps,LODA,3,0.027361972257494926,0.001439172774553299,0.02883533202111721,0.8876941457586618,0.38345933526846165,ok
37_Stamps,IForest,3,0.39005468413233757,0.00812206044793129,0.39819344505667686,0.9068100358422939,0.3500626566416041,ok
32_shuttle,DyCG,2,68.32712580449879,20.790764996781945,89.11793027818203,0.49477113440945664,0.06558072850296968,ok
37_Stamps,PCA,3,0.001971988007426262,0.00023975782096385956,0.002223355695605278,0.8960573476702509,0.3219568844181847,ok
37_Stamps,DyCF_2,3,2.981148436665535,2.0222177766263485,5.00338221155107,0.8195937873357229,0.22114695640839432,ok
37_Stamps,DyCF_3,3,11.08751029893756,2.7203482426702976,13.807875711470842,0.8172043010752689,0.21839899312551533,ok
37_Stamps,DyCF_4,3,8.713784359395504,3.7965782154351473,12.510376337915659,0.20430107526881722,0.0910535186209345,ok
37_Stamps,DyCF_5,3,17.19416288100183,2.984549328684807,20.178727079182863,0.5639187574671446,0.22676933916004005,ok
37_Stamps,DyCG,3,24.82205545529723,11.403150457888842,36.22524060122669,0.5089605734767024,0.08959586467042463,ok
37_Stamps,KernelCF_rbf,3,5.011735754087567,0.9658065307885408,5.977562146261334,0.9044205495818399,0.3387928066849636,ok
37_Stamps,KernelCF_lin_2,3,4.282309098169208,0.5545963123440742,4.836923401802778,0.9008363201911589,0.3336142700845218,ok
37_Stamps,KernelCF_lin_3,3,3.2462664283812046,0.36173740215599537,3.608021792024374,0.8805256869772998,0.3086697664475443,ok
37_Stamps,KernelCF_lin_4,3,7.046716287732124,0.9107911065220833,7.957523845136166,0.8649940262843488,0.28878013294138566,ok
37_Stamps,KernelCF_lin_5,3,4.476376015692949,0.9620138946920633,5.4384062848985195,0.8183990442054958,0.24608330477895696,ok
37_Stamps,UCF_2,3,0.00021778792142868042,1.9012689981609583,1.9014990776777267,0.8793309438470728,0.288511177417827,ok
32_shuttle,KernelCF_rbf,2,,,,,,ram_kill
7_Cardiotocography,DyCF_5,2,,,,,,ram_kill
37_Stamps,UCF_3,3,0.000358017161488533,0.7476412951946259,0.7480109427124262,0.8661887694145759,0.27099741145793776,ok
37_Stamps,UCF_4,3,0.00020617619156837463,1.4683715272694826,1.468588599935174,0.8327359617682198,0.23679704802661974,ok
5_campaign,KernelCF_lin_4,1,829.5050349123776,30.08204128406942,859.5871093478054,0.6645496904990277,0.22174685867845112,ok
37_Stamps,UCF_5,3,0.0002477280795574188,1.4969276804476976,1.497191647067666,0.7992831541218638,0.21389211044383458,ok
37_Stamps,UCF_6,3,0.00021230988204479218,2.2729982808232307,2.2732228003442287,0.7550776583034646,0.18845963742515467,ok
37_Stamps,UCF_7,3,0.00021834112703800201,0.5913977809250355,0.591627512127161,0.7909199522102748,0.2164606402648672,ok
37_Stamps,UCF_8,3,0.00026373565196990967,1.0839982517063618,1.0842755287885666,0.7526881720430108,0.1877705763812159,ok
37_Stamps,UCG,3,0.00027763843536376953,2.57701475918293,2.5773292556405067,0.5089605734767024,0.11513528384332,ok
37_Stamps,KNN,4,0.0026597343385219574,0.0007849261164665222,0.0034693293273448944,0.8578255675029869,0.3157166864143608,ok
37_Stamps,CBLOF,4,5.2972889225929976,0.0010746344923973083,5.298376025632024,0.7526881720430108,0.23246084948040988,ok
37_Stamps,GMM,4,0.5940206963568926,0.0004444364458322525,0.5944806840270758,0.8637992831541219,0.3176649193140947,ok
37_Stamps,KDE,4,0.005098408088088036,0.0021864566951990128,0.007299352437257767,0.903225806451613,0.34475359372384545,ok
37_Stamps,HBOS,4,22.248145619407296,0.00021523982286453247,22.248389568179846,0.948626045400239,0.5441621731095416,ok
37_Stamps,ECOD,4,2.3036024030297995,0.002055507153272629,2.305676033720374,0.8888888888888888,0.36800898026704476,ok
37_Stamps,OCSVM,4,0.004448775202035904,0.0008621141314506531,0.005331508815288544,0.8637992831541219,0.3137643637643638,ok
37_Stamps,LODA,4,0.024215422570705414,0.0013075321912765503,0.02555251494050026,0.921146953405018,0.45405274550011393,ok
37_Stamps,IForest,4,1.333900986239314,0.10763879120349884,1.441553220152855,0.942652329749104,0.5647730437204121,ok
37_Stamps,PCA,4,0.003666788339614868,0.0003135167062282562,0.004016704857349396,0.9235364396654719,0.4278904827924437,ok
37_Stamps,DyCF_2,4,2.095757644623518,1.1179520525038242,3.213733598589897,0.8781362007168458,0.3182079595123074,ok
37_Stamps,DyCF_3,4,8.940896658226848,1.5653532184660435,10.506267746910453,0.8578255675029869,0.3468984718984719,ok
5_campaign,KernelCF_lin_5,1,842.886805286631,97.44222688116133,940.3290528133512,0.6474405239240845,0.19570283362921662,ok
37_Stamps,DyCF_4,4,11.497212482616305,4.296929372474551,15.79415718279779,0.7741935483870969,0.5021204989851855,ok
37_Stamps,DyCF_5,4,17.110678922384977,2.857323193922639,19.968017114326358,0.45758661887694146,0.2520022989171167,ok
33_skin,UCF_4,1,0.000267859548330307,2548.3066706638783,2548.306961968541,0.8259258912400722,0.38679629035893504,ok
5_campaign,UCF_2,1,0.00025752000510692596,80.48981112986803,80.49009779654443,0.6856888558684634,0.22833575841401577,ok
37_Stamps,DyCG,4,25.22220908291638,9.622710097581148,34.84495332464576,0.5232974910394266,0.09252197661232162,ok
37_Stamps,KernelCF_rbf,4,6.351022515445948,0.5661185514181852,6.917155459523201,0.9366786140979689,0.4899300318417965,ok
5_campaign,UCF_3,1,0.00022285804152488708,73.55793066136539,73.55816967785358,0.6962559816762844,0.2323989410100871,ok
37_Stamps,KernelCF_lin_2,4,7.130062688142061,0.43403203040361404,7.5641103181988,0.942652329749104,0.49494949494949503,ok
37_Stamps,KernelCF_lin_3,4,5.1671384666115046,0.6992892455309629,5.86644459143281,0.9342891278375149,0.46697701259104774,ok
37_Stamps,KernelCF_lin_4,4,3.9246164802461863,0.5919525623321533,4.516591692343354,0.9175627240143369,0.44244542494542494,ok
5_campaign,UCF_4,1,0.0002474486827850342,81.51597145199776,81.51623639464378,0.6966387303384332,0.23165703781308705,ok
37_Stamps,KernelCF_lin_5,4,6.609624106436968,0.7687888368964195,7.378431702032685,0.8984468339307048,0.3967168309273572,ok
37_Stamps,UCF_2,4,0.0004073791205883026,1.625585751608014,1.6260066479444504,0.9199522102747909,0.4070498744411788,ok
16_http,UCF_2,1,,,,,,timeout
10_cover,UCF_6,1,0.00031354092061519623,4191.052545012906,4191.052879918367,0.9055901321590533,0.06546436754899242,ok
37_Stamps,UCF_3,4,0.0002350974828004837,1.4043188598006964,1.404567888006568,0.9175627240143369,0.39749399821863596,ok
5_campaign,UCF_5,1,0.00021118856966495514,83.84831456467509,83.8485418818891,0.6928582847199292,0.22896705228554004,ok
37_Stamps,UCF_4,4,0.00021911971271038055,1.7955047078430653,1.7957370281219482,0.9056152927120669,0.35344797178130516,ok
34_smtp,KDE,5,2542.151716310531,1301.5442894417793,3843.69604120031,0.9943506124387755,0.579252884835409,ok
37_Stamps,UCF_5,4,0.00020816922187805176,1.6183018032461405,1.6185224037617445,0.8924731182795699,0.3296007216308095,ok
34_smtp,HBOS,5,10.856466894969344,0.002765931189060211,10.859272928908467,0.9626638166654986,0.006437113662008762,ok
37_Stamps,UCF_6,4,0.00031306780874729156,0.9604386668652296,0.960770582780242,0.8733572281959379,0.29801644194117316,ok
5_campaign,UCF_6,1,0.00038998760282993317,88.80210561491549,88.80252811312675,0.6864548118097813,0.22598936391949598,ok
34_smtp,ECOD,5,2.2495961114764214,0.42841856367886066,2.6780224833637476,0.9724499887090118,0.7234097210496306,ok
37_Stamps,UCF_7,4,0.0003016386181116104,1.3624774552881718,1.362793654203415,0.7311827956989246,0.19597315357119277,ok
37_Stamps,UCF_8,4,0.00022815726697444916,1.9378818701952696,1.938126116991043,0.8458781362007168,0.27661868995202327,ok
11_donors,OCSVM,1,,,,,,timeout
37_Stamps,UCG,4,0.00032200850546360016,2.22322497330606,2.223588440567255,0.45878136200716846,0.11147377739628744,ok
37_Stamps,KNN,5,0.0023321155458688736,0.0007628574967384338,0.0031173694878816605,0.8410991636798089,0.2350882604405959,ok
5_campaign,UCF_7,1,0.0002994667738676071,88.67044313065708,88.67076311074197,0.6774129151794371,0.22469272786391936,ok
11_donors,LODA,1,36.775114173069596,21.039863163605332,57.815049508586526,0.22424094152632154,0.036790400192067675,ok
37_Stamps,CBLOF,5,11.88732567988336,0.0007736273109912872,11.888113934546709,0.6487455197132617,0.12346842095173521,ok
37_Stamps,GMM,5,0.3715453129261732,0.00032374076545238495,0.37188038043677807,0.817204301075269,0.21218786220850205,ok
11_donors,IForest,1,14.568155525252223,3.5372687447816133,18.105448737740517,0.7661514145561109,0.116838376375707,ok
7_Cardiotocography,DyCG,2,,,,,,ram_kill
37_Stamps,KDE,5,0.005369268357753754,0.0021360665559768677,0.007529145106673241,0.8602150537634409,0.2594796853568783,ok
11_donors,PCA,1,0.5936109498143196,0.07415597140789032,0.6677899546921253,0.8230607698307202,0.16520413800810127,ok
5_campaign,UCF_8,1,0.00025276653468608856,88.36484182812274,88.36511354893446,0.6455731009324339,0.20362196489946657,ok
7_Cardiotocography,KernelCF_rbf,2,14.710577506572008,2.24131210334599,16.951908012852073,0.7907359307359307,0.5194445994643836,ok
37_Stamps,HBOS,5,20.841090716421604,0.00019080936908721924,20.841303354129195,0.9151732377538829,0.37026353276353274,ok
7_Cardiotocography,KernelCF_lin_2,2,13.138295793905854,1.276564534753561,14.414874220266938,0.6675757575757576,0.42592755219615497,ok
37_Stamps,ECOD,5,1.6965445838868618,0.001672869548201561,1.6982252411544323,0.8769414575866189,0.316027491027491,ok
7_Cardiotocography,KernelCF_lin_3,2,3.010539771988988,1.3921177443116903,4.40267433039844,0.5847474747474748,0.37615309237642147,ok
37_Stamps,OCSVM,5,0.003780793398618698,0.0007363855838775635,0.004525510594248772,0.8614097968936678,0.2617437827384389,ok
5_campaign,UCG,1,0.00022251904010772705,63.28096543997526,63.28121852688491,0.6444926647483372,0.20402305501771167,ok
9_census,UCF_7,1,0.00024847686290740967,5098.670220315456,5098.6704917140305,0.634328992695367,0.0788997065076083,ok
7_Cardiotocography,KernelCF_lin_4,2,7.822798598557711,0.6143796294927597,8.437196657061577,0.5284992784992785,0.33996797075072593,ok
37_Stamps,LODA,5,0.03087512217462063,0.0011394452303647995,0.032035764306783676,0.8721624850657109,0.2765015284516563,ok
37_Stamps,IForest,5,0.27874315716326237,0.0070827677845954895,0.2858333643525839,0.9175627240143369,0.36624178290844955,ok
7_Cardiotocography,KernelCF_lin_5,2,16.741360193118453,1.5512749124318361,18.292649757117033,0.48620490620490625,0.31006704657353384,ok
5_campaign,KNN,2,4.333063015714288,25.18623105995357,29.51932231336832,0.7413552001928811,0.27327691869518633,ok
37_Stamps,PCA,5,0.0016598515212535858,0.00021767988801002502,0.0018855873495340347,0.888888888888889,0.30221965761181446,ok
7_Cardiotocography,UCF_2,2,0.00016793794929981232,3.1280957236886024,3.128275630995631,0.5404473304473305,0.3449076475016277,ok
5_campaign,CBLOF,2,11.644936960190535,0.05240410380065441,11.697363184764981,0.7385789292996001,0.2823560357178891,ok
7_Cardiotocography,UCF_3,2,0.0002276599407196045,2.8907197527587414,2.890957912430167,0.5392063492063491,0.3280860960322337,ok
37_Stamps,DyCF_2,5,2.096882512792945,0.9060611948370934,3.002957846969366,0.7741935483870968,0.18020066104952656,ok
5_campaign,GMM,2,7.698975495994091,0.142195712774992,7.8412080481648445,0.7650085695866157,0.30666616527344026,ok
7_Cardiotocography,UCF_4,2,0.00017874687910079956,3.3936403188854456,3.3938295505940914,0.5316594516594516,0.31566563750332577,ok
37_Stamps,DyCF_3,5,6.158360505476594,2.172006405889988,8.330381099134684,0.7622461170848267,0.17125763125763127,ok
7_Cardiotocography,UCF_5,2,0.00022350065410137177,2.9077744241803885,2.908009199425578,0.5202164502164501,0.29489705761171625,ok
37_Stamps,DyCF_4,5,9.44665869884193,3.26984946988523,12.716521199792624,0.5734767025089607,0.24393693388628546,ok
7_Cardiotocography,UCF_6,2,0.00030390918254852295,2.9519097916781902,2.952230527997017,0.5812265512265511,0.319664422070735,ok
7_Cardiotocography,UCF_7,2,0.0002292376011610031,4.979502828791738,4.979745706543326,0.5167388167388167,0.28729504475683865,ok
11_donors,DyCF_2,1,,,,,,error
37_Stamps,DyCF_5,5,34.28719335049391,4.037863006815314,38.3250730317086,0.4480286738351254,0.1594045774434747,ok
7_Cardiotocography,UCF_8,2,0.0004476085305213928,3.486780274659395,3.48724877089262,0.5410245310245311,0.2728481697717496,ok
7_Cardiotocography,UCG,2,0.0004136655479669571,7.272367523983121,7.272843999788165,0.3852669552669553,0.19364033714415643,ok
37_Stamps,DyCG,5,39.79994708672166,12.098077338188887,51.89805352315307,0.6152927120669056,0.11209876543209876,ok
7_Cardiotocography,KNN,3,3.3043175637722015,2.851511748507619,6.155849721282721,0.5176623376623377,0.3710651551432904,ok
37_Stamps,KernelCF_rbf,5,7.3157809637486935,0.9384595043957233,8.254266599193215,0.9342891278375149,0.4208769682711891,ok
7_Cardiotocography,CBLOF,3,15.115293005481362,0.08609537594020367,15.201406372711062,0.5993362193362193,0.44141442014419735,ok
37_Stamps,KernelCF_lin_2,5,7.194591999053955,0.6599468495696783,7.854559898376465,0.9342891278375149,0.4281465448132115,ok
7_Cardiotocography,GMM,3,3.6785395946353674,0.0005527585744857788,3.679116891697049,0.6118614718614719,0.41863691875433046,ok
37_Stamps,KernelCF_lin_3,5,7.320889867842197,0.7174580562859774,8.03837026283145,0.9259259259259258,0.417259900593234,ok
7_Cardiotocography,KDE,3,0.8605771213769913,0.2171438578516245,1.0777431409806013,0.5165800865800865,0.3190240722256445,ok
37_Stamps,KernelCF_lin_4,5,7.001897756010294,0.9474542196840048,7.949375985190272,0.9068100358422939,0.38178049828834976,ok
7_Cardiotocography,HBOS,3,13.280133811756968,0.0005739759653806686,13.280773892998695,0.6080086580086581,0.4118184588682601,ok
37_Stamps,KernelCF_lin_5,5,5.492621377110481,0.5131470039486885,6.005802949890494,0.8829151732377539,0.3315351601729311,ok
7_Cardiotocography,ECOD,3,3.1454964485019445,0.29292009584605694,3.4384270440787077,0.7746464646464647,0.516968470120206,ok
37_Stamps,UCF_2,5,0.0002097785472869873,1.6843788400292397,1.6846025213599205,0.8781362007168458,0.2883603996647475,ok
34_smtp,OCSVM,5,740.3267271481454,98.83628723211586,839.1630326807499,0.994646514199391,0.5792914679810726,ok
7_Cardiotocography,OCSVM,3,0.17144495993852615,0.05289585702121258,0.22435262612998486,0.6959595959595959,0.4656642358546309,ok
37_Stamps,UCF_3,5,0.0007517430931329727,1.207117535173893,1.2079078443348408,0.8721624850657109,0.27312787067689026,ok
34_smtp,LODA,5,0.4485079161822796,0.103821637108922,0.5523547995835543,0.9060998590573193,0.35655539372991524,ok
7_Cardiotocography,LODA,3,0.03492762893438339,0.00348098948597908,0.038439126685261726,0.6623953823953824,0.47639224634400484,ok
37_Stamps,UCF_4,5,0.000316007062792778,2.044317541643977,2.044650001451373,0.849462365591398,0.24835052735115987,ok
11_donors,DyCF_3,1,,,,,,error
34_smtp,IForest,5,1.5736207701265812,0.2129638586193323,1.786605628207326,0.9725959928672102,0.008000228009456527,ok
7_Cardiotocography,IForest,3,0.17644533701241016,0.010229535400867462,0.1866899225860834,0.6986724386724388,0.4558563719597506,ok
37_Stamps,UCF_5,5,0.00038740597665309906,1.817434610798955,1.81784038990736,0.8195937873357229,0.22334359663370593,ok
34_smtp,PCA,5,0.08330570347607136,0.07392975687980652,0.15726260654628277,0.9372259988631143,0.6758556739903264,ok
7_Cardiotocography,PCA,3,0.003984486684203148,0.0004802364856004715,0.004491511732339859,0.7548051948051947,0.5187567360451595,ok
37_Stamps,UCF_6,5,0.00024542026221752167,1.671772925183177,1.6720314919948578,0.7921146953405018,0.20493006919135962,ok
7_Cardiotocography,DyCF_2,3,,,,,,error
34_smtp,DyCF_2,5,20.416436780244112,12.290396209806204,32.706861689686775,0.9942688501101845,0.6863490806294608,ok
37_Stamps,UCF_7,5,0.00034896843135356903,1.3581068385392427,1.3584744948893785,0.8124253285543608,0.2216370049703383,ok
13_fraud,UCF_8,1,0.00027428753674030304,4727.56497053057,4727.565273270011,0.9248075439294151,0.25773737436117916,ok
37_Stamps,UCF_8,5,0.00025437772274017334,1.665270123630762,1.6655379720032215,0.7825567502986858,0.19931625797257105,ok
7_Cardiotocography,DyCF_3,3,,,,,,error
34_smtp,DyCF_3,5,27.23308552056551,11.687918895855546,38.92103426344693,0.9950280717328163,0.635249847985697,ok
37_Stamps,UCG,5,0.0004473179578781128,3.404549065977335,3.4050514213740826,0.45280764635603343,0.1158950268648564,ok
34_smtp,DyCF_4,5,30.396088168025017,14.528892861679196,44.92500924132764,0.9963713099882419,0.6021834997973826,ok
34_smtp,DyCF_5,5,29.24238652177155,11.212916700169444,40.455347361043096,0.9965387280896426,0.6087367313814533,ok
7_Cardiotocography,DyCF_4,3,,,,,,error
34_smtp,DyCG,5,28.379179580137134,12.418672300875187,40.797884384170175,0.5359909983569665,0.00042919128130431653,ok
13_fraud,UCG,1,,,,,,ram_kill
34_smtp,KernelCF_rbf,5,,,,,,ram_kill
7_Cardiotocography,DyCF_5,3,,,,,,ram_kill
3_backdoor,DyCF_2,2,,,,,,error
13_fraud,KNN,2,48.498615983873606,27.93138387426734,76.43004987388849,0.9548652292599769,0.07793586391482592,ok
3_backdoor,DyCF_3,2,,,,,,error
1_ALOI,KernelCF_lin_2,2,945.2423101402819,4756.44254145585,5701.684882534668,0.5151814837948504,0.034756344428106364,ok
3_backdoor,DyCF_4,2,,,,,,error
13_fraud,CBLOF,2,21.191779805347323,0.34977681934833527,21.541577514261007,0.9691038890464413,0.20244830167441116,ok
11_donors,DyCF_4,1,,,,,,error
3_backdoor,DyCF_5,2,,,,,,error
13_fraud,GMM,2,6.991899248212576,0.1464737057685852,7.138409029692411,0.9625195862372719,0.17538043093958083,ok
5_campaign,KDE,2,835.8952651545405,327.0185071565211,1162.9138199407607,0.7312430879863305,0.252474768730583,ok
34_smtp,KernelCF_lin_2,5,,,,,,ram_kill
3_backdoor,DyCG,2,,,,,,error
5_campaign,HBOS,2,17.66881037130952,0.02021067403256893,17.68905739672482,0.766948617859333,0.3494669384177017,ok
7_Cardiotocography,DyCG,3,,,,,,ram_kill
5_campaign,ECOD,2,2.1266483049839735,5.117813624441624,7.244475979357958,0.7711771650654382,0.35047468055953923,ok
3_backdoor,KernelCF_rbf,2,,,,,,ram_kill
7_Cardiotocography,KernelCF_rbf,3,14.163307201117277,2.188908014446497,16.352242840453982,0.7787590187590188,0.5576134474260003,ok
7_Cardiotocography,KernelCF_lin_2,3,16.191275196149945,1.5011362172663212,17.692429503425956,0.6622943722943724,0.47754664989679074,ok
34_smtp,KernelCF_lin_3,5,,,,,,ram_kill
3_backdoor,KernelCF_lin_2,2,,,,,,ram_kill
7_Cardiotocography,KernelCF_lin_3,3,13.966950600966811,1.5315322205424309,15.498513232916594,0.5898124098124099,0.4261610991458395,ok
7_Cardiotocography,KernelCF_lin_4,3,11.85997336730361,1.9149867165833712,13.774986382573843,0.5401443001443001,0.3829180765892848,ok
33_skin,UCF_5,1,0.0002848096191883087,2409.5061409492046,2409.506449466571,0.808771543346195,0.3653550492650217,ok
7_Cardiotocography,KernelCF_lin_5,3,12.016823641955853,2.3611490670591593,14.377989139407873,0.5032900432900432,0.348296936105947,ok
34_smtp,KernelCF_lin_4,5,,,,,,ram_kill
7_Cardiotocography,UCF_2,3,0.0008664354681968689,3.2530131340026855,3.25390019826591,0.5531890331890332,0.423064961250489,ok
7_Cardiotocography,UCF_3,3,0.00034419819712638855,2.2215530946850777,2.221918683499098,0.5504906204906205,0.4020543440531088,ok
3_backdoor,KernelCF_lin_3,2,,,,,,ram_kill
34_smtp,KernelCF_lin_5,5,,,,,,ram_kill
7_Cardiotocography,UCF_4,3,0.0003191176801919937,2.584812566637993,2.5851449072360992,0.5422077922077922,0.3758480863562507,ok
5_campaign,OCSVM,2,320.70614901185036,22.940401539206505,343.6465808507055,0.7362220964301252,0.2783862125801445,ok
7_Cardiotocography,UCF_5,3,0.0001992490142583847,2.3833550959825516,2.3835636749863625,0.5309235209235208,0.34915624035671716,ok
7_Cardiotocography,UCF_6,3,0.0002471785992383957,3.1193368528038263,3.1195953395217657,0.5794372294372294,0.34594500662199823,ok
5_campaign,LODA,2,17.924066001549363,21.266384575515985,39.19050767458975,0.44963346672536963,0.10261060692596219,ok
7_Cardiotocography,UCF_7,3,0.0002443995326757431,3.980138448998332,3.980396207422018,0.516017316017316,0.3200720221534886,ok
5_campaign,IForest,2,6.122654417529702,1.063882116228342,7.186553021892905,0.7234132506250295,0.29912264565725954,ok
7_Cardiotocography,UCF_8,3,0.00023758038878440857,3.678086893633008,3.678337113931775,0.5467965367965368,0.3568481267656032,ok
5_campaign,PCA,2,,,,,,error
7_Cardiotocography,UCG,3,0.00024925917387008667,2.9824814964085817,2.982756856828928,0.35873015873015873,0.2136993725874533,ok
7_Cardiotocography,KNN,4,2.0127774085849524,1.970715330913663,3.9835263285785913,0.4787445887445888,0.30963111415203115,ok
7_Cardiotocography,CBLOF,4,9.076650068163872,0.03738629072904587,9.114046908915043,0.524891774891775,0.2962470966323952,ok
11_donors,DyCF_5,1,,,,,,error
34_smtp,UCF_2,5,0.00022685900330543518,284.489261969924,284.4895033761859,0.9834061407402216,0.6821289321755143,ok
7_Cardiotocography,GMM,4,0.6481787133961916,0.0003858990967273712,0.6485756617039442,0.6102020202020202,0.35049840616711464,ok
7_Cardiotocography,KDE,4,1.2710960861295462,0.9923964589834213,2.2635131627321243,0.5024531024531025,0.2900673258682918,ok
7_Cardiotocography,HBOS,4,4.558987017720938,0.000662265345454216,4.559684321284294,0.6078932178932178,0.3816525724029469,ok
5_campaign,DyCF_2,2,,,,,,error
7_Cardiotocography,ECOD,4,0.48059982992708683,0.01121773011982441,0.4918261095881462,0.8013419913419914,0.5314786631189458,ok
7_Cardiotocography,OCSVM,4,0.15745192393660545,0.03729322925209999,0.19476165995001793,0.694963924963925,0.41761820280350054,ok
7_Cardiotocography,LODA,4,0.11877387203276157,0.3287626579403877,0.4475630894303322,0.7493939393939393,0.47024584979097594,ok
7_Cardiotocography,IForest,4,0.3601922132074833,0.025348033756017685,0.3855574056506157,0.7293506493506494,0.4538219382823773,ok
7_Cardiotocography,PCA,4,0.0032400786876678467,0.0004857182502746582,0.003740355372428894,0.7586291486291488,0.48465224127722095,ok
7_Cardiotocography,DyCF_2,4,,,,,,error
34_smtp,UCF_3,5,0.00026756711304187775,333.28914901800454,333.2894328534603,0.97367253019366,0.7112285096427392,ok
7_Cardiotocography,DyCF_3,4,,,,,,error
7_Cardiotocography,DyCF_4,4,,,,,,error
7_Cardiotocography,DyCF_5,4,,,,,,ram_kill
3_backdoor,KernelCF_lin_4,2,,,,,,ram_kill
34_smtp,UCF_4,5,0.0003095082938671112,389.6633808221668,389.66371232271194,0.9680309295208727,0.7320880016041306,ok
3_backdoor,KernelCF_lin_5,2,,,,,,ram_kill
11_donors,DyCG,1,,,,,,error
11_donors,KernelCF_rbf,1,,,,,,error
11_donors,KernelCF_lin_2,1,,,,,,error
11_donors,KernelCF_lin_3,1,,,,,,error
11_donors,KernelCF_lin_4,1,,,,,,error
11_donors,KernelCF_lin_5,1,,,,,,error
34_smtp,UCF_5,5,0.0006676353514194489,374.4407041165978,374.44139222055674,0.9683579788352372,0.795096621896622,ok
3_backdoor,UCF_2,2,0.0003052596002817154,357.0927191209048,357.0930484365672,0.9024356351367289,0.23957003320728792,ok
10_cover,UCF_7,1,0.00023095682263374329,3973.7716202717274,3973.771870780736,0.8494482796750724,0.06506827243654825,ok
3_backdoor,UCF_3,2,0.0002603568136692047,370.8086977042258,370.8089767228812,0.9293221755605807,0.41583707932397224,ok
8_celeba,OCSVM,2,,,,,,timeout
34_smtp,UCF_6,5,0.00032434798777103424,463.30642856657505,463.3067782651633,0.9716362588673192,0.8253897371076296,ok
8_celeba,LODA,2,20.786287993192673,22.851018907502294,43.637390080839396,0.5204648744850662,0.031152187514926023,ok
32_shuttle,KernelCF_lin_2,2,1219.2537395842373,4561.202882451937,5780.456655316055,0.9824769417272647,0.9642828131330266,ok
8_celeba,IForest,2,2.8446311354637146,0.4766050707548857,3.3212573435157537,0.6866909399089555,0.06138266645116834,ok
8_celeba,PCA,2,1.1097818464040756,0.18785528279840946,1.2976618986576796,0.7922146033711508,0.11308773175243192,ok
3_backdoor,UCF_4,2,0.0002682991325855255,476.77198684588075,476.7722767945379,0.9246636003302209,0.44476483416831414,ok
7_Cardiotocography,DyCG,4,,,,,,ram_kill
34_smtp,UCF_7,5,0.00034823641180992126,580.2742306720465,580.2746033910662,0.9700983484009624,0.8061707049256936,ok
33_skin,UCF_6,1,0.0003441758453845978,2750.482599042356,2750.4829690810293,0.7960701379684013,0.3513547054445621,ok
7_Cardiotocography,KernelCF_rbf,4,16.354000525549054,2.93519951403141,19.289215119555593,0.7783982683982684,0.5270633265036618,ok
7_Cardiotocography,KernelCF_lin_2,4,11.882010525092483,1.7787107825279236,13.660739917308092,0.6671428571428573,0.43164519871745727,ok
8_celeba,DyCF_2,2,,,,,,error
7_Cardiotocography,KernelCF_lin_3,4,10.175672424957156,0.9728239364922047,11.148513102903962,0.5925252525252526,0.3773052606252066,ok
7_Cardiotocography,KernelCF_lin_4,4,15.120069148018956,1.075816247612238,16.19590458460152,0.5388023088023088,0.3423530792693221,ok
7_Cardiotocography,KernelCF_lin_5,4,14.637632071971893,1.0501476395875216,15.687811167910695,0.4954689754689755,0.30701727443873045,ok
3_backdoor,UCF_5,2,0.00023344717919826508,456.83704144507647,456.8372951615602,0.9247820491126597,0.4681603950909382,ok
7_Cardiotocography,UCF_2,4,0.00021446682512760162,2.139574021100998,2.139800626784563,0.5529725829725829,0.35723535684120156,ok
7_Cardiotocography,UCF_3,4,0.0002759285271167755,2.284365074709058,2.2846565544605255,0.547041847041847,0.3397501041948624,ok
7_Cardiotocography,UCF_4,4,0.0002485383301973343,2.0622335728257895,2.0624973606318235,0.533997113997114,0.3260036305270376,ok
7_Cardiotocography,UCF_5,4,0.00023401901125907898,3.265899769961834,3.266146829351783,0.5174603174603175,0.3093290523176983,ok
7_Cardiotocography,UCF_6,4,0.0003391783684492111,2.0916195325553417,2.091977158561349,0.543073593073593,0.3131765047545973,ok
34_smtp,UCF_8,5,0.0002815406769514084,566.220983248204,566.2212835885584,0.9700321598492458,0.665121119287786,ok
7_Cardiotocography,UCF_7,4,0.0003286488354206085,4.894637892022729,4.8949891384691,0.5244011544011544,0.3119992616444933,ok
7_Cardiotocography,UCF_8,4,0.00035496801137924194,3.632350394502282,3.632729211822152,0.5123088023088023,0.28175239763402227,ok
7_Cardiotocography,UCG,4,0.00021840818226337433,5.732764344662428,5.73301132209599,0.36535353535353543,0.20261501299676019,ok
7_Cardiotocography,KNN,5,3.9473053608089685,3.213548043742776,7.160874044522643,0.5056421356421357,0.30815550896906097,ok
7_Cardiotocography,CBLOF,5,14.741766925901175,0.06054508127272129,14.802330696955323,0.526969696969697,0.279753996942675,ok
7_Cardiotocography,GMM,5,0.9835509844124317,0.000551268458366394,0.9841213934123516,0.6015151515151516,0.35474900383671654,ok
7_Cardiotocography,KDE,5,0.34745231457054615,0.1275448203086853,0.4750222321599722,0.5126118326118326,0.26314884295509455,ok
3_backdoor,UCF_6,2,0.00025272928178310394,497.5545230284333,497.5547943171114,0.8068992057265627,0.3820792178930726,ok
9_census,UCF_8,1,0.0003544185310602188,5274.714491566643,5274.7148787640035,0.6111310091482295,0.07906057995312755,ok
7_Cardiotocography,HBOS,5,8.811552483588457,0.0006465166807174683,8.812227545306087,0.6147763347763348,0.3847581530976463,ok
34_smtp,UCG,5,0.0002081785351037979,328.8913877606392,328.89162389934063,0.6609978118843491,0.18643132853134808,ok
7_Cardiotocography,ECOD,5,1.1696241572499275,0.008099207654595375,1.177738755941391,0.7826984126984127,0.4919118828683289,ok
7_Cardiotocography,OCSVM,5,1.5279549714177847,0.3185007069259882,1.846467049792409,0.7014574314574316,0.4022193284298203,ok
7_Cardiotocography,LODA,5,0.02938055992126465,0.05947687476873398,0.08888600580394268,0.7289321789321789,0.4519249753287727,ok
7_Cardiotocography,IForest,5,0.14908375591039658,0.01905825361609459,0.16815850138664246,0.709047619047619,0.44966932541345617,ok
9_census,UCG,1,,,,,,ram_kill
7_Cardiotocography,PCA,5,0.004197817295789719,0.00043674930930137634,0.004652172327041626,0.7513997113997113,0.4548164051459954,ok
7_Cardiotocography,DyCF_2,5,,,,,,error
7_Cardiotocography,DyCF_3,5,,,,,,error
7_Cardiotocography,DyCF_4,5,,,,,,error
3_backdoor,UCF_7,2,0.00029159896075725555,538.8610620237887,538.8613815419376,0.9175225232154486,0.523100670852318,ok
7_Cardiotocography,DyCF_5,5,,,,,,ram_kill
9_census,KNN,2,510.27898216433823,217.17307547666132,727.4521184060723,0.6749991717885734,0.09315432350526179,ok
9_census,CBLOF,2,48.21281119808555,7.838190782815218,56.051029862836,0.6673542313780125,0.08751800078495821,ok
3_backdoor,UCF_8,2,0.0003154091536998749,619.0392438229173,619.0395874641836,0.9087625435209541,0.5068510026421752,ok
7_Cardiotocography,DyCG,5,,,,,,ram_kill
8_celeba,DyCF_3,2,,,,,,error
7_Cardiotocography,KernelCF_rbf,5,9.456334337592125,2.1393839921802282,11.595738466829062,0.7767821067821068,0.5042534499171658,ok
8_celeba,DyCF_4,2,,,,,,ram_kill
5_campaign,DyCF_3,2,,,,,,ram_kill
8_celeba,DyCF_5,2,,,,,,error
7_Cardiotocography,KernelCF_lin_2,5,13.158380970358849,0.9825239274650812,14.140919020399451,0.6647619047619048,0.41417931462395835,ok
5_campaign,DyCF_4,2,,,,,,error
8_celeba,DyCG,2,,,,,,error
9_census,GMM,2,240.32886742427945,1.533538969233632,241.86244430206716,0.6627885991719336,0.08646327788355812,ok
5_campaign,DyCF_5,2,,,,,,error
7_Cardiotocography,KernelCF_lin_3,5,10.981278900057077,1.1785876005887985,12.159881731495261,0.5841702741702741,0.3655081397025531,ok
16_http,UCF_3,1,,,,,,timeout
5_campaign,DyCG,2,,,,,,error
7_Cardiotocography,KernelCF_lin_4,5,11.148658733814955,0.66310665756464,11.811789128929377,0.5274603174603174,0.33074896835205936,ok
8_celeba,KernelCF_rbf,2,,,,,,ram_kill
7_Cardiotocography,KernelCF_lin_5,5,12.440047496929765,0.6047161873430014,13.044778833165765,0.49181818181818177,0.3032425407411664,ok
3_backdoor,UCG,2,0.0002746880054473877,277.03135305829346,277.03167795576155,0.4584704724106635,0.037035364641022736,ok
7_Cardiotocography,UCF_2,5,0.00036952830851078033,2.694126144051552,2.6945150401443243,0.5549062049062048,0.3832892262538911,ok
1_ALOI,KernelCF_lin_3,2,920.4401372559369,4695.576546313241,5616.016715880483,0.5131521167018893,0.034562216898451,ok
7_Cardiotocography,UCF_3,5,0.0005105156451463699,2.2454249672591686,2.2459485940635204,0.5542568542568542,0.37170827642222687,ok
8_celeba,KernelCF_lin_2,2,,,,,,ram_kill
7_Cardiotocography,UCF_4,5,0.00028084777295589447,2.976539097726345,2.9768387265503407,0.5460317460317461,0.3446579309010495,ok
3_backdoor,KNN,3,32.4144141394645,15.907855462282896,48.32231433130801,0.7534334507565852,0.3612644191601409,ok
1_ALOI,KernelCF_lin_4,2,,,,,,ram_kill
8_celeba,KernelCF_lin_3,2,,,,,,ram_kill
7_Cardiotocography,UCF_5,5,0.0003995876759290695,2.418953062966466,2.4193642381578684,0.534069264069264,0.31739163097598533,ok
3_backdoor,CBLOF,3,21.177614368498325,1.6724173463881016,22.850062055513263,0.8908530363396763,0.5306332173942816,ok
7_Cardiotocography,UCF_6,5,0.0005865488201379776,2.5547320265322924,2.555337816476822,0.5487157287157287,0.298576919382792,ok
1_ALOI,KernelCF_lin_5,2,,,,,,ram_kill
8_celeba,KernelCF_lin_4,2,,,,,,ram_kill
7_Cardiotocography,UCF_7,5,0.0004368964582681656,4.247201072052121,4.2476586773991585,0.5277056277056277,0.2803341741074312,ok
7_Cardiotocography,UCF_8,5,0.00032469630241394043,5.570995060727,5.571351610124111,0.5304040404040404,0.289194356184047,ok
3_backdoor,GMM,3,52.89070054516196,0.5043170917779207,53.39506154321134,0.9114730721306935,0.5381181788651083,ok
8_celeba,KernelCF_lin_5,2,,,,,,ram_kill
1_ALOI,UCF_2,2,0.00024957768619060516,72.1991944052279,72.19945831224322,0.5023192547430717,0.03266113517339618,ok
7_Cardiotocography,UCG,5,0.000265270471572876,5.002158373594284,5.002455301582813,0.3373015873015873,0.1791823128285298,ok
1_ALOI,UCF_3,2,0.0002138279378414154,85.60852174088359,85.60875062085688,0.5066516011072235,0.03439846981230256,ok
5_campaign,KernelCF_rbf,2,437.6244766525924,37.645433165133,475.2699495945126,0.6787539768647368,0.2621197513931425,ok
1_ALOI,UCF_4,2,0.00027049146592617035,60.81773882359266,60.81802426464856,0.5088489433533736,0.036301505339377316,ok
33_skin,UCF_7,1,0.00021627917885780334,2900.836644968018,2900.8368788585067,0.7925255088392229,0.34706427388030153,ok
1_ALOI,UCF_5,2,0.0003810599446296692,100.54821677692235,100.5486257839948,0.5119956369451983,0.03677877726980672,ok
1_ALOI,UCF_6,2,0.00022766739130020142,100.9801912996918,100.98043417930603,0.5106481507071846,0.03675470549819509,ok
1_ALOI,UCF_7,2,0.0002485886216163635,101.6987575199455,101.69902177713811,0.5202112187748931,0.04052562378802396,ok
5_campaign,KernelCF_lin_2,2,412.54258648119867,21.212427083402872,433.7550342902541,0.6741038623415151,0.25883157815790364,ok
1_ALOI,UCF_8,2,0.00029965490102767944,84.92653782479465,84.92685690149665,0.5123329691312644,0.038461762636780736,ok
1_ALOI,UCG,2,0.00031329691410064697,86.70638895593584,86.70674755424261,0.5031852326809019,0.030705960328382947,ok
1_ALOI,KNN,3,6.3136620335280895,28.71742887236178,35.03112300671637,0.6660065888023525,0.058434036005023,ok
10_cover,UCF_8,1,0.0003954358398914337,4420.641474984586,4420.64190608263,0.9118691807801922,0.07124740645451395,ok
1_ALOI,CBLOF,3,14.537420094013214,0.07838679477572441,14.615824200212955,0.5415353113252104,0.0351547778234928,ok
1_ALOI,GMM,3,5.32802277430892,0.1311314646154642,5.459185039624572,0.5462657925817014,0.03583149028274295,ok
5_campaign,KernelCF_lin_3,2,416.99258844554424,24.88096083328128,441.8735755775124,0.6718477941831639,0.24636618834494525,ok
8_celeba,UCF_2,2,0.00029600970447063446,1073.8579175062478,1073.858229516074,0.6935024364222321,0.03854399255926728,ok
13_fraud,KDE,2,,,,,,timeout
13_fraud,HBOS,2,5.961821077391505,0.11879181303083897,6.080663161352277,0.9581781353426818,0.303558949750024,ok
13_fraud,ECOD,2,4.430473901331425,5.606674011796713,10.037166513502598,0.9590733590733591,0.2626457084556464,ok
5_campaign,KernelCF_lin_4,2,405.03059485554695,25.74919249676168,430.779822928831,0.6630671127044776,0.22358955149656168,ok
1_ALOI,KDE,3,596.6456145364791,292.9258291106671,889.5714765638113,0.5500159069706311,0.04913271284914,ok
1_ALOI,HBOS,3,9.550025990232825,0.03277656435966492,9.582838207483292,0.5196587739840575,0.03263706186417939,ok
1_ALOI,ECOD,3,2.557393731549382,2.8261287603527308,5.383536223322153,0.5242498389342454,0.034032737067911475,ok
5_campaign,KernelCF_lin_5,2,420.50403892993927,36.563469886779785,457.06752678751945,0.6460313903695667,0.19832325258954364,ok
5_campaign,UCF_2,2,0.00024101883172988892,41.93638497404754,41.936641201376915,0.6758641655004692,0.2297044886647703,ok
32_shuttle,KernelCF_lin_3,2,1169.9262950289994,4160.631981823593,5330.5583130046725,0.9795846806399803,0.9613908532026548,ok
5_campaign,UCF_3,2,0.00021203793585300446,42.16644446738064,42.16667548380792,0.6896754170794219,0.23433680426724354,ok
1_ALOI,OCSVM,3,179.89402062632143,31.857106506824493,211.75114743970335,0.5410564132422152,0.03653359888518453,ok
8_celeba,UCF_3,2,0.00020789727568626404,1071.4634283706546,1071.4636521413922,0.6810911518249771,0.03653200353458035,ok
1_ALOI,LODA,3,18.872928276658058,0.05409901589155197,18.927125051617622,0.4798689302470125,0.02983803383862221,ok
5_campaign,UCF_4,2,0.00023112818598747253,73.97141531296074,73.97166047990322,0.6921004528515495,0.23304063310038764,ok
1_ALOI,IForest,3,1.1764807049185038,0.44492038525640965,1.6214171350002289,0.5400472572144868,0.03432081761026966,ok
1_ALOI,PCA,3,0.8211192414164543,0.008211620151996613,0.8293592501431704,0.5378544444628695,0.035196835143489626,ok
5_campaign,UCF_5,2,0.0002467390149831772,63.13173462450504,63.13199632242322,0.6900707449512817,0.22957113372298468,ok
33_skin,UCF_8,1,0.00024384073913097382,2113.4346468374133,2113.4349064566195,0.7901231111190308,0.3453208732278228,ok
1_ALOI,DyCF_2,3,82.79583796486259,34.7567460462451,117.55260100960732,0.5542836120738207,0.04261355757641326,ok
5_campaign,UCF_6,2,0.00024863891303539276,82.03038335964084,82.0306490380317,0.6853653998354221,0.22615946262743972,ok
10_cover,UCG,1,0.00028029829263687134,1573.6411555111408,1573.6414798703045,0.8426934810801784,0.041997696802760075,ok
5_campaign,UCF_7,2,0.00023411959409713745,64.23900144733489,64.23924987576902,0.6756275191177781,0.22312211104159352,ok
10_cover,KNN,2,49.393020110204816,23.215832019224763,72.60889945924282,0.7757011650462591,0.037454221706808406,ok
10_cover,CBLOF,2,18.092232387512922,0.2256534043699503,18.317905152216554,0.9190128983388646,0.06432988353712597,ok
5_campaign,UCF_8,2,0.00037829577922821045,80.18525105156004,80.18565648794174,0.6491213553050197,0.21367968600177334,ok
1_ALOI,DyCF_3,3,138.8438478615135,45.449089551344514,184.29295917227864,0.5189950111072419,0.04436167051679367,ok
10_cover,GMM,2,3.814087061211467,0.10879060067236423,3.922912096604705,0.9332277243975462,0.08026771655944545,ok
5_campaign,UCG,2,0.00029618851840496063,48.677222568541765,48.67755509540439,0.6447007458423091,0.20204295043367337,ok
5_campaign,KNN,3,2.6344240326434374,13.090506764128804,15.724975124001503,0.7457197928623468,0.2846387546660191,ok
5_campaign,CBLOF,3,9.941663766279817,0.09623938053846359,10.03792142868042,0.7563069012689279,0.28685731575380485,ok
5_campaign,GMM,3,7.729993285611272,0.183290746062994,7.91330518014729,0.7737573444240032,0.31626520092644095,ok
11_donors,UCF_2,1,,,,,,timeout
8_celeba,UCF_4,2,0.02234446257352829,1112.3742835223675,1112.3966444265097,0.6671148852249875,0.03480210973896857,ok
5_campaign,KDE,3,382.0135432295501,159.2731645256281,541.2867376450449,0.7393577920342155,0.2711329860717472,ok
5_campaign,HBOS,3,8.280987160280347,0.016017362475395203,8.297043271362782,0.7692048498094772,0.3623054452441711,ok
5_campaign,ECOD,3,2.4987192321568727,0.5305738430470228,3.029308443889022,0.7721984396538619,0.36301405761180705,ok
33_skin,UCG,1,0.00022390857338905334,1135.3703728821129,1135.3706413377076,0.12208996956209474,0.12007843128391209,ok
33_skin,KNN,2,1.4140617866069078,0.3649777006357908,1.7790785040706396,0.6131625609265458,0.2340619347168911,ok
33_skin,CBLOF,2,16.773120811209083,0.38830198906362057,17.16143361851573,0.6083375890063378,0.24335130006264213,ok
33_skin,GMM,2,2.485067930072546,0.007159292697906494,2.4922496657818556,0.7118736190436721,0.28472754862766947,ok
5_campaign,OCSVM,3,206.0746415797621,19.70553103275597,225.78019103221595,0.74496831611554,0.28868307921199404,ok
5_campaign,LODA,3,15.595787435770035,12.458231326192617,28.05406049080193,0.6024749595106687,0.171195050868101,ok
5_campaign,IForest,3,1.642207944765687,0.1287372913211584,1.7709632273763418,0.7146983151720994,0.30767080472819686,ok
5_campaign,PCA,3,,,,,,error
1_ALOI,DyCF_4,3,1032.359323039651,231.790887625888,1264.1502397861332,0.563338916127273,0.04891216909694093,ok
5_campaign,DyCF_2,3,,,,,,error
1_ALOI,DyCF_5,3,,,,,,ram_kill
1_ALOI,DyCG,3,,,,,,ram_kill
8_celeba,UCF_5,2,0.0002648979425430298,1298.134473953396,1298.1347656529397,0.6519937262275592,0.033057589325261066,ok
8_celeba,UCF_6,2,0.0002177078276872635,1371.0912307891995,1371.0914636068046,0.6367237457785594,0.031495669916118726,ok
32_shuttle,KernelCF_lin_4,2,613.5424298476428,3687.233562057838,4300.776013502851,0.9781120952186731,0.9599088375484877,ok
9_census,KDE,2,,,,,,timeout
16_http,UCF_4,1,,,,,,timeout
9_census,HBOS,2,65.61396808363497,6.055964088067412,71.66999837197363,0.6102159687605047,0.0727068964625174,ok
3_backdoor,KDE,3,,,,,,timeout
3_backdoor,HBOS,3,7.203349590301514,0.1613113433122635,7.3647393845021725,0.7479516052117464,0.052101363684905935,ok
9_census,ECOD,2,127.61007112078369,171.1508257575333,298.76092530041933,0.6611891662185584,0.08487282369781993,ok
3_backdoor,ECOD,3,10.27604211308062,24.664587263017893,34.940656242892146,0.8510024561457484,0.09686980272604014,ok
8_celeba,UCF_7,2,0.0005720760673284531,1736.07903682068,1736.0796591881663,0.6221980700124417,0.030166064994968933,ok
1_ALOI,KernelCF_rbf,3,674.7174463570118,3830.2838119920343,4505.00127430819,0.5311893316431409,0.04144323240948956,ok
13_fraud,OCSVM,2,,,,,,timeout
13_fraud,LODA,2,19.773685839027166,17.81756902113557,37.591344920918345,0.8414821850398378,0.16707878767971937,ok
13_fraud,IForest,2,15.228870619088411,0.5412853974848986,15.770189203321934,0.961386871953142,0.21092285111838205,ok
13_fraud,PCA,2,0.8592109438031912,0.13062960654497147,0.9898732770234346,0.9619664978302647,0.1795293847341002,ok
13_fraud,DyCF_2,2,392.63724260404706,176.0586758852005,568.6959524080157,0.9683857138104164,0.21548796497091424,ok
8_celeba,UCF_8,2,0.0002503376454114914,2003.963150555268,2003.963422453031,0.6096120334205031,0.02913899784788098,ok
10_cover,KDE,2,,,,,,timeout
10_cover,HBOS,2,9.647063612937927,0.26307011768221855,9.910214312374592,0.7098188751681646,0.02598254082306289,ok
10_cover,ECOD,2,4.390763917937875,1.7043795678764582,6.095180036500096,0.9174163272341915,0.11011807986071073,ok
11_donors,UCF_3,1,,,,,,timeout
13_fraud,DyCF_3,2,754.8981046620756,329.7312633320689,1084.629397764802,0.9663036710431049,0.5832776228255437,ok
33_skin,KDE,2,,,,,,timeout
33_skin,HBOS,2,11.540902161970735,0.010126721113920212,11.55116530880332,0.582256382575801,0.23061059244270912,ok
33_skin,ECOD,2,0.6608679797500372,0.360704792663455,1.0216019619256258,0.48780471372426304,0.18182730230378558,ok
8_celeba,UCG,2,0.0002680085599422455,1060.7583109233528,1060.7586181703955,0.5544258594010045,0.025640370724462402,ok
8_celeba,KNN,3,46.659386307001114,23.6972772795707,70.35675158910453,0.6246505947231449,0.03779579739981223,ok
8_celeba,CBLOF,3,20.3801408149302,0.7683181799948215,21.14848980680108,0.7466459215740934,0.0609351395978734,ok
5_campaign,DyCF_3,3,,,,,,timeout
8_celeba,GMM,3,8.896175103262067,0.33615109138190746,9.23234817199409,0.7919129502721899,0.077839952346588,ok
5_campaign,DyCF_4,3,,,,,,error
5_campaign,DyCF_5,3,,,,,,error
5_campaign,DyCG,3,,,,,,error
32_shuttle,KernelCF_lin_5,2,907.8076411094517,3985.386902268976,4893.194569520652,0.9773307389500024,0.9573303075931956,ok
32_shuttle,UCF_2,2,0.0002451278269290924,77.93429610878229,77.93455780483782,0.9884458842563689,0.9676928574558329,ok
32_shuttle,UCF_3,2,0.00022922642529010773,63.84018178842962,63.84042455628514,0.9866691024596024,0.932621984798363,ok
32_shuttle,UCF_4,2,0.00025827810168266296,85.72134753875434,85.72162101976573,0.984580833573059,0.8806631275609872,ok
5_campaign,KernelCF_rbf,3,457.26764448545873,27.552295953035355,484.8199630379677,0.6788628001320817,0.2711487300390143,ok
32_shuttle,UCF_5,2,0.00017129816114902496,57.35740860551596,57.357591131702065,0.9791019659168132,0.8079263940558795,ok
32_shuttle,UCF_6,2,0.00033137574791908264,113.02821513451636,113.02856627106667,0.983354813166419,0.8400819849678842,ok
32_shuttle,UCF_7,2,0.00021780841052532196,92.81528225541115,92.81551043502986,0.9812434223001842,0.8022233269679084,ok
32_shuttle,UCF_8,2,0.0002249293029308319,113.80495193973184,113.80519705824554,0.9804965754126145,0.761847460560082,ok
5_campaign,KernelCF_lin_2,3,450.4426529351622,15.070949357002974,465.5136199146509,0.6735267255792988,0.2687954121788154,ok
32_shuttle,UCG,2,0.00021129846572875977,55.52686918526888,55.52710727415979,0.15830987632796023,0.041150154335391195,ok
32_shuttle,KNN,3,6.27576651237905,2.0435810517519712,8.319370228797197,0.6451367012406227,0.1719903654208932,ok
32_shuttle,CBLOF,3,15.06311178393662,0.31370895728468895,15.376836834475398,0.6182769459072741,0.19589316503378817,ok
32_shuttle,GMM,3,3.3894856311380863,0.004344303160905838,3.3938694931566715,0.9825459604894665,0.8749392251048093,ok
5_campaign,KernelCF_lin_3,3,425.35704970546067,19.82432641647756,445.1813992001116,0.6702332002033637,0.2583816593355467,ok
32_shuttle,KDE,3,362.8609066735953,152.8228922523558,515.6838223766536,0.9861123696272731,0.7601389626897117,ok
32_shuttle,HBOS,3,5.602718019858003,0.0053718481212854385,5.608120797201991,0.9840614916898702,0.9664126584104652,ok
32_shuttle,ECOD,3,1.649951534345746,0.08798271045088768,1.7379414327442646,0.9931320776779088,0.916301548166968,ok
3_backdoor,OCSVM,3,5198.037567347288,476.2766571342945,5674.314266733825,0.8928029289153476,0.5284025090390387,ok
3_backdoor,LODA,3,14.721854550763965,15.791015654802322,30.512938126921654,0.2328153634736772,0.04535134864553037,ok
3_backdoor,IForest,3,1.6673664543777704,0.15227468684315681,1.8196631092578173,0.7608548310181982,0.04880893536168681,ok
5_campaign,KernelCF_lin_4,3,420.6216689758003,29.806559903547168,450.42824619822204,0.659779811416681,0.23271152402510278,ok
32_shuttle,OCSVM,3,159.2085248362273,14.029151039198041,173.2376958169043,0.9920176746356951,0.9110984448167062,ok
3_backdoor,PCA,3,,,,,,error
32_shuttle,LODA,3,0.3217298984527588,0.12234392389655113,0.44411855563521385,0.1560551708488634,0.041933999763907236,ok
32_shuttle,IForest,3,1.6808392684906721,0.18946490064263344,1.8703266475349665,0.997037678619897,0.9840004937794908,ok
32_shuttle,PCA,3,0.12817028164863586,0.003259027376770973,0.1314400602132082,0.9903586205163061,0.9231101591861802,ok
32_shuttle,DyCF_2,3,26.47032792121172,12.479130106046796,38.94948965869844,0.9552979919775757,0.6446368733096611,ok
32_shuttle,DyCF_3,3,34.10278309695423,15.705852217972279,49.80865202471614,0.9482763397364553,0.5304455456288508,ok
32_shuttle,DyCF_4,3,36.4520285949111,12.873154040426016,49.325197057798505,0.9445758508905886,0.5182985474736399,ok
1_ALOI,KernelCF_lin_2,3,929.9759574290365,4024.6899561788887,4954.665954556316,0.5252715086502597,0.04091512345521713,ok
32_shuttle,DyCF_5,3,65.6784138996154,25.611670622602105,91.29010479338467,0.6349269932170666,0.2779324752938051,ok
5_campaign,KernelCF_lin_5,3,434.0581490546465,49.748765328899026,483.8069420531392,0.640503810452275,0.20305387873057387,ok
32_shuttle,DyCG,3,57.644095251336694,17.860200924798846,75.50432890839875,0.4661524768882621,0.06285179215376312,ok
5_campaign,UCF_2,3,0.00022106990218162537,52.55641573294997,52.556651363149285,0.6900219349969338,0.23838068609779914,ok
5_campaign,UCF_3,3,0.0001977682113647461,62.74343937262893,62.74364962242544,0.6999508624620658,0.24285170564608272,ok
5_campaign,UCF_4,3,0.0002413187175989151,73.82788845896721,73.82814668864012,0.7000955888904613,0.24061469492974424,ok
16_http,UCF_5,1,,,,,,timeout
5_campaign,UCF_5,3,0.00034694746136665344,71.50493355840445,71.50530417449772,0.6964737592444088,0.23675958782435721,ok
5_campaign,UCF_6,3,0.0002534482628107071,75.77582373656332,75.77609375491738,0.6907724289929819,0.23321308385294992,ok
5_campaign,UCF_7,3,0.0002342797815799713,86.20227808319032,86.2025286834687,0.6825421534558758,0.2327249808652747,ok
5_campaign,UCF_8,3,0.0003545992076396942,83.47419591248035,83.47457727231085,0.6533982866068107,0.2147291277854202,ok
9_census,OCSVM,2,,,,,,timeout
5_campaign,UCG,3,0.0002737604081630707,61.44009590521455,61.440413288772106,0.6460727314181487,0.20668145258231868,ok
5_campaign,KNN,4,3.080443037673831,22.492793511599302,25.573268247768283,0.733434360111326,0.27020000460914106,ok
9_census,LODA,2,22.7644259929657,16.980049895122647,39.744559539482,0.5948877077478294,0.09420562005443994,ok
5_campaign,CBLOF,4,12.077271649613976,0.10135814361274242,12.178655372932553,0.7221391470247548,0.2510941980031585,ok
9_census,IForest,2,10.257555015385151,6.30669603869319,16.56428139284253,0.6183523924288727,0.07423731152598911,ok
5_campaign,GMM,4,8.037286711856723,0.12273994274437428,8.160069091245532,0.7582064274520288,0.3041910249002063,ok
9_census,PCA,2,,,,,,error
5_campaign,KDE,4,492.8731229379773,153.73589902743697,646.6090523730963,0.7217725809917659,0.24980576229119597,ok
5_campaign,HBOS,4,5.532369680702686,0.014576099812984467,5.546988140791655,0.76797552688544,0.3473194407526107,ok
5_campaign,ECOD,4,1.0205180048942566,1.024115551263094,2.0446533150970936,0.7648076953315408,0.3505258751005752,ok
5_campaign,OCSVM,4,229.50874058716,21.425933238118887,250.93469996377826,0.7265707632959626,0.27093490739731096,ok
5_campaign,LODA,4,15.941906997933984,15.886272540315986,31.828228130936623,0.41807426057832914,0.09231788456863357,ok
5_campaign,IForest,4,0.4470810256898403,0.057096175849437714,0.5042012501507998,0.7140822287214805,0.271975592337187,ok
5_campaign,PCA,4,,,,,,error
5_campaign,DyCF_2,4,,,,,,error
9_census,DyCF_2,2,,,,,,ram_kill
9_census,DyCF_3,2,,,,,,error
9_census,DyCF_4,2,,,,,,error
9_census,DyCF_5,2,,,,,,error
9_census,DyCG,2,,,,,,error
9_census,KernelCF_rbf,2,,,,,,ram_kill
9_census,KernelCF_lin_2,2,,,,,,ram_kill
9_census,KernelCF_lin_3,2,,,,,,ram_kill
9_census,KernelCF_lin_4,2,,,,,,ram_kill
9_census,KernelCF_lin_5,2,,,,,,ram_kill
5_campaign,DyCF_3,4,,,,,,ram_kill
5_campaign,DyCF_4,4,,,,,,error
5_campaign,DyCF_5,4,,,,,,error
5_campaign,DyCG,4,,,,,,error
10_cover,OCSVM,2,,,,,,timeout
10_cover,LODA,2,22.749028412625194,19.627984635531902,42.37711632810533,0.9425863966407407,0.09695818441554444,ok
10_cover,IForest,2,13.958329172804952,3.839083755388856,17.79743161611259,0.8955971408965862,0.05541957918485639,ok
10_cover,PCA,2,0.7936716508120298,0.20325155928730965,0.9969477094709873,0.9328588960818581,0.07252237192297857,ok
3_backdoor,DyCF_2,3,,,,,,error
5_campaign,KernelCF_rbf,4,650.4244371224195,30.165612380951643,680.5900712832808,0.6757273665948604,0.26364155740441,ok
3_backdoor,DyCF_3,3,,,,,,error
3_backdoor,DyCF_4,3,,,,,,error
3_backdoor,DyCF_5,3,,,,,,error
11_donors,UCF_4,1,,,,,,timeout
3_backdoor,DyCG,3,,,,,,error
10_cover,DyCF_2,2,147.00645880959928,66.61675567924976,213.62323473766446,0.9284493629422557,0.08845890979484486,ok
3_backdoor,KernelCF_rbf,3,,,,,,ram_kill
13_fraud,DyCF_4,2,,,,,,timeout
13_fraud,DyCF_5,2,,,,,,ram_kill
3_backdoor,KernelCF_lin_2,3,,,,,,ram_kill
10_cover,DyCF_3,2,150.71711939573288,67.44008948467672,218.15722944959998,0.9157760050664416,0.07920696992987188,ok
13_fraud,DyCG,2,,,,,,ram_kill
3_backdoor,KernelCF_lin_3,3,,,,,,ram_kill
13_fraud,KernelCF_rbf,2,,,,,,ram_kill
5_campaign,KernelCF_lin_2,4,463.2501936033368,20.17367134988308,483.42389347590506,0.6702409311759989,0.25741731995515904,ok
13_fraud,KernelCF_lin_2,2,,,,,,ram_kill
3_backdoor,KernelCF_lin_4,3,,,,,,ram_kill
13_fraud,KernelCF_lin_3,2,,,,,,ram_kill
33_skin,OCSVM,2,,,,,,timeout
13_fraud,KernelCF_lin_4,2,,,,,,ram_kill
13_fraud,KernelCF_lin_5,2,,,,,,ram_kill
33_skin,LODA,2,24.19037719629705,2.439000552520156,26.62943445891142,0.48089396311804067,0.18917931491908352,ok
10_cover,DyCF_4,2,228.1594716887921,98.24655979126692,326.4060566332191,0.909782452122572,0.07392526506244025,ok
33_skin,IForest,2,7.918350484222174,0.5474422201514244,8.465807281434536,0.6612574182916409,0.24912658753998274,ok
33_skin,PCA,2,0.12081381119787693,0.020266227424144745,0.1411020513623953,0.4175268784617138,0.16390247611614592,ok
8_celeba,KDE,3,,,,,,timeout
1_ALOI,KernelCF_lin_3,3,855.8792895507067,3942.9147107545286,4798.794028867036,0.5235157537355279,0.04077090857861233,ok
8_celeba,HBOS,3,8.724317356944084,0.33593770675361156,9.060293842107058,0.7527939589521785,0.09006553359103743,ok
33_skin,DyCF_2,2,45.68133425526321,23.39638801664114,69.07773624546826,0.7618122082085373,0.31816670655179013,ok
8_celeba,ECOD,3,7.970721673220396,2.6252944823354483,10.596030164510012,0.7608646692913665,0.09532905582480582,ok
5_campaign,KernelCF_lin_3,4,462.9927234277129,41.16650165244937,504.1592490170151,0.6663771482931585,0.2433726180043112,ok
33_skin,DyCF_3,2,50.55350151471794,21.62840201333165,72.18191803060472,0.750621778237296,0.3084873502370097,ok
32_shuttle,KernelCF_rbf,3,885.2238599359989,4041.5114884525537,4926.7353774588555,0.9876580010625,0.9682050008786598,ok
33_skin,DyCF_4,2,81.12345220893621,28.591370759531856,109.7148422896862,0.738311834591271,0.2985430150842033,ok
10_cover,DyCF_5,2,352.3950073439628,141.11280150525272,493.5078248810023,0.9027043183213117,0.07063124521039811,ok
33_skin,DyCF_5,2,69.16268119961023,37.10642533004284,106.26912078075111,0.7277815272248103,0.2910780280731564,ok
33_skin,DyCG,2,79.57145122811198,11.612893093377352,91.18438365124166,0.6709425065889248,0.29632308231038473,ok
3_backdoor,KernelCF_lin_5,3,,,,,,ram_kill
1_ALOI,KernelCF_lin_4,3,,,,,,ram_kill
33_skin,KernelCF_rbf,2,,,,,,ram_kill
32_shuttle,KernelCF_lin_2,3,,,,,,ram_kill
33_skin,KernelCF_lin_2,2,,,,,,ram_kill
10_cover,DyCG,2,356.0915001053363,74.13411745242774,430.22566404752433,0.3949282379756258,0.007862059059994585,ok
1_ALOI,KernelCF_lin_5,3,,,,,,ram_kill
33_skin,KernelCF_lin_3,2,,,,,,ram_kill
5_campaign,KernelCF_lin_4,4,682.9383196271956,36.84373688697815,719.7820852492005,0.6547500930337385,0.21786639117008208,ok
32_shuttle,KernelCF_lin_3,3,,,,,,ram_kill
10_cover,KernelCF_rbf,2,,,,,,ram_kill
1_ALOI,UCF_2,3,0.00025460682809352875,62.534683430567384,62.53495158813894,0.531440066035424,0.03620326836520349,ok
33_skin,KernelCF_lin_4,2,,,,,,ram_kill
32_shuttle,KernelCF_lin_4,3,,,,,,ram_kill
10_cover,KernelCF_lin_2,2,,,,,,ram_kill
3_backdoor,UCF_2,3,0.00023654848337173462,264.838614217937,264.83886987902224,0.8891625517251989,0.22111756444296696,ok
33_skin,KernelCF_lin_5,2,,,,,,ram_kill
1_ALOI,UCF_3,3,0.0005072187632322311,74.82849462516606,74.82901621982455,0.5299215338004701,0.037286578704397555,ok
10_cover,KernelCF_lin_3,2,,,,,,ram_kill
9_census,UCF_2,2,0.0002972278743982315,2831.4278613850474,2831.4281782042235,0.6444715213798355,0.07836593420853721,ok
10_cover,KernelCF_lin_4,2,,,,,,ram_kill
1_ALOI,UCF_4,3,0.00018865801393985748,100.09277410805225,100.09297610633075,0.5344402803803179,0.03937696419645961,ok
10_cover,KernelCF_lin_5,2,,,,,,ram_kill
1_ALOI,UCF_5,3,0.00038862042129039764,100.82619770802557,100.82660239562392,0.5315136127432645,0.03886587930606278,ok
3_backdoor,UCF_3,3,0.0004929658025503159,329.8016847111285,329.8021983783692,0.9179668856174464,0.38797014696660365,ok
1_ALOI,UCF_6,3,0.00019348040223121643,99.6347642019391,99.63496802002192,0.5313095551759993,0.040845337786462224,ok
5_campaign,KernelCF_lin_5,4,528.0998715069145,34.10125984251499,562.2011527791619,0.6339168252171223,0.19032871593091802,ok
5_campaign,UCF_2,4,0.00021815672516822815,59.5310452003032,59.53127756714821,0.675854010409296,0.22586235496904405,ok
1_ALOI,UCF_7,3,0.000241817906498909,92.22447008639574,92.22473097406328,0.5354733122182117,0.04256422319751955,ok
5_campaign,UCF_3,4,0.0002277083694934845,63.09337535686791,63.09361808374524,0.6872062885565882,0.22862769626596502,ok
1_ALOI,UCF_8,3,0.00021643750369548798,89.1300593316555,89.13028993085027,0.532407688901418,0.04400582941394026,ok
3_backdoor,UCF_4,3,0.00025171972811222076,303.67952545918524,303.6797963697463,0.9180313914911729,0.4231842365349979,ok
5_campaign,UCF_4,4,0.00020029768347740173,47.23018404841423,47.23039687797427,0.6876065301822413,0.22578988230116392,ok
1_ALOI,UCG,3,0.00022488832473754883,61.17709759250283,61.17735738120973,0.5183461418226195,0.03224855385831617,ok
5_campaign,UCF_5,4,0.00022864900529384613,50.834711560979486,50.83495463989675,0.6837520506732498,0.22170200255950598,ok
1_ALOI,KNN,4,3.4780854042619467,23.18195242062211,26.66006064414978,0.6855124347676016,0.06510266850899274,ok
1_ALOI,CBLOF,4,13.031476510688663,0.1379332896322012,13.16942298412323,0.5620170714345816,0.038451302994911805,ok
1_ALOI,GMM,4,4.956790057942271,0.3732438236474991,5.33004629984498,0.5684802762776706,0.03905614541339417,ok
5_campaign,UCF_6,4,0.00021682679653167725,57.87097623758018,57.871206026524305,0.6778836527928467,0.2182228616557711,ok
5_campaign,UCF_7,4,0.00021596811711788177,58.589165264740586,58.589396465569735,0.6700451672248691,0.21776705659761256,ok
3_backdoor,UCF_5,3,0.00021510012447834015,255.698674576357,255.69890399463475,0.9187953604996384,0.4434010242431586,ok
5_campaign,UCF_8,4,0.00021649710834026337,59.29576021246612,59.29599109850824,0.6413840930651866,0.1978270679352385,ok
5_campaign,UCG,4,0.00021518953144550323,53.65219325572252,53.65244032070041,0.6334304946250084,0.19391511245880733,ok
13_fraud,UCF_2,2,0.00023537687957286835,2225.108633700758,2225.1088909991086,0.9603098467480905,0.4311419125264909,ok
5_campaign,KNN,5,4.3860484175384045,14.531068762764335,18.917152540758252,0.7338466568129525,0.26057935307911106,ok
5_campaign,CBLOF,5,10.465342247858644,0.10027134604752064,10.565632803365588,0.7265095706820552,0.2545383633081919,ok
5_campaign,GMM,5,3.4959574919193983,0.10075333528220654,3.5967302285134792,0.7615535455026705,0.3039872296141708,ok
3_backdoor,UCF_6,3,0.0003019571304321289,259.35878215916455,259.3591072652489,0.7967625537762599,0.35814731540384565,ok
1_ALOI,KDE,4,265.9959044251591,133.49761797115207,399.493540327996,0.5671455340412243,0.05253170524037758,ok
1_ALOI,HBOS,4,2.8383593801409006,0.009902577847242355,2.8482883237302303,0.5397731076386009,0.03527391248548748,ok
33_skin,UCF_2,2,0.00020521879196166992,1251.5175481401384,1251.517768215388,0.7572889137817075,0.36437704745464683,ok
1_ALOI,ECOD,4,0.5643039476126432,0.29670680314302444,0.8610229399055243,0.5168385110829822,0.031549015153974305,ok
1_ALOI,OCSVM,4,163.66395156271756,32.32995932549238,195.99392564967275,0.5511829811382636,0.03996421195740237,ok
3_backdoor,UCF_7,3,0.00020311027765274048,257.25780807621777,257.25802561454475,0.9103198629891138,0.4993356273286441,ok
1_ALOI,LODA,4,12.481570113450289,0.0837081577628851,12.565313320606947,0.4950180934113819,0.031989803754842124,ok
1_ALOI,IForest,4,0.7426017615944147,0.20495189912617207,0.9475663788616657,0.5389085883515526,0.03342935510782792,ok
5_campaign,KDE,5,259.0470443870872,119.59035218693316,378.6374193113297,0.731954468502183,0.25545665873206863,ok
1_ALOI,PCA,4,0.2131460141390562,0.008012264966964722,0.2211737297475338,0.554777710833384,0.03805657294635542,ok
5_campaign,HBOS,5,4.662072381004691,0.0116504468023777,4.6737520303577185,0.7534224295171155,0.3307767708389859,ok
5_campaign,ECOD,5,2.1221833396703005,0.580224497243762,2.702420087531209,0.7578755025132213,0.33674851916577736,ok
1_ALOI,DyCF_2,4,73.67820045538247,23.48638721741736,97.1646041739732,0.5605060627668179,0.04865132027743917,ok
5_campaign,OCSVM,5,137.52102671563625,24.819416707381606,162.34046514332294,0.7293348480798361,0.2709584772985466,ok
5_campaign,LODA,5,19.952978536486626,19.22319422289729,39.17621144093573,0.4431602185113554,0.10147927741910158,ok
3_backdoor,UCF_8,3,0.00021668709814548492,308.55602264404297,308.55625468306243,0.8964876603032494,0.4877494630841835,ok
5_campaign,IForest,5,0.8446524757891893,0.05598338507115841,0.9006606340408325,0.700949107924378,0.2879365081836087,ok
1_ALOI,DyCF_3,4,121.96859479695559,33.53328951634467,155.50189928337932,0.545556427675181,0.04943726697410107,ok
5_campaign,PCA,5,,,,,,error
16_http,UCF_6,1,,,,,,timeout
10_cover,UCF_2,2,0.00022031739354133606,1750.0494858063757,1750.0497197844088,0.7792014071621289,0.027316474232592123,ok
5_campaign,DyCF_2,5,,,,,,error
3_backdoor,UCG,3,0.0002370774745941162,202.79518624395132,202.7954607307911,0.45597540777659845,0.03645133779043623,ok
3_backdoor,KNN,4,28.912576312199235,13.136006446555257,42.048617370426655,0.743372816260813,0.3639142650823718,ok
3_backdoor,CBLOF,4,16.603397771716118,0.7896862793713808,17.393105192109942,0.8855873982801852,0.5211071729327544,ok
3_backdoor,GMM,4,26.56238396279514,0.22364551201462746,26.78605357557535,0.8989482671096959,0.521978642832074,ok
9_census,UCF_3,2,0.000247100368142128,2435.103871567175,2435.104139825329,0.6452350470424091,0.07917633803870824,ok
33_skin,UCF_3,2,0.00021775998175144196,1362.713749770075,1362.7139806710184,0.8462436891057965,0.420705152489113,ok
13_fraud,UCF_3,2,0.000201420858502388,2064.1344361845404,2064.1346522830427,0.9611643532858141,0.3835522921894026,ok
1_ALOI,DyCF_4,4,1291.0675293263048,294.1379135232419,1585.2054629419,0.578803992342544,0.05625995971921052,ok
5_campaign,DyCF_3,5,,,,,,ram_kill
1_ALOI,DyCF_5,4,,,,,,ram_kill
5_campaign,DyCF_4,5,,,,,,error
5_campaign,DyCF_5,5,,,,,,error
1_ALOI,DyCG,4,,,,,,ram_kill
5_campaign,DyCG,5,,,,,,error
5_campaign,KernelCF_rbf,5,582.7615484409034,52.59291427768767,635.3544796239585,0.6601771703067755,0.24911649152285137,ok
10_cover,UCF_3,2,0.0002154093235731125,2312.863704226911,2312.8639354258776,0.8561063375870867,0.04520141268188127,ok
32_shuttle,KernelCF_lin_5,3,693.83311307244,3649.6531446799636,4343.486284594983,0.9722484167172329,0.9551979960966548,ok
32_shuttle,UCF_2,3,0.0001839064061641693,66.01519053988159,66.01538434810936,0.9861058427020749,0.9609217000556854,ok
33_skin,UCF_4,2,0.00019652768969535828,1754.0515347067267,1754.051746673882,0.8275808997475934,0.3889657114112006,ok
32_shuttle,UCF_3,3,0.00021374784409999847,77.576520845294,77.57674575969577,0.9846109685255697,0.9387285545739232,ok
32_shuttle,UCF_4,3,0.000205187126994133,88.73382869176567,88.73404563218355,0.9827876650279224,0.8955737995776163,ok
5_campaign,KernelCF_lin_2,5,420.34753249771893,25.523620503023267,445.8711688835174,0.6538300417734588,0.2431400980131288,ok
32_shuttle,UCF_5,3,0.00023709796369075775,66.09729022532701,66.09753950312734,0.9761008995977678,0.8249214394134657,ok
32_shuttle,UCF_6,3,0.00020346790552139282,98.46391034312546,98.46412543021142,0.9821653852021135,0.8610709392616048,ok
32_shuttle,UCF_7,3,0.0002183709293603897,95.57726232334971,95.57749407365918,0.9728777789512355,0.7842781816307106,ok
5_campaign,KernelCF_lin_3,5,369.78826448880136,17.010080641135573,386.7983656357974,0.6518060338275915,0.2308400112119754,ok
32_shuttle,UCF_8,3,0.00021841935813426971,85.1501747649163,85.15040586702526,0.9789851061816163,0.773277459995069,ok
32_shuttle,UCG,3,0.00018681958317756653,73.99200258404016,73.99221384525299,0.1609143277881549,0.0415419332682481,ok
32_shuttle,KNN,4,15.856716020032763,1.2203910369426012,17.077125806361437,0.6479561940554849,0.174875574182645,ok
32_shuttle,CBLOF,4,8.09527344070375,0.15677408874034882,8.252060463652015,0.5737558864706631,0.1709298474938738,ok
32_shuttle,GMM,4,2.4635476898401976,0.13255643285810947,2.596122009679675,0.9849023193567564,0.8955247954851054,ok
11_donors,UCF_5,1,,,,,,timeout
5_campaign,KernelCF_lin_4,5,361.56013030558825,22.5691191367805,384.12926773168147,0.6429529563763491,0.20880700581226763,ok
13_fraud,UCF_4,2,0.00022404640913009644,2416.2618430722505,2416.2620866503567,0.9627512147824007,0.35625668586512826,ok
9_census,UCF_4,2,0.00023712776601314545,2983.89943420887,2983.8996923081577,0.6456910419202464,0.07977212898645872,ok
32_shuttle,KDE,4,309.0354385897517,184.9629143793136,493.9983706753701,0.9870662728014487,0.7791927391058024,ok
32_shuttle,HBOS,4,6.8995894733816385,0.003056008368730545,6.90266790241003,0.985352642477743,0.9600927023463013,ok
8_celeba,OCSVM,3,6092.979671586305,718.3303406313062,6811.310032520443,0.7784229106608329,0.10055222152949939,ok
5_campaign,KernelCF_lin_5,5,369.04059243015945,17.8646320104599,386.9052483215928,0.6257354251510815,0.1839105220280166,ok
32_shuttle,ECOD,4,1.7030039634555578,0.24654501676559448,1.9495579041540623,0.9935373025231913,0.9227322954131085,ok
8_celeba,LODA,3,12.857676856219769,14.021731300279498,26.879446486011147,0.7076973450677504,0.06375151888277586,ok
8_celeba,IForest,3,3.539623137563467,0.3844970166683197,3.9241427797824144,0.7073961608532235,0.06463444089780059,ok
5_campaign,UCF_2,5,0.00021831877529621124,39.62653107382357,39.62676386348903,0.6764276747854983,0.21892556273329372,ok
8_celeba,PCA,3,0.7631514463573694,0.2411141749471426,1.0042894314974546,0.7879092818190899,0.1087013046562229,ok
5_campaign,UCF_3,5,0.0002493206411600113,45.12458284571767,45.12484797462821,0.6875236515349257,0.22261360934533667,ok
33_skin,UCF_5,2,0.00021390803158283234,1614.0581863746047,1614.0584134627134,0.8101260544293266,0.36686395944005223,ok
32_shuttle,OCSVM,4,105.509321577847,20.51691235974431,126.02624803595245,0.9929098844796732,0.9296648393274638,ok
32_shuttle,LODA,4,0.4922071471810341,0.42442621663212776,0.9166604857891798,0.8515653267791895,0.38379897688053277,ok
5_campaign,UCF_4,5,0.0002238880842924118,43.18523096293211,43.18546796403825,0.6882862661236642,0.22213483480814275,ok
32_shuttle,IForest,4,0.6217553000897169,0.06233398802578449,0.6841045636683702,0.9973234746211276,0.9865301198107774,ok
32_shuttle,PCA,4,0.01386972889304161,0.002468554303050041,0.016350192949175835,0.9915981113855891,0.9379960130303777,ok
5_campaign,UCF_5,5,0.00021502934396266937,49.283486381173134,49.283714367076755,0.6851350430575865,0.22105351931183112,ok
32_shuttle,DyCF_2,4,22.516467990353703,9.048924768343568,31.565405858680606,0.9571823291693633,0.6630242074230975,ok
32_shuttle,DyCF_3,4,26.44591898098588,10.002832332625985,36.44876463897526,0.9490602651139806,0.5522161272868727,ok
5_campaign,UCF_6,5,0.00020082108676433563,50.89949201233685,50.899705650284886,0.6801051281244922,0.22006719813461842,ok
32_shuttle,DyCF_4,4,40.53889642842114,12.935113042593002,53.47402397543192,0.9404497231993514,0.5288032114667547,ok
5_campaign,UCF_7,5,0.00021215714514255524,57.67232468351722,57.67255160957575,0.6700360604011719,0.2172938246778023,ok
8_celeba,DyCF_2,3,,,,,,error
5_campaign,UCF_8,5,0.00023220106959342957,62.6838491987437,62.68409682996571,0.6511335047250656,0.20656721332188477,ok
32_shuttle,DyCF_5,4,57.48382978513837,14.784339305013418,72.26818266138434,0.9227246079869705,0.5299940314643483,ok
5_campaign,UCG,5,0.00021072104573249817,50.167062379419804,50.16730065830052,0.6395088080674665,0.20086951985911908,ok
10_cover,UCF_4,2,0.00021259114146232605,2149.9954641014338,2149.9956909902394,0.8891395610934474,0.059523110432304294,ok
32_shuttle,DyCG,4,58.12624842301011,17.978376671671867,76.1046641562134,0.4661695232726892,0.0608278630075111,ok
8_celeba,DyCF_3,3,,,,,,error
33_skin,UCF_6,2,0.0002075284719467163,1693.096521832049,1693.0967439189553,0.7976366300523546,0.3530276710867364,ok
8_celeba,DyCF_4,3,,,,,,ram_kill
13_fraud,UCF_5,2,0.00021249055862426758,2286.191653072834,2286.1918868441135,0.8647759049277308,0.2119770315367183,ok
8_celeba,DyCF_5,3,,,,,,error
8_celeba,DyCG,3,,,,,,error
8_celeba,KernelCF_rbf,3,,,,,,ram_kill
1_ALOI,KernelCF_rbf,4,832.9722242951393,3614.942792251706,4447.91503854841,0.5382980278427261,0.04726972277807139,ok
8_celeba,KernelCF_lin_2,3,,,,,,ram_kill
8_celeba,KernelCF_lin_3,3,,,,,,ram_kill
8_celeba,KernelCF_lin_4,3,,,,,,ram_kill
8_celeba,KernelCF_lin_5,3,,,,,,ram_kill
9_census,UCF_5,2,0.00020688772201538086,2677.488711008802,2677.4889375045896,0.6254600485304183,0.07890882402210947,ok
10_cover,UCF_5,2,0.00020386837422847748,2350.405322900042,2350.4055412597954,0.9008575493944362,0.0668358227464414,ok
16_http,UCF_7,1,,,,,,timeout
8_celeba,UCF_2,3,0.00034324824810028076,873.6091301068664,873.6094898749143,0.6920144008229465,0.03853494343705821,ok
33_skin,UCF_7,2,0.0002214573323726654,1624.7192841768265,1624.719521926716,0.7941668374335612,0.3486921442651475,ok
3_backdoor,KDE,4,,,,,,timeout
3_backdoor,HBOS,4,7.9907366912811995,0.1432009767740965,8.133992563933134,0.7268105229693211,0.04786028680722691,ok
3_backdoor,ECOD,4,8.145340964198112,7.458735927939415,15.604092502966523,0.8347060060198644,0.08810487010240659,ok
13_fraud,UCF_6,2,0.00026747584342956543,2236.357471322641,2236.357755560428,0.9487056844053151,0.31156238717266826,ok
8_celeba,UCF_3,3,0.0002209991216659546,892.1747796796262,892.1750171370804,0.6795010598268898,0.03672371785398599,ok
32_shuttle,KernelCF_rbf,4,643.6245754547417,3339.199183916673,3982.8237778823823,0.9889575535306812,0.9724322846447807,ok
9_census,UCF_6,2,0.0002207104116678238,2689.286475148052,2689.2867129072547,0.6470957226088203,0.08065336395767374,ok
10_cover,UCF_6,2,0.000421866774559021,2234.222803041339,2234.2232419792563,0.9042443443183532,0.06535839974529797,ok
33_skin,UCF_8,2,0.00022327713668346405,1746.6288300603628,1746.6290651578456,0.7927637742174568,0.34736754513496876,ok
8_celeba,UCF_4,3,0.0002106986939907074,1097.847198439762,1097.8474229890853,0.6647346304124564,0.03494138439163894,ok
1_ALOI,KernelCF_lin_2,4,601.7089241202921,3368.2197224870324,3969.9286687634885,0.5386083366037819,0.04747891367498071,ok
33_skin,UCG,2,0.00019161030650138855,851.6046784874052,851.6048999074847,0.117150569198233,0.11938601331323909,ok
33_skin,KNN,3,4.050268018618226,1.8887074366211891,5.939003676176071,0.612931387211706,0.2335217827249117,ok
33_skin,CBLOF,3,10.092657567933202,0.16571946814656258,10.25839569605887,0.6568086217662679,0.27278221123642843,ok
3_backdoor,OCSVM,4,2274.060814961791,348.91184353269637,2622.97268072702,0.8798898580152906,0.5080638767931127,ok
33_skin,GMM,3,3.3749506790190935,0.018732350319623947,3.393700201064348,0.7154108972092639,0.2874371745834843,ok
3_backdoor,LODA,4,18.011287219822407,16.66874722018838,34.680097630247474,0.7265876238969136,0.11634080568143959,ok
3_backdoor,IForest,4,4.275157997384667,0.3387163504958153,4.61389627866447,0.7075869778126458,0.04040378613537176,ok
3_backdoor,PCA,4,,,,,,error
8_celeba,UCF_5,3,0.00023866817355155945,1154.5209909826517,1154.5212467294186,0.6483538565695348,0.033049990575993476,ok
11_donors,UCF_6,1,,,,,,timeout
13_fraud,UCF_7,2,0.00020829029381275177,2483.795446127653,2483.7956685982645,0.918891906150831,0.2534661538028452,ok
10_cover,UCF_7,2,0.00023090839385986328,2395.5639701802284,2395.5642133485526,0.8482184949794228,0.061089320091087314,ok
8_celeba,UCF_6,3,0.00021730735898017883,1161.4795041959733,1161.4797359853983,0.6317181329851019,0.03132646366825545,ok
9_census,UCF_7,2,0.0002403687685728073,2761.9300439096987,2761.9303039889783,0.6363077209002959,0.07938590308362564,ok
32_shuttle,KernelCF_lin_2,4,602.6099719386548,3415.0109489355236,4017.6209360007197,0.9816886419211491,0.9642178712425279,ok
8_celeba,UCF_7,3,0.00022769905626773834,1256.9713318254799,1256.9715747032315,0.6161008017134123,0.02989909130641399,ok
13_fraud,UCF_8,2,0.00021373853087425232,2591.3737253006548,2591.3739560898393,0.9558953583984359,0.28446807393928714,ok
3_backdoor,DyCF_2,4,,,,,,error
3_backdoor,DyCF_3,4,,,,,,error
3_backdoor,DyCF_4,4,,,,,,error
3_backdoor,DyCF_5,4,,,,,,error
3_backdoor,DyCG,4,,,,,,error
3_backdoor,KernelCF_rbf,4,,,,,,ram_kill
13_fraud,UCG,2,,,,,,ram_kill
3_backdoor,KernelCF_lin_2,4,,,,,,ram_kill
1_ALOI,KernelCF_lin_3,4,625.9809739813209,3517.6079072915018,4143.588905833662,0.5370549502922523,0.04741163291591893,ok
13_fraud,KNN,3,47.50706808641553,33.07067288085818,80.57777060940862,0.938102618416529,0.06499050227917132,ok
16_http,UCF_8,1,,,,,,timeout
13_fraud,CBLOF,3,19.0442932844162,0.8312652483582497,19.875588331371546,0.9528650169602159,0.1371803261236521,ok
10_cover,UCF_8,2,0.00021079927682876587,2846.2170775681734,2846.2173054665327,0.9097104999010174,0.07135326531573963,ok
13_fraud,GMM,3,6.784406580030918,0.20158980414271355,6.986025946214795,0.9528526592129383,0.13338457364644657,ok
16_http,UCG,1,,,,,,ram_kill
3_backdoor,KernelCF_lin_3,4,,,,,,ram_kill
10_cover,UCG,2,,,,,,ram_kill
3_backdoor,KernelCF_lin_4,4,,,,,,ram_kill
16_http,KNN,2,31.743234500288963,5.457043990492821,37.200313061475754,0.1957578584068059,0.007647661891426617,ok
16_http,CBLOF,2,16.9227462336421,0.11841839738190174,17.04118498787284,0.9957923642034765,0.4666339481323709,ok
8_celeba,UCF_8,3,0.00026059895753860474,1657.3538068719208,1657.3540885020047,0.6026169069559548,0.028823271957416092,ok
10_cover,KNN,3,37.2421552632004,18.060376031324267,55.30256053060293,0.7812708153107701,0.039957242243276854,ok
16_http,GMM,2,3.9056298714131117,0.11666064895689487,4.022312009707093,0.995927961124898,0.4746385409563851,ok
10_cover,CBLOF,3,11.654621897265315,0.17011161148548126,11.824752615764737,0.9187834765599967,0.0643736314806711,ok
10_cover,GMM,3,3.7069900408387184,0.4672358054667711,4.174248121678829,0.9315901580898399,0.07941797387658484,ok
8_celeba,UCG,3,,,,,,ram_kill
3_backdoor,KernelCF_lin_5,4,,,,,,ram_kill
8_celeba,KNN,4,35.18651179596782,17.29262833110988,52.47917531616986,0.6258097634176956,0.03993799328249212,ok
8_celeba,CBLOF,4,10.993799097836018,0.16590105183422565,11.15972027182579,0.7916482033138185,0.1257591112118249,ok
8_celeba,GMM,4,5.992237560451031,0.20719174481928349,6.199455754831433,0.7900563529991034,0.08309069501736496,ok
3_backdoor,UCF_2,4,0.0002835560590028763,174.33245689608157,174.332757236436,0.8796254762307649,0.21398839468597297,ok
3_backdoor,UCF_3,4,0.00024025887250900269,159.54948843456805,159.54974969290197,0.9086593751442151,0.4008800527831239,ok
9_census,UCF_8,2,0.00021828897297382355,3228.7784084696323,3228.7786483783275,0.6164638849080735,0.08025800461337426,ok
3_backdoor,UCF_4,4,0.00024650804698467255,173.38228470645845,173.3825498148799,0.9067458889042719,0.42915950177541623,ok
3_backdoor,UCF_5,4,0.00022624991834163666,185.63184333592653,185.63208399526775,0.9047661021120803,0.4396613168395256,ok
3_backdoor,UCF_6,4,0.00024159997701644897,198.05448718555272,198.05474811419845,0.788420477794699,0.327127303201496,ok
3_backdoor,UCF_7,4,0.0002284180372953415,211.65773762762547,211.6579816173762,0.8977142974346353,0.48775583001731676,ok
32_shuttle,KernelCF_lin_3,4,705.090509146452,2861.905830807984,3566.9963604342192,0.9783696310225032,0.9606294412127241,ok
3_backdoor,UCF_8,4,0.00025129877030849457,221.17284291237593,221.17311341688037,0.8872239399859502,0.46152245393138114,ok
9_census,UCG,2,0.00023207999765872955,1093.950900727883,1093.951183449477,0.5636277276402528,0.07322953666405693,ok
3_backdoor,UCG,4,0.0002608969807624817,192.914187123999,192.91449081338942,0.4450693515057353,0.035089486266206185,ok
3_backdoor,KNN,5,26.564832476899028,12.942756431177258,39.507628448307514,0.7141344778254649,0.37131803150561266,ok
3_backdoor,CBLOF,5,14.725198725238442,0.3668273203074932,15.092049691826105,0.9017404279539127,0.5338328991092147,ok
3_backdoor,GMM,5,22.422250527888536,0.42228282801806927,22.844561556354165,0.8939564457161023,0.528198075467173,ok
9_census,KNN,3,282.60298856161535,132.03254722990096,414.6355722937733,0.6713252418889002,0.09129709622458697,ok
9_census,CBLOF,3,11.59631734713912,1.388308398425579,12.984651116654277,0.6629571407301973,0.08595667789350489,ok
9_census,GMM,3,47.62923103198409,1.0203096009790897,48.64956529252231,0.6592727937001869,0.08515255791197668,ok
1_ALOI,KernelCF_lin_4,4,636.3677230086178,2345.3821033649147,2981.763061584905,0.5364920646326626,0.047667065845711426,ok
33_skin,KDE,3,,,,,,timeout
33_skin,HBOS,3,5.805863913148642,0.009290717542171478,5.815196948125958,0.5950564243968159,0.23722574143181518,ok
33_skin,ECOD,3,0.8015861790627241,0.3269610572606325,1.1285547856241465,0.4888591458631416,0.18235447799988933,ok
11_donors,UCF_7,1,,,,,,timeout
32_shuttle,KernelCF_lin_4,4,557.3879982344806,1903.9214956760406,2461.309514902532,0.976939123438112,0.9565007011577094,ok
1_ALOI,KernelCF_lin_5,4,456.6943719033152,1903.126075392589,2359.820463668555,0.5361908148606727,0.047579477110516556,ok
1_ALOI,UCF_2,4,0.0001844596117734909,31.023715602234006,31.023909892886877,0.5374989942986714,0.0427446372608804,ok
1_ALOI,UCF_3,4,0.00017895735800266266,33.644447887316346,33.644638458266854,0.5410736099672219,0.04424766011956864,ok
1_ALOI,UCF_4,4,0.00020205043256282806,39.014412151649594,39.014627169817686,0.5460035425253513,0.04754640346373702,ok
1_ALOI,UCF_5,4,0.00021066144108772278,41.79834307730198,41.79856526851654,0.5413945131392192,0.04330443782620476,ok
1_ALOI,UCF_6,4,0.00019999779760837555,41.008903151378036,41.009113570675254,0.5296099967019138,0.04900935214399345,ok
1_ALOI,UCF_7,4,0.00018292665481567383,47.265314519405365,47.26550822891295,0.5369893877781647,0.04855243653621044,ok
1_ALOI,UCF_8,4,0.00020849891006946564,47.724703785032034,47.72492530941963,0.5490422959593224,0.0539822750481497,ok
1_ALOI,UCG,4,0.00019830837845802307,36.2806300483644,36.28085465542972,0.5045205123150047,0.03213951824636175,ok
1_ALOI,KNN,5,2.5341115444898605,13.066131392493844,15.600265158340335,0.6770981693472062,0.06602651885438221,ok
1_ALOI,CBLOF,5,6.036978961899877,0.14254400879144669,6.179533861577511,0.5470698930179454,0.03942359921060582,ok
1_ALOI,GMM,5,2.583057189360261,0.05908908508718014,2.642164884135127,0.5535585858641693,0.04163393765388442,ok
33_skin,OCSVM,3,2260.8021807353944,255.01112481206656,2515.813325466588,0.5484751680636478,0.22022540863495316,ok
33_skin,LODA,3,11.114944081753492,0.32518410310149193,11.440161352977157,0.44098347365692286,0.17896401674131826,ok
33_skin,IForest,3,4.162286365404725,0.5724762044847012,4.734783051535487,0.6518564459462931,0.24403725472908655,ok
33_skin,PCA,3,0.04902179166674614,0.006534816697239876,0.05557311698794365,0.41731454535260487,0.16381826581812223,ok
33_skin,DyCF_2,3,22.774122955277562,9.622466875240207,32.396601079031825,0.7630877283534737,0.31918219601246506,ok
33_skin,DyCF_3,3,22.563662530854344,8.836768671870232,31.40044821612537,0.7522125489188656,0.30972140317494246,ok
33_skin,DyCF_4,3,30.152701050043106,12.854516865685582,43.00723055563867,0.7399208344700919,0.2997761065096766,ok
1_ALOI,KDE,5,168.03699228912592,68.90494189970195,236.94195452705026,0.5568129125294724,0.054634964254136394,ok
33_skin,DyCF_5,3,30.346797475591302,12.459208153188229,42.806018928065896,0.7298512247991149,0.29262177411011486,ok
1_ALOI,HBOS,5,4.393024103716016,0.00882556103169918,4.4018790647387505,0.5211331628400883,0.03303244766810836,ok
1_ALOI,ECOD,5,0.6958200726658106,0.40953986532986164,1.1053719352930784,0.5147928685181398,0.03193890647712012,ok
33_skin,DyCG,3,29.535622902214527,7.7103842459619045,37.24603430740535,0.6781718302615767,0.29964248880975386,ok
33_skin,KernelCF_rbf,3,,,,,,ram_kill
32_shuttle,KernelCF_lin_5,4,,,,,,ram_kill
33_skin,KernelCF_lin_2,3,,,,,,ram_kill
1_ALOI,OCSVM,5,99.67258445546031,22.784318139776587,122.4569198731333,0.5364326438060775,0.04199899147042488,ok
32_shuttle,UCF_2,4,0.0002907607704401016,26.43579563871026,26.43609673716128,0.9890299051908567,0.9660035750787997,ok
11_donors,UCF_8,1,,,,,,ram_kill
1_ALOI,LODA,5,5.941671635955572,0.06226230040192604,6.003977827727795,0.4950582446934284,0.032783527884820474,ok
1_ALOI,IForest,5,0.4188793823122978,0.06157648749649525,0.4804696775972843,0.5380975785168685,0.03365154136323252,ok
33_skin,KernelCF_lin_3,3,,,,,,ram_kill
1_ALOI,PCA,5,0.21114338748157024,0.017453612759709358,0.2286165915429592,0.5374899353096055,0.0391820102575577,ok
32_shuttle,UCF_3,4,0.0010605938732624054,25.48807311989367,25.489143382757902,0.987872486934172,0.9414824794110136,ok
33_skin,KernelCF_lin_4,3,,,,,,ram_kill
33_skin,KernelCF_lin_5,3,,,,,,ram_kill
32_shuttle,UCF_4,4,0.0005050059407949448,40.2638146802783,40.26433367468417,0.9853455947872366,0.8906929462292893,ok
1_ALOI,DyCF_2,5,35.33672494441271,12.383911188691854,47.72065488062799,0.5578006494220366,0.04803921485181313,ok
9_census,KDE,3,,,,,,ram_kill
11_donors,UCG,1,,,,,,ram_kill
9_census,HBOS,3,10.53599470667541,0.8684767093509436,11.404526395723224,0.6088057687942385,0.07211846293781587,ok
32_shuttle,UCF_5,4,0.0004162173718214035,36.58491847105324,36.58534482680261,0.9731166366393389,0.796579846468717,ok
1_ALOI,DyCF_3,5,54.246330838650465,18.218346901237965,72.46469495259225,0.5527899536732512,0.04485396135880311,ok
32_shuttle,UCF_6,4,0.00020716898143291473,38.47231602482498,38.47253345139325,0.982329808168808,0.849265260792361,ok
9_census,ECOD,3,29.841483993455768,41.594218995422125,71.4357190951705,0.6587637197433154,0.08371570376401197,ok
32_shuttle,UCF_7,4,0.0002237185835838318,54.18976519070566,54.19000134989619,0.9798297180764097,0.7909922978494797,ok
3_backdoor,KDE,5,3023.6671374067664,1075.355757324025,4099.02292422764,0.8546370134498336,0.23342680503047036,ok
3_backdoor,HBOS,5,4.4527633637189865,0.14273671060800552,4.595555501058698,0.7420103732418559,0.05187451168343824,ok
32_shuttle,UCF_8,4,0.0002212170511484146,46.69284884259105,46.69308103993535,0.9818728539695614,0.7889362968555333,ok
3_backdoor,ECOD,5,12.29635383374989,7.046825580298901,19.34319631755352,0.8438077950579681,0.09084735002929747,ok
32_shuttle,UCG,4,0.00021340139210224152,31.30702043324709,31.307259991765022,0.17336711086558765,0.04254358387131615,ok
32_shuttle,KNN,5,3.350961646065116,1.2040526326745749,4.555037535727024,0.6466420601586695,0.16978787783942684,ok
32_shuttle,CBLOF,5,6.920330189168453,0.1536626387387514,7.074008759111166,0.6361606515148959,0.21069509157154992,ok
32_shuttle,GMM,5,0.8948781434446573,0.09083773009479046,0.9857314135879278,0.9849049579009852,0.8789393563572787,ok
32_shuttle,KDE,5,195.65571695193648,57.02920451387763,252.6849404592067,0.9861540308519422,0.7490228324481094,ok
33_skin,UCF_2,3,0.0004075951874256134,624.1393456924707,624.1397661399096,0.7601737375410477,0.36617479520689133,ok
32_shuttle,HBOS,5,5.992519186809659,0.00293533131480217,5.995475647971034,0.983176225383337,0.9592432388417701,ok
32_shuttle,ECOD,5,0.8789991289377213,0.1617586836218834,1.0407661721110344,0.9934007925770253,0.9148149147465765,ok
32_shuttle,OCSVM,5,119.68285955674946,12.842129534110427,132.52499954029918,0.9917763519917988,0.9103170698537744,ok
32_shuttle,LODA,5,0.4159120563417673,0.21234598569571972,0.6282804142683744,0.44447263520647057,0.2981066259487166,ok
32_shuttle,IForest,5,1.0613592937588692,0.15083452127873898,1.2122101224958897,0.9970981568310417,0.9742392426698002,ok
32_shuttle,PCA,5,0.06917111203074455,0.0024996474385261536,0.07168101519346237,0.9904078501967903,0.9255474839320613,ok
32_shuttle,DyCF_2,5,12.202474918216467,4.8077108040452,17.0102004930377,0.9566129590988842,0.6462852274378238,ok
1_ALOI,DyCF_4,5,696.5293040052056,152.86690251901746,849.396225174889,0.5116411080341257,0.04284823797335556,ok
32_shuttle,DyCF_3,5,17.831106070429087,3.564215112477541,21.39533950202167,0.9563284823697682,0.5702362993709426,ok
32_shuttle,DyCF_4,5,19.358004769310355,4.297942290082574,23.6559791918844,0.9418226688583248,0.5053455106211352,ok
1_ALOI,DyCF_5,5,,,,,,ram_kill
11_donors,KNN,2,732.3050679210573,226.88355527445674,959.1886628326029,0.6267061078926142,0.11248480170455674,ok
11_donors,CBLOF,2,10.537207512184978,0.11442256346344948,10.651652380824089,0.6327834364358358,0.0866680835463174,ok
1_ALOI,DyCG,5,,,,,,ram_kill
32_shuttle,DyCF_5,5,31.150103978812695,6.3408276960253716,37.49094834364951,0.8947521507780825,0.4568111060046351,ok
11_donors,GMM,2,2.601336721330881,0.16293277591466904,2.7643009070307016,0.8008289563236374,0.14104429879093242,ok
32_shuttle,DyCG,5,33.47358803637326,15.648099314421415,49.12171463109553,0.4451176898350986,0.058459225902266314,ok
13_fraud,KDE,3,,,,,,timeout
13_fraud,HBOS,3,5.16658503189683,0.0823757890611887,5.249014573171735,0.9436681992385727,0.22268380958373976,ok
13_fraud,ECOD,3,9.338594350963831,13.776793515309691,23.11540142633021,0.9468466356033036,0.2023561259162287,ok
16_http,KDE,2,,,,,,timeout
16_http,HBOS,2,12.248039413243532,0.012776844203472137,12.260853888466954,0.9929165239079046,0.35210578353689487,ok
10_cover,KDE,3,,,,,,timeout
16_http,ECOD,2,4.071010584011674,2.306425930932164,6.3774487022310495,0.9779199944544541,0.14333145740343148,ok
33_skin,UCF_3,3,0.00020939670503139496,801.3611760716885,801.3614021893591,0.8453297802344812,0.41893894554682803,ok
10_cover,HBOS,3,8.913824696093798,0.13537460379302502,9.049252640455961,0.7117855097278717,0.025267859559017204,ok
10_cover,ECOD,3,2.8612118866294622,1.5652904734015465,4.4265179466456175,0.9165682077359878,0.10621941221806466,ok
8_celeba,KDE,4,,,,,,timeout
8_celeba,HBOS,4,7.179518660530448,0.05907437950372696,7.238645993173122,0.7454070301866811,0.09255551110658022,ok
8_celeba,ECOD,4,3.367983900010586,3.2511024847626686,6.619099805131555,0.7548075584763053,0.09831531828366498,ok
3_backdoor,OCSVM,5,1642.3292940799147,140.60535248741508,1782.9346798881888,0.8856362648125073,0.5281223720135371,ok
3_backdoor,LODA,5,8.854360207915306,8.617255119606853,17.471661129966378,0.5502248732187816,0.039573987352106085,ok
3_backdoor,IForest,5,1.3011220768094063,0.13554797321558,1.4366885758936405,0.7233285646161183,0.04213981796857308,ok
3_backdoor,PCA,5,,,,,,error
33_skin,UCF_4,3,0.00025390833616256714,831.3029631003737,831.3032381888479,0.8261177160101096,0.3869799061215855,ok
33_skin,UCF_5,3,0.0002092178910970688,947.1636466030031,947.1638683304191,0.8090222129481625,0.3655910097575481,ok
1_ALOI,KernelCF_rbf,5,532.007364988327,2203.461897291243,2735.4692796375602,0.5287375699922061,0.048334662652462994,ok
32_shuttle,KernelCF_rbf,5,549.5382146909833,2213.9125800263137,2763.4508130960166,0.987203754842857,0.9656306679219269,ok
33_skin,UCF_6,3,0.00020105764269828796,1267.3172638546675,1267.317479012534,0.7967434230109267,0.3519705688520598,ok
3_backdoor,DyCF_2,5,,,,,,error
3_backdoor,DyCF_3,5,,,,,,error
3_backdoor,DyCF_4,5,,,,,,error
3_backdoor,DyCF_5,5,,,,,,error
3_backdoor,DyCG,5,,,,,,error
8_celeba,OCSVM,4,3275.151012815535,644.7846797239035,3919.9357150681317,0.7732582843488942,0.10626959806719058,ok
8_celeba,LODA,4,15.786365550011396,13.38059976324439,29.167027067393064,0.5140841038503013,0.028969628587785696,ok
8_celeba,IForest,4,9.565397528931499,4.470762711018324,14.036186441779137,0.7062882486307588,0.07074411516388027,ok
8_celeba,PCA,4,2.3393928948789835,1.0189672727137804,3.3583907671272755,0.7829955456965885,0.11327005488902253,ok
33_skin,UCF_7,3,0.00027457810938358307,1441.4944439344108,1441.4947339445353,0.7935790978306214,0.34803325680175373,ok
8_celeba,DyCF_2,4,,,,,,error
10_cover,OCSVM,3,3990.5369777102023,818.122420873493,4808.659422360361,0.9505400371918303,0.09401422912272256,ok
10_cover,LODA,3,18.708078764379025,16.555065412074327,35.26318516395986,0.9171519788560137,0.07710767943492454,ok
10_cover,IForest,3,7.6182603519409895,1.0535318721085787,8.671811413019896,0.8763056065445193,0.04959059413778372,ok
10_cover,PCA,3,0.5182715598493814,0.017631208524107933,0.5359292160719633,0.9315998535767295,0.0708049228731202,ok
10_cover,DyCF_2,3,125.40800669044256,57.241962026804686,182.64998538047075,0.9256039017495057,0.08437721419073681,ok
10_cover,DyCF_3,3,147.220526907593,74.33685194328427,221.55739776231349,0.9124024896753775,0.07462145452799111,ok
10_cover,DyCF_4,3,236.96682586334646,104.66700184345245,341.63384706899524,0.9054621060390976,0.06969879561703696,ok
9_census,OCSVM,3,,,,,,timeout
9_census,LODA,3,23.053920231759548,21.393691735342145,44.44770552404225,0.44625110257644746,0.05836132191302755,ok
9_census,IForest,3,6.074683595448732,1.1678725983947515,7.242582477629185,0.6156518166759017,0.07320123552861194,ok
8_celeba,DyCF_3,4,,,,,,error
3_backdoor,KernelCF_rbf,5,,,,,,ram_kill
8_celeba,DyCF_4,4,,,,,,ram_kill
8_celeba,DyCF_5,4,,,,,,error
10_cover,DyCF_5,3,296.2493371888995,104.3076785299927,400.55704072117805,0.8982667982092449,0.06557459305291834,ok
8_celeba,DyCG,4,,,,,,error
1_ALOI,KernelCF_lin_2,5,802.496295588091,3210.017601804808,4012.513920513913,0.5277006995996234,0.04779356407357572,ok
8_celeba,KernelCF_rbf,4,,,,,,ram_kill
32_shuttle,KernelCF_lin_2,5,729.189118757844,3232.8406879752874,3962.0298343319446,0.9777098560944921,0.9607107911899488,ok
9_census,PCA,3,,,,,,error
3_backdoor,KernelCF_lin_2,5,,,,,,ram_kill
8_celeba,KernelCF_lin_2,4,,,,,,ram_kill
9_census,DyCF_2,3,,,,,,ram_kill
8_celeba,KernelCF_lin_3,4,,,,,,ram_kill
9_census,DyCF_3,3,,,,,,error
8_celeba,KernelCF_lin_4,4,,,,,,ram_kill
9_census,DyCF_4,3,,,,,,error
3_backdoor,KernelCF_lin_3,5,,,,,,ram_kill
10_cover,DyCG,3,244.04724187776446,58.45626084133983,302.5035444293171,0.4060612985521139,0.008596049680181595,ok
33_skin,UCF_8,3,0.0002702903002500534,2046.9777311626822,2046.9780244808644,0.7910435514303312,0.34650429856892484,ok
9_census,DyCF_5,3,,,,,,error
8_celeba,KernelCF_lin_5,4,,,,,,ram_kill
10_cover,KernelCF_rbf,3,,,,,,ram_kill
9_census,DyCG,3,,,,,,error
10_cover,KernelCF_lin_2,3,,,,,,ram_kill
3_backdoor,KernelCF_lin_4,5,,,,,,ram_kill
9_census,KernelCF_rbf,3,,,,,,ram_kill
11_donors,KDE,2,,,,,,timeout
10_cover,KernelCF_lin_3,3,,,,,,ram_kill
11_donors,HBOS,2,24.342992942780256,0.19766218774020672,24.540701683610678,0.7340767717683305,0.11731648111912583,ok
9_census,KernelCF_lin_2,3,,,,,,ram_kill
33_skin,UCG,3,,,,,,ram_kill
11_donors,ECOD,2,9.276865696534514,3.2274623587727547,13.316096689552069,0.8883709316262859,0.26313933792637734,ok
10_cover,KernelCF_lin_4,3,,,,,,ram_kill
9_census,KernelCF_lin_3,3,,,,,,ram_kill
33_skin,KNN,4,2.446893671527505,0.5961952302604914,3.04311659373343,0.6110763345117824,0.23270754887715409,ok
3_backdoor,KernelCF_lin_5,5,,,,,,ram_kill
1_ALOI,KernelCF_lin_3,5,,,,,,ram_kill
33_skin,CBLOF,4,14.240780033171177,0.22405558079481125,14.464852545410395,0.5324579178849276,0.19865011015130962,ok
10_cover,KernelCF_lin_5,3,,,,,,ram_kill
32_shuttle,KernelCF_lin_3,5,,,,,,ram_kill
33_skin,GMM,4,2.470295110717416,0.026677444577217102,2.4969925545156,0.7155025336722393,0.287524912699674,ok
13_fraud,OCSVM,3,,,,,,timeout
9_census,KernelCF_lin_4,3,,,,,,ram_kill
13_fraud,LODA,3,17.336145175620914,18.795676920562983,36.13188120350242,0.753974996158008,0.11529539264612684,ok
9_census,KernelCF_lin_5,3,,,,,,ram_kill
13_fraud,IForest,3,2.5340160187333822,1.4296488240361214,3.963685991242528,0.9412776088709613,0.14860727818520267,ok
13_fraud,PCA,3,1.8089206106960773,0.3569596689194441,2.165903391316533,0.9520418800886589,0.1373321534970487,ok
3_backdoor,UCF_2,5,0.0010195113718509674,224.9599064346403,224.96094693616033,0.8742126745324862,0.18987243153361527,ok
16_http,OCSVM,2,,,,,,timeout
16_http,LODA,2,25.402923757210374,18.632027791813016,44.03499521873891,0.2981941862646509,0.0055568343098004345,ok
16_http,IForest,2,7.986839732155204,1.119534244760871,9.10639351606369,0.999519500755722,0.897700478137198,ok
16_http,PCA,2,0.5550372693687677,0.08492739871144295,0.6399838384240866,0.9959566262749533,0.4763968546281127,ok
3_backdoor,UCF_3,5,0.00023409724235534668,289.69990868866444,289.7001581862569,0.9033484086329164,0.3611569354455154,ok
16_http,DyCF_2,2,94.78299192897975,52.295087737962604,147.07809569872916,0.993987749370463,0.3818115931368349,ok
8_celeba,UCF_2,4,0.00023342855274677277,1027.20993976295,1027.2101920824498,0.6886463113898051,0.03884530908426469,ok
13_fraud,DyCF_2,3,404.7767021190375,177.84573291428387,582.6224541850388,0.9582057818413994,0.15988468485948643,ok
16_http,DyCF_3,2,116.2021779678762,34.404030879959464,150.60622349753976,0.9934789540744007,0.3605111131796222,ok
3_backdoor,UCF_4,5,0.0002421196550130844,281.3627261519432,281.3629863727838,0.9012112028960984,0.4148147067285916,ok
16_http,DyCF_4,2,115.61764426343143,47.59421352110803,163.21187378652394,0.9927218979449328,0.27297304507093345,ok
3_backdoor,UCF_5,5,0.0002039596438407898,225.721584610641,225.7218037005514,0.9021614082585978,0.4377030142804214,ok
16_http,DyCF_5,2,111.91264927573502,49.100484715774655,161.01314941234887,0.991820697823239,0.3085798441310081,ok
16_http,DyCG,2,106.57490281760693,10.483749309554696,117.05869168229401,0.014326131372249319,0.0037413739775640506,ok
16_http,KernelCF_rbf,2,,,,,,error
16_http,KernelCF_lin_2,2,,,,,,error
3_backdoor,UCF_6,5,0.00020887702703475952,237.430434435606,237.4306576643139,0.7785557452787136,0.327008371595285,ok
16_http,KernelCF_lin_3,2,,,,,,error
16_http,KernelCF_lin_4,2,,,,,,error
16_http,KernelCF_lin_5,2,,,,,,error
13_fraud,DyCF_3,3,534.2294365018606,221.91125326231122,756.1407078355551,0.9609912656075972,0.591158614180362,ok
3_backdoor,UCF_7,5,0.00021079927682876587,249.36193773150444,249.3621633797884,0.8919006671076448,0.483197692090069,ok
8_celeba,UCF_3,4,0.00020493008196353912,826.8407656997442,826.8409850150347,0.6787674592820757,0.037044975087641,ok
10_cover,UCF_2,3,0.0006584152579307556,1724.6103806439787,1724.611059019342,0.7710861132869237,0.0257161251470853,ok
3_backdoor,UCF_8,5,0.00020653754472732544,336.29436038807034,336.29458211548626,0.8846263735700258,0.448831347340076,ok
3_backdoor,UCG,5,0.00023328885436058044,192.9135620314628,192.9138342719525,0.437749062921429,0.03157474154026179,ok
9_census,UCF_2,3,0.0003160610795021057,2068.1352728530765,2068.1356072314084,0.6400231210622117,0.07703309261434356,ok
8_celeba,UCF_4,4,0.00021052733063697815,1020.9821021035314,1020.9823270142078,0.666147064566275,0.03538794964979111,ok
10_cover,UCF_3,3,0.00023910775780677795,1812.8099836446345,1812.8102390225977,0.8440790504031666,0.04210225314185976,ok
8_celeba,UCF_5,4,0.0002290681004524231,1009.3643562793732,1009.364600835368,0.6514815316786221,0.03358530679409431,ok
1_ALOI,KernelCF_lin_4,5,765.7215693071485,3205.969087678939,3971.6906808707863,0.524169229285777,0.04743147238913288,ok
32_shuttle,KernelCF_lin_4,5,777.6230086255819,3216.92332528159,3994.5463559571654,0.9762567125780306,0.9595532029805012,ok
9_census,UCF_3,3,0.00024280883371829987,2319.5307603403926,2319.531024027616,0.6406887674832554,0.07772743461655339,ok
8_celeba,UCF_6,4,0.00022374838590621948,1357.5088913030922,1357.5091320630163,0.6361681238936795,0.031886323320042584,ok
10_cover,UCF_4,3,0.00020902790129184723,2156.807540016249,2156.807763364166,0.8834514374051942,0.05954185201085911,ok
8_celeba,UCF_7,4,0.00023520924150943756,1124.8367770779878,1124.837028445676,0.6211626374522379,0.030430952271614607,ok
9_census,UCF_4,3,0.00026379525661468506,2394.1514857038856,2394.1517664529383,0.6416443944945194,0.07841525080170045,ok
11_donors,OCSVM,2,,,,,,timeout
11_donors,LODA,2,24.136578615754843,17.88183508068323,42.01848282292485,0.785295790401491,0.11746628206453305,ok
11_donors,IForest,2,4.288130916655064,0.8208061177283525,5.108954710885882,0.7740405958945954,0.12217674236062724,ok
33_skin,KDE,4,,,,,,timeout
11_donors,PCA,2,0.2622084319591522,0.05095197632908821,0.3131837882101536,0.8237727719451285,0.16708227360520225,ok
33_skin,HBOS,4,7.016071908175945,0.008350435644388199,7.024445991963148,0.58906727167195,0.2337148560740029,ok
33_skin,ECOD,4,1.23048584908247,0.5223032087087631,1.752801114693284,0.48783509740710157,0.1819444118242819,ok
16_http,UCF_2,2,0.045676542446017265,6048.10013287887,6048.145823609084,0.9941888812463311,0.31499770305470437,ok
11_donors,DyCF_2,2,,,,,,error
8_celeba,UCF_8,4,0.00022807717323303223,1387.6224283520132,1387.6226718723774,0.607955569596862,0.029317858512407792,ok
11_donors,DyCF_3,2,,,,,,error
10_cover,UCF_5,3,0.0002149473875761032,2224.3746190797538,2224.3748478367925,0.8978224050679039,0.06896495077470383,ok
1_ALOI,KernelCF_lin_5,5,869.759839432314,3255.463170534,4125.2230281140655,0.5236267647371327,0.0478732315131597,ok
1_ALOI,UCF_2,5,0.00023167766630649567,55.93101628869772,55.931259056553245,0.5355103158854133,0.042046292682754824,ok
11_donors,DyCF_4,2,,,,,,error
32_shuttle,KernelCF_lin_5,5,867.5700940024108,3316.5278918743134,4184.098002618179,0.9761569339449478,0.9579846375729115,ok
1_ALOI,UCF_3,5,0.00022768788039684296,65.996877072379,65.9971193280071,0.5340719326723649,0.043710010843612146,ok
32_shuttle,UCF_2,5,0.00021089054644107819,63.10227589122951,63.10249844007194,0.9868034599091604,0.9633309491571136,ok
8_celeba,UCG,4,0.00022678636014461517,665.2838150877506,665.2840782515705,0.5547645790483877,0.02591912880356611,ok
32_shuttle,UCF_3,5,0.00017054937779903412,49.250797683373094,49.25098120048642,0.9854323195699228,0.9308136104329997,ok
1_ALOI,UCF_4,5,0.00020818784832954407,57.53324085101485,57.53346044756472,0.5389005273867059,0.04461305645029736,ok
8_celeba,KNN,5,28.866098046302795,9.425751382485032,38.291878309100866,0.6298684517574183,0.03838907025206087,ok
8_celeba,CBLOF,5,14.848136901855469,0.5342556294053793,15.382413996383548,0.7560115241429088,0.05798681076177965,ok
1_ALOI,UCF_5,5,0.00018502771854400635,80.23990223556757,80.24009918421507,0.5360071784043527,0.04683358202056184,ok
8_celeba,GMM,5,17.7047717589885,0.2722432166337967,17.977039124816656,0.7906746820075123,0.08039399003093978,ok
32_shuttle,UCF_4,5,0.0002049710601568222,78.59793595410883,78.59815303236246,0.9836356098206893,0.8871054132484426,ok
32_shuttle,UCF_5,5,0.00018355809152126312,57.32022059336305,57.320415729656816,0.9796766825111249,0.826423106565719,ok
1_ALOI,UCF_6,5,0.0002202782779932022,64.64554801024497,64.64578330889344,0.5212622150487313,0.04350456638915663,ok
32_shuttle,UCF_6,5,0.00021827779710292816,77.8916153293103,77.89184660837054,0.9817388436968754,0.8498017975296372,ok
1_ALOI,UCF_7,5,0.0001896396279335022,79.65313623286784,79.65333793312311,0.5373833770314399,0.047476819737958885,ok
1_ALOI,UCF_8,5,0.0002079978585243225,69.47262322716415,69.4728443454951,0.5253967990753075,0.04864804261854104,ok
11_donors,DyCF_5,2,,,,,,error
32_shuttle,UCF_7,5,0.00016400031745433807,79.62259147875011,79.62276485003531,0.9798446466819163,0.8151825987330803,ok
13_fraud,DyCF_4,3,,,,,,timeout
10_cover,UCF_6,3,,,,,,ram_kill
32_shuttle,UCF_8,5,,,,,,ram_kill
13_fraud,DyCF_5,3,,,,,,ram_kill
1_ALOI,UCG,5,0.00020948797464370728,50.76457608677447,50.76481471583247,0.5064659686024651,0.031174535516140415,ok
13_fraud,DyCG,3,,,,,,ram_kill
32_shuttle,UCG,5,0.00020919553935527802,51.460307355970144,51.46054060384631,0.18685288400869304,0.04269675176906327,ok
10_cover,UCF_7,3,,,,,,ram_kill
13_fraud,KernelCF_rbf,3,,,,,,ram_kill
13_fraud,KernelCF_lin_2,3,,,,,,ram_kill
13_fraud,KernelCF_lin_3,3,,,,,,ram_kill
13_fraud,KernelCF_lin_4,3,,,,,,ram_kill
13_fraud,KernelCF_lin_5,3,,,,,,ram_kill
11_donors,DyCG,2,,,,,,error
11_donors,KernelCF_rbf,2,,,,,,error
11_donors,KernelCF_lin_2,2,,,,,,error
11_donors,KernelCF_lin_3,2,,,,,,error
11_donors,KernelCF_lin_4,2,,,,,,error
11_donors,KernelCF_lin_5,2,,,,,,error
9_census,UCF_5,3,0.0002689361572265625,2210.31719330512,2210.3174832630903,0.6220404051205253,0.07778396662522857,ok
33_skin,OCSVM,4,2775.8529373668134,308.63783555291593,3084.49079105258,0.5466413222946374,0.2193263200920656,ok
33_skin,LODA,4,8.689550817012787,0.3264047149568796,9.015992987900972,0.48701188735576667,0.19139930167691838,ok
33_skin,IForest,4,3.3427688647061586,0.328748295083642,3.6715331878513098,0.6689594563394048,0.2528963380357692,ok
33_skin,PCA,4,0.30312496796250343,0.006881389766931534,0.31003051064908504,0.414689442515611,0.1632053187013455,ok
33_skin,DyCF_2,4,27.879467075690627,12.546900149434805,40.42638001404703,0.7632656054730363,0.3195193678424014,ok
13_fraud,UCF_2,3,0.0002586487680673599,1352.5164072811604,1352.5166848488152,0.9486138726803478,0.37591088519931054,ok
33_skin,DyCF_3,4,20.26155075803399,12.362327303737402,32.62389242090285,0.7525599093689018,0.31012334823786464,ok
33_skin,DyCF_4,4,30.353976910933852,15.389824233949184,45.743815744295716,0.7399010005365095,0.299870278512418,ok
33_skin,DyCF_5,4,30.21094622835517,13.159088237211108,43.370056895539165,0.7293905349782572,0.29236062857087497,ok
33_skin,DyCG,4,31.133917935192585,7.1364502646028996,38.270424239337444,0.6741423665825701,0.3021310210967703,ok
9_census,UCF_6,3,,,,,,ram_kill
33_skin,KernelCF_rbf,4,,,,,,ram_kill
33_skin,KernelCF_lin_2,4,,,,,,ram_kill
33_skin,KernelCF_lin_3,4,,,,,,ram_kill
33_skin,KernelCF_lin_4,4,,,,,,ram_kill
16_http,UCF_3,2,,,,,,ram_kill
33_skin,KernelCF_lin_5,4,,,,,,ram_kill
10_cover,UCF_8,3,0.0002445559948682785,2155.264578556642,2155.2648383043706,0.9009349276616725,0.07201685004103832,ok
33_skin,UCF_2,4,0.00018526986241340637,1257.7946274131536,1257.7948268000036,0.7586480107096717,0.36400937086407886,ok
13_fraud,UCF_3,3,0.03021370805799961,2019.9139221888036,2019.944157646969,0.9508245627654737,0.35496639467421903,ok
10_cover,UCG,3,0.00032795965671539307,1477.7684396915138,1477.7688220199198,0.8684423524912348,0.05957019553659621,ok
10_cover,KNN,4,22.381124237552285,7.673459682613611,30.054610781371593,0.7800565662406516,0.03719012207768289,ok
10_cover,CBLOF,4,13.954756217077374,0.23628135211765766,14.191064588725567,0.9359780584420533,0.08402061499894568,ok
10_cover,GMM,4,1.9381657037883997,0.17804125137627125,2.1162355355918407,0.9333987876271994,0.08055659826447771,ok
33_skin,UCF_3,4,0.00017016008496284485,1136.804187061265,1136.8043677192181,0.844608948761247,0.4175559592115592,ok
9_census,UCF_7,3,0.0004228167235851288,2812.9215570017695,2812.922004168853,0.6343723773304826,0.07858248707565285,ok
13_fraud,UCF_4,3,0.00038004666566848755,1719.4654116481543,1719.4658166561276,0.950864012497168,0.301400803649031,ok
33_skin,UCF_4,4,0.00036768801510334015,1146.5743961613625,1146.5747872088104,0.825136610703273,0.3855651627020457,ok
8_celeba,KDE,5,,,,,,timeout
8_celeba,HBOS,5,3.995571965351701,0.06561053916811943,4.061245501041412,0.7488426389783334,0.09135496853246704,ok
8_celeba,ECOD,5,4.57760464027524,3.9348277430981398,8.512450776994228,0.7583707655293538,0.09735877376798278,ok
33_skin,UCF_5,4,0.00019972771406173706,1281.9197846762836,1281.9199979230762,0.8080867990350837,0.36436316469235214,ok
13_fraud,UCF_5,3,0.00023369863629341125,1838.8677823543549,1838.8680325653404,0.9255104304140003,0.27254447075827687,ok
9_census,UCF_8,3,0.0003326777368783951,2530.540913058445,2530.5412693638355,0.6150635637880126,0.07953053356180045,ok
11_donors,UCF_2,2,0.0004266388714313507,7028.288699734956,7028.289183810353,0.7111382992615479,0.09053141780057207,ok
33_skin,UCF_6,4,0.00019740872085094452,1505.7141670715064,1505.714375630021,0.7958669332385138,0.350954640451782,ok
9_census,UCG,3,0.0002652592957019806,1489.4506234694272,1489.4509371872991,0.5657123763055042,0.07377918373980438,ok
9_census,KNN,4,198.7034585159272,92.83767250739038,291.54117225296795,0.6707131531401087,0.09154467513088549,ok
16_http,UCF_4,2,0.0004858262836933136,6914.957664754242,6914.958166332915,0.993752117923678,0.30037026319357285,ok
9_census,CBLOF,4,10.583204545080662,2.0367741994559765,12.620013028383255,0.6651346929729639,0.08701201645410223,ok
9_census,GMM,4,45.28097628802061,0.744976244866848,46.0259780343622,0.6590173464353183,0.08518029878248534,ok
13_fraud,UCF_6,3,0.0003150869160890579,2116.872352445498,2116.8726827260107,0.9329163649844816,0.2686227178630443,ok
33_skin,UCF_7,4,0.0002454891800880432,1318.6004731897265,1318.6007326580584,0.7925631163666815,0.34695876888299376,ok
8_celeba,OCSVM,5,2943.766989601776,299.22162973694503,3242.9886491615325,0.777748241485947,0.1061109696156949,ok
8_celeba,LODA,5,8.120856368914247,6.518413281068206,14.63930793106556,0.4374370892819138,0.02823322447801156,ok
8_celeba,IForest,5,1.693455072119832,0.28815023973584175,1.9816326014697552,0.6976893338070218,0.06525671076427503,ok
8_celeba,PCA,5,0.5287232883274555,0.16213474236428738,0.6908791977912188,0.7862350744213373,0.11349230704034344,ok
8_celeba,DyCF_2,5,,,,,,error
10_cover,KDE,4,,,,,,timeout
10_cover,HBOS,4,9.373168120160699,0.02787325531244278,9.401075663045049,0.7220006047470704,0.025102653449819042,ok
10_cover,ECOD,4,1.099725628271699,1.427432931959629,2.5271713603287935,0.9197736156643884,0.10790616272379665,ok
13_fraud,UCF_7,3,0.0003472566604614258,1911.8757549002767,1911.8761251773685,0.8972630758432975,0.2238932500260583,ok
8_celeba,DyCF_3,5,,,,,,error
33_skin,UCF_8,4,0.0001890566200017929,1512.9165246654302,1512.9167249947786,0.7911044144164697,0.34568889689933796,ok
8_celeba,DyCF_4,5,,,,,,ram_kill
8_celeba,DyCF_5,5,,,,,,error
8_celeba,DyCG,5,,,,,,error
8_celeba,KernelCF_rbf,5,,,,,,ram_kill
8_celeba,KernelCF_lin_2,5,,,,,,ram_kill
8_celeba,KernelCF_lin_3,5,,,,,,ram_kill
8_celeba,KernelCF_lin_4,5,,,,,,ram_kill
8_celeba,KernelCF_lin_5,5,,,,,,ram_kill
33_skin,UCG,4,0.00022562779486179352,1048.5711742118,1048.5714334920049,0.1198916635921876,0.11958605021059635,ok
33_skin,KNN,5,1.6948032192885876,0.3326304294168949,2.0274599492549896,0.617168059305565,0.23618039741088626,ok
33_skin,CBLOF,5,5.243758048862219,0.15877225622534752,5.40255799330771,0.606059500135826,0.2367762618098886,ok
33_skin,GMM,5,1.6069989204406738,0.009918248280882835,1.616937018930912,0.7168794053190266,0.28845129135340813,ok
8_celeba,UCF_2,5,0.0004027951508760452,754.2409617230296,754.2413902189583,0.6889264143133933,0.03826559119013273,ok
8_celeba,UCF_3,5,0.00022137723863124847,614.4314987529069,614.4317336417735,0.6773055701595234,0.03638752624643955,ok
13_fraud,UCF_8,3,0.00026976875960826874,2085.6555501464754,2085.6558442842215,0.9525666090499902,0.25886094182713787,ok
8_celeba,UCF_4,5,0.00026929937303066254,820.4533099029213,820.4536000620574,0.6638029693809581,0.03476702916592526,ok
11_donors,UCF_3,2,0.0004370585083961487,7015.945545449853,7015.946015236899,0.7179950812226298,0.09474221162798188,ok
13_fraud,UCG,3,0.0001942608505487442,1102.5478227213025,1102.5480463206768,0.7273605277708683,0.030112082405547986,ok
13_fraud,KNN,4,31.01280157826841,15.499274468049407,46.512103106826544,0.9357382882618828,0.06356395207888486,ok
13_fraud,CBLOF,4,8.061266968026757,0.21080241352319717,8.272093990817666,0.9428044639985551,0.16447727126875,ok
13_fraud,GMM,4,4.405657567083836,0.1644695121794939,4.570147478953004,0.9392671380566333,0.14096260526323323,ok
10_cover,OCSVM,4,3206.074301654473,394.3272107690573,3600.401530262083,0.9524225037876654,0.09575528948211444,ok
10_cover,LODA,4,7.421674873679876,7.978115405887365,15.399823099374771,0.9603631075500513,0.13440910040471118,ok
10_cover,IForest,4,2.398958070203662,0.45608694292604923,2.855061052367091,0.9300989950620699,0.08242211723797725,ok
10_cover,PCA,4,0.11567860282957554,0.014760969206690788,0.13045785948634148,0.9335086650522563,0.07179736624112426,ok
10_cover,DyCF_2,4,51.60829811170697,25.77041312865913,77.37872835248709,0.9275337177334483,0.08481923927676416,ok
10_cover,DyCF_3,4,57.758123924955726,24.374862048774958,82.13300504535437,0.9141556164770386,0.07341966525861296,ok
8_celeba,UCF_5,5,0.0002913791686296463,738.8384616840631,738.8387695290148,0.6489334594254063,0.03308878670135499,ok
10_cover,DyCF_4,4,104.52596796303988,50.149171981960535,154.67515367269516,0.9071401249452684,0.06697296704430299,ok
16_http,UCF_5,2,0.00021700933575630188,6099.729025993496,6099.729261791334,0.9936396630191486,0.35927600844782953,ok
10_cover,DyCF_5,4,147.5956323388964,51.44492198713124,199.04057195223868,0.8992971614470202,0.062015524246006336,ok
10_cover,DyCG,4,133.3516151867807,25.889316083863378,159.24096740037203,0.37229697250639787,0.007284260808189568,ok
10_cover,KernelCF_rbf,4,,,,,,ram_kill
11_donors,UCF_4,2,,,,,,ram_kill
10_cover,KernelCF_lin_2,4,,,,,,ram_kill
11_donors,UCF_5,2,,,,,,ram_kill
10_cover,KernelCF_lin_3,4,,,,,,ram_kill
10_cover,KernelCF_lin_4,4,,,,,,ram_kill
8_celeba,UCF_6,5,0.0002624969929456711,674.1802044715732,674.1804891806096,0.6337517834883186,0.03154107386696456,ok
8_celeba,UCF_7,5,,,,,,ram_kill
10_cover,KernelCF_lin_5,4,,,,,,ram_kill
33_skin,KDE,5,2652.845170851797,1140.1944583505392,3793.039646871388,0.6541494589209323,0.2461083068282045,ok
33_skin,HBOS,5,3.5320647582411766,0.008324651047587395,3.5404276251792908,0.590220476372589,0.23445145724171407,ok
8_celeba,UCF_8,5,0.00033561885356903076,743.7611717805266,743.7615188769996,0.6058084305519964,0.02915603530965342,ok
33_skin,ECOD,5,0.3738081231713295,0.18855910561978817,0.5623856782913208,0.4880326594048213,0.18191420886899745,ok
9_census,KDE,4,,,,,,timeout
9_census,HBOS,4,9.90296840108931,0.7674009073525667,10.670414274558425,0.607407917385729,0.07191403744036487,ok
9_census,ECOD,4,32.15562669932842,39.7182157356292,71.87386140786111,0.6577110299769474,0.08359037204892106,ok
10_cover,UCF_2,4,0.00020942836999893188,891.8891936708242,891.8894177880138,0.7828010173093142,0.025996309158809537,ok
8_celeba,UCG,5,0.00023335963487625122,410.3682835884392,410.36855144798756,0.5542050456802022,0.025692815653347925,ok
10_cover,UCF_3,4,0.0002149771898984909,899.9906239211559,899.9908522497863,0.8546662507840638,0.04249781059275437,ok
10_cover,UCF_4,4,0.00022749975323677063,849.7306022886187,849.7308432366699,0.8904866768874329,0.05779998876175459,ok
33_skin,OCSVM,5,1927.0071661118418,244.727060360834,2171.734245080501,0.5509671345949565,0.2214245997633718,ok
33_skin,LODA,5,7.7485581785440445,0.2786026392132044,8.027208000421524,0.41661672803700367,0.17474419673317254,ok
33_skin,IForest,5,1.8695016093552113,0.3169236145913601,2.1864452864974737,0.647443995320762,0.24192485749198242,ok
33_skin,PCA,5,0.056926896795630455,0.007491860538721085,0.0644359141588211,0.4163570273636962,0.1636143075635208,ok
33_skin,DyCF_2,5,17.029007483273745,6.413369070738554,23.44238999299705,0.763882566688972,0.3200839767777594,ok
33_skin,DyCF_3,5,19.258257642388344,7.151352381333709,26.40962901338935,0.7528505269497383,0.31044553419648835,ok
33_skin,DyCF_4,5,24.841309800744057,13.145250130444765,37.986574010923505,0.7410313530718264,0.30071240015720363,ok
33_skin,DyCF_5,5,21.546719387173653,11.713472940027714,33.26020477898419,0.7305758068443281,0.2931870014427539,ok
33_skin,DyCG,5,24.07190565764904,6.213148618116975,30.285081513226032,0.6751689163573851,0.3002334128241624,ok
33_skin,KernelCF_rbf,5,,,,,,ram_kill
33_skin,KernelCF_lin_2,5,,,,,,ram_kill
16_http,UCF_6,2,,,,,,ram_kill
33_skin,KernelCF_lin_3,5,,,,,,ram_kill
16_http,UCF_7,2,,,,,,ram_kill
33_skin,KernelCF_lin_4,5,,,,,,ram_kill
33_skin,KernelCF_lin_5,5,,,,,,ram_kill
10_cover,UCF_5,4,0.00019138678908348083,1106.2608566358685,1106.2610653024167,0.9028959005710828,0.06601660409567822,ok
33_skin,UCF_2,5,0.00027075596153736115,567.0028148628771,567.0031006708741,0.7598828359111934,0.36603385066344674,ok
33_skin,UCF_3,5,0.00016623921692371368,599.9860361870378,599.9862135052681,0.8467066861921398,0.4211331132144958,ok
10_cover,UCF_6,4,0.00019686110317707062,1129.8017912097275,1129.8019997868687,0.9037651102521077,0.06669480855823665,ok
11_donors,UCF_6,2,0.0003654472529888153,5133.143101140857,5133.143484510481,0.7165934354742051,0.09274992472456446,ok
33_skin,UCF_4,5,0.00020722858607769012,655.992164734751,655.992383852601,0.828020203771028,0.38950141726805776,ok
33_skin,UCF_5,5,0.00024884752929210663,718.5193226765841,718.519586706534,0.8110141418387576,0.3678912868122591,ok
13_fraud,KDE,4,,,,,,timeout
13_fraud,HBOS,4,3.9039924200624228,0.0565982311964035,3.960637152194977,0.9360239819513517,0.21506647177304672,ok
13_fraud,ECOD,4,3.801994916051626,3.166286265477538,6.9682952500879765,0.9360455684009232,0.21977188251676205,ok
10_cover,UCF_7,4,0.00020484067499637604,1253.0722607374191,1253.0724782161415,0.8627775179622102,0.06146631717746798,ok
33_skin,UCF_6,5,0.00018345005810260773,817.1655237041414,817.1657186709344,0.7986942868506747,0.3540726883875164,ok
10_cover,UCF_8,4,0.00021810829639434814,1303.5649440344423,1303.5651746243238,0.9056197612242894,0.07064026008072584,ok
33_skin,UCF_7,5,0.00020150095224380493,830.7481108102947,830.7483263593167,0.7953118682721725,0.34984379857429426,ok
9_census,OCSVM,4,,,,,,timeout
16_http,UCF_8,2,0.0003400687128305435,4745.9757275395095,4745.976084256545,0.9936911855802004,0.2986783197163318,ok
9_census,LODA,4,11.170095294713974,9.382305150851607,20.552448024973273,0.5053914474688409,0.06822660785299889,ok
9_census,IForest,4,4.604783054441214,0.9203868266195059,5.5251948814839125,0.6263452679772403,0.07584378573858111,ok
10_cover,UCG,4,,,,,,ram_kill
16_http,UCG,2,,,,,,ram_kill
16_http,KNN,3,5.453661389648914,2.257220435887575,7.71090785600245,0.19846118305992624,0.009490883294110204,ok
10_cover,KNN,5,11.816992869600654,5.631978325545788,17.449000788852572,0.7772497013675805,0.03945483942688609,ok
16_http,CBLOF,3,4.460871245712042,0.06888389028608799,4.529772263020277,0.9961740029217108,0.4847257694899535,ok
16_http,GMM,3,2.796069897711277,0.10155426524579525,2.8976460322737694,0.9963031517408084,0.49270854766804056,ok
10_cover,CBLOF,5,9.388514518737793,0.1441423650830984,9.532673561945558,0.9275175966661461,0.08046769023438878,ok
9_census,PCA,4,,,,,,error
10_cover,GMM,5,1.4880987480282784,0.059113191440701485,1.5472309198230505,0.9326475373234836,0.08123843900533771,ok
33_skin,UCF_8,5,0.0002370290458202362,885.846511144191,885.8467669095844,0.793028443779916,0.347951259324098,ok
9_census,DyCF_2,4,,,,,,ram_kill
9_census,DyCF_3,4,,,,,,error
9_census,DyCF_4,4,,,,,,error
9_census,DyCF_5,4,,,,,,error
9_census,DyCG,4,,,,,,error
9_census,KernelCF_rbf,4,,,,,,ram_kill
33_skin,UCG,5,,,,,,ram_kill
9_census,KernelCF_lin_2,4,,,,,,ram_kill
9_census,KernelCF_lin_3,4,,,,,,ram_kill
9_census,KernelCF_lin_4,4,,,,,,ram_kill
9_census,KernelCF_lin_5,4,,,,,,ram_kill
9_census,UCF_2,4,0.0003476683050394058,650.7799017224461,650.7802646011114,0.6414169380045054,0.07760672748493197,ok
11_donors,UCF_7,2,0.0002548880875110626,5157.312515038997,5157.312788348645,0.7039498561178694,0.08937750538293525,ok
9_census,UCF_3,4,0.0002444908022880554,698.1330239139497,698.1332948319614,0.642517203560853,0.07845561651539244,ok
9_census,UCF_4,4,0.000255068764090538,758.2731728442013,758.273449094966,0.6436447798420033,0.0793184452278753,ok
13_fraud,OCSVM,4,4703.149875601754,561.5753288753331,5264.725228318945,0.9413153554515885,0.09475175613397713,ok
13_fraud,LODA,4,6.416483134031296,4.9521798975765705,11.368707230314612,0.9353211746830951,0.3361534850629214,ok
13_fraud,IForest,4,1.5689030196517706,0.29513080418109894,1.864051265642047,0.934090350975866,0.17678860168441798,ok
13_fraud,PCA,4,0.5400554053485394,0.09614983387291431,0.6362299397587776,0.9398984129800707,0.15024349103633347,ok
13_fraud,DyCF_2,4,125.99095478095114,53.69155043922365,179.68252009898424,0.9443834038622713,0.16613202703598962,ok
13_fraud,DyCF_3,4,226.91778119280934,96.2557824794203,323.1735810469836,0.9490261936712491,0.5380376657531777,ok
9_census,UCF_5,4,0.00021436996757984161,983.947851864621,983.9480815753341,0.6230133723421981,0.07799108874032547,ok
9_census,UCF_6,4,0.0002475883811712265,1401.0091342460364,1401.0094028245658,0.6448281777864869,0.08027284054250572,ok
9_census,UCF_7,4,0.00023182854056358337,1556.9138254113495,1556.9140753988177,0.6359559420940153,0.0795894430189176,ok
16_http,KDE,3,,,,,,timeout
16_http,HBOS,3,3.0718622002750635,0.012092728167772293,3.0840596985071898,0.9932972687857479,0.36848968023652734,ok
10_cover,KDE,5,,,,,,timeout
16_http,ECOD,3,0.5765475165098906,0.6763739325106144,1.2529336269944906,0.978523536831974,0.14494390430529122,ok
10_cover,HBOS,5,2.641514591872692,0.02458994649350643,2.6661408077925444,0.7187175401096153,0.02572648884506079,ok
10_cover,ECOD,5,1.7866715528070927,1.0025407522916794,2.7892237342894077,0.9219308400786697,0.1120956897400181,ok
11_donors,UCF_8,2,0.00019440986216068268,5375.153265813366,5375.1534723602235,0.7138150043965366,0.09127587303137148,ok
11_donors,UCG,2,,,,,,ram_kill
11_donors,KNN,3,410.393816979602,163.63324747234583,574.0270933229476,0.6316984459518401,0.11502440789192744,ok
11_donors,CBLOF,3,3.7130126040428877,0.12717018835246563,3.840201212093234,0.7730640501187171,0.13842539888927827,ok
11_donors,GMM,3,2.4577396158128977,0.18060280196368694,2.6383634973317385,0.7993910662306447,0.14047253947582442,ok
13_fraud,DyCF_4,4,3243.7154372110963,1097.090719955042,4340.806179583073,0.7388754925275237,0.3462539792554075,ok
13_fraud,DyCF_5,4,,,,,,ram_kill
9_census,UCF_8,4,,,,,,ram_kill
13_fraud,DyCG,4,,,,,,ram_kill
9_census,UCG,4,,,,,,ram_kill
13_fraud,KernelCF_rbf,4,,,,,,ram_kill
13_fraud,KernelCF_lin_2,4,,,,,,ram_kill
13_fraud,KernelCF_lin_3,4,,,,,,ram_kill
13_fraud,KernelCF_lin_4,4,,,,,,ram_kill
9_census,KNN,5,140.72478691115975,65.22102607414126,205.94585379213095,0.6773575118200799,0.09338436276098358,ok
13_fraud,KernelCF_lin_5,4,,,,,,ram_kill
9_census,CBLOF,5,7.944016614928842,0.6240850873291492,8.568121325224638,0.6691190870394141,0.08774379536165294,ok
9_census,GMM,5,15.74792436696589,0.7211940996348858,16.469139505177736,0.6642125067301505,0.08676988268483443,ok
13_fraud,UCF_2,4,0.00042176805436611176,384.4010322969407,384.40146742388606,0.9393805758393365,0.3139987725233583,ok
13_fraud,UCF_3,4,0.00020821765065193176,468.3278758190572,468.32809782773256,0.939214617630703,0.27974231914161385,ok
13_fraud,UCF_4,4,0.00022594816982746124,447.4585195388645,447.45876006782055,0.942206776798488,0.24775623554906864,ok
13_fraud,UCF_5,4,0.00022978708148002625,492.333640512079,492.3338858205825,0.7831252584432724,0.15431646023120937,ok
10_cover,OCSVM,5,2725.4683859664947,358.15870507620275,3083.6271102745086,0.9529083490622022,0.0987612075550642,ok
10_cover,LODA,5,5.765646189451218,3.400405064225197,9.166083373129368,0.9396274454188354,0.07875714366213168,ok
10_cover,IForest,5,1.8529765028506517,0.35745349898934364,2.2104462515562773,0.9216636930032455,0.06901865828200517,ok
10_cover,PCA,5,0.11314027942717075,0.014468282461166382,0.12762648053467274,0.9355140173037169,0.07499880324988394,ok
10_cover,DyCF_2,5,34.46867687627673,14.573930323123932,49.042624739930034,0.9272098542015815,0.08848164153686726,ok
10_cover,DyCF_3,5,35.09238635376096,14.260697090998292,49.35309783555567,0.9145230454441035,0.07878552031950674,ok
10_cover,DyCF_4,5,50.860656440258026,21.484368907287717,72.34504063986242,0.9078719842752054,0.0728129582059637,ok
10_cover,DyCF_5,5,69.78063349798322,29.521594528108835,99.30224403552711,0.9002742494836404,0.06779395223247825,ok
10_cover,DyCG,5,69.61417629569769,16.22446938790381,85.83867745473981,0.3690212830073498,0.0073242236775243955,ok
10_cover,KernelCF_rbf,5,,,,,,ram_kill
10_cover,KernelCF_lin_2,5,,,,,,ram_kill
13_fraud,UCF_6,4,0.00041949562728405,663.2303906828165,663.2308268602937,0.9443819779683547,0.2293859642009073,ok
10_cover,KernelCF_lin_3,5,,,,,,ram_kill
10_cover,KernelCF_lin_4,5,,,,,,ram_kill
10_cover,KernelCF_lin_5,5,,,,,,ram_kill
10_cover,UCF_2,5,0.00022432021796703339,551.468627160415,551.468862278387,0.7873223555480975,0.028127964547082898,ok
13_fraud,UCF_7,4,0.0003323107957839966,790.9013910219073,790.901738839224,0.9085079921354029,0.19908091225870891,ok
10_cover,UCF_3,5,0.00020168907940387726,559.9228728152812,559.9230873323977,0.8602933314583966,0.046736406290389124,ok
13_fraud,UCF_8,4,0.0002175401896238327,832.6403949502856,832.6406263690442,0.9280057447681576,0.20562934136320005,ok
10_cover,UCF_4,5,0.00020823068916797638,652.0001390818506,652.000359531492,0.8931614889434893,0.06220683537487036,ok
13_fraud,UCG,4,0.0002081412822008133,480.3139269668609,480.31416693516076,0.5728340275324272,0.002589606342723675,ok
13_fraud,KNN,5,20.676236229017377,9.223506623879075,29.89977578446269,0.9443767496906603,0.06404612529129464,ok
13_fraud,CBLOF,5,5.973616445437074,0.09596061147749424,6.0695946384221315,0.9506989256681502,0.1409491458010584,ok
13_fraud,GMM,5,1.9929434545338154,0.1531598586589098,2.1461268346756697,0.944190670534536,0.11941239432631907,ok
10_cover,UCF_5,5,0.00019761733710765839,597.3162240665406,597.3164331167936,0.9035731567465795,0.06944419352354106,ok
10_cover,UCF_6,5,0.00022582709789276123,541.5500578247011,541.5503001958132,0.9065221554583792,0.06934192679661172,ok
16_http,OCSVM,3,,,,,,timeout
16_http,LODA,3,7.783164571970701,5.178733564913273,12.961926896125078,0.49291698639248516,0.0074907728378661945,ok
16_http,IForest,3,3.5940070040524006,0.7135813720524311,4.307603467255831,0.9992827620141242,0.84035818728902,ok
16_http,PCA,3,0.09283597767353058,0.015028638765215874,0.10788062959909439,0.9963205304883131,0.49423388781433025,ok
10_cover,UCF_7,5,0.00021797791123390198,586.175840433687,586.1760710030794,0.8447818518305708,0.06309395833255124,ok
16_http,DyCF_2,3,19.79535043053329,8.284726133570075,28.08009305037558,0.9941300523183013,0.3876632182067438,ok
16_http,DyCF_3,3,20.984892735257745,9.741504991427064,30.726411554962397,0.9936450127205939,0.3642188049334339,ok
16_http,DyCF_4,3,29.603969387710094,13.351451007649302,42.955436112359166,0.9928780620892843,0.2785015121231239,ok
16_http,DyCF_5,3,28.214903131127357,12.941037708893418,41.15595448948443,0.9918887097383715,0.3114975779833234,ok
16_http,DyCG,3,28.806229738518596,2.6759830489754677,31.48224245943129,0.023609299750228956,0.0037365381257004394,ok
16_http,KernelCF_rbf,3,,,,,,error
16_http,KernelCF_lin_2,3,,,,,,error
16_http,KernelCF_lin_3,3,,,,,,error
16_http,KernelCF_lin_4,3,,,,,,error
16_http,KernelCF_lin_5,3,,,,,,error
11_donors,KDE,3,,,,,,timeout
11_donors,HBOS,3,3.047419723123312,0.050901204347610474,3.0983630400151014,0.7313944866240967,0.11581041116456844,ok
11_donors,ECOD,3,1.2665358986705542,1.3977424520999193,2.664291776716709,0.8900933808910545,0.2642643811824297,ok
10_cover,UCF_8,5,0.0002303794026374817,797.9172136243433,797.9174586329609,0.9090600883725781,0.07285923909445524,ok
9_census,KDE,5,,,,,,timeout
9_census,HBOS,5,6.4267708119004965,0.7040641661733389,7.130898296833038,0.6127925291790505,0.07275010988409084,ok
9_census,ECOD,5,28.34773090854287,42.0336081944406,70.38135786168277,0.6631743261194305,0.08477665236323623,ok
10_cover,UCG,5,0.00020607002079486847,483.0050491578877,483.00528511591256,0.8140228839764072,0.03511946316193365,ok
16_http,UCF_2,3,0.00021918118000030518,1681.3628151770681,1681.3630485441536,0.9944069560669266,0.323193246712008,ok
16_http,UCF_3,3,0.0002160780131816864,1803.2570688426495,1803.2572978194803,0.9941437445300636,0.3782894081285845,ok
16_http,UCF_4,3,0.00019428879022598267,1782.100689837709,1782.1008969470859,0.9939318332058966,0.307871316905523,ok
13_fraud,KDE,5,,,,,,timeout
13_fraud,HBOS,5,2.7357331570237875,0.054183101281523705,2.78995892778039,0.9354228092328216,0.17741784162116883,ok
13_fraud,ECOD,5,1.989209197461605,2.5521176122128963,4.541341697797179,0.9408773683701873,0.17961287777326995,ok
16_http,UCF_5,3,0.00020150654017925262,1887.7780742179602,1887.7782887294888,0.9937877559181773,0.36502480564295414,ok
11_donors,OCSVM,3,,,,,,timeout
11_donors,LODA,3,8.20027288980782,5.247169502079487,13.447482261806726,0.47974412460054144,0.054369735272101434,ok
11_donors,IForest,3,4.025078605860472,0.7969527058303356,4.8220504727214575,0.761428944830616,0.11205844014622302,ok
11_donors,PCA,3,0.2577446959912777,0.045804258435964584,0.3035713527351618,0.8243588713669965,0.16766656285775122,ok
11_donors,DyCF_2,3,,,,,,error
11_donors,DyCF_3,3,,,,,,error
11_donors,DyCF_4,3,,,,,,error
11_donors,DyCF_5,3,,,,,,error
9_census,OCSVM,5,,,,,,timeout
9_census,LODA,5,8.118657184764743,5.703772826120257,13.822476830333471,0.5334527066333148,0.07715452874214399,ok
9_census,IForest,5,4.630730584263802,0.9510066397488117,5.581758623942733,0.6083923015605421,0.07198845748052829,ok
11_donors,DyCG,3,,,,,,error
11_donors,KernelCF_rbf,3,,,,,,error
11_donors,KernelCF_lin_2,3,,,,,,error
11_donors,KernelCF_lin_3,3,,,,,,error
11_donors,KernelCF_lin_4,3,,,,,,error
11_donors,KernelCF_lin_5,3,,,,,,error
9_census,PCA,5,,,,,,error
16_http,UCF_6,3,,,,,,ram_kill
9_census,DyCF_2,5,,,,,,ram_kill
9_census,DyCF_3,5,,,,,,error
9_census,DyCF_4,5,,,,,,error
9_census,DyCF_5,5,,,,,,error
9_census,DyCG,5,,,,,,error
9_census,KernelCF_rbf,5,,,,,,ram_kill
16_http,UCF_7,3,,,,,,ram_kill
9_census,KernelCF_lin_2,5,,,,,,ram_kill
9_census,KernelCF_lin_3,5,,,,,,ram_kill
9_census,KernelCF_lin_4,5,,,,,,ram_kill
16_http,UCF_8,3,,,,,,ram_kill
9_census,KernelCF_lin_5,5,,,,,,ram_kill
13_fraud,OCSVM,5,4345.350146770477,596.213757911697,4941.563927996904,0.9469517952796574,0.08592286493745402,ok
13_fraud,LODA,5,5.355305586010218,4.668564172461629,10.023919677361846,0.7451638431326573,0.10842318684217635,ok
13_fraud,IForest,5,1.840504003688693,0.29034789092838764,2.13086892478168,0.9406758816381303,0.10607903980168863,ok
13_fraud,PCA,5,0.7440849654376507,0.13257727958261967,0.8766825515776873,0.9445598978426225,0.12877151122403255,ok
13_fraud,DyCF_2,5,158.35553284734488,69.47735024988651,227.83290437795222,0.9511323974188152,0.14224316863520609,ok
9_census,UCF_2,5,0.0002286285161972046,987.7901726402342,987.7904190775007,0.6450309051837124,0.07804955197152597,ok
13_fraud,DyCF_3,5,282.88085553981364,112.96729206480086,395.8481654729694,0.9563160763201797,0.5598912379799583,ok
16_http,UCG,3,,,,,,ram_kill
16_http,KNN,4,6.691241232678294,2.367670686915517,9.058937691152096,0.20564714840323509,0.012606978681288206,ok
16_http,CBLOF,4,5.7715628035366535,0.09935164824128151,5.870930928736925,0.9958675535235406,0.4649783062093649,ok
16_http,GMM,4,3.0482023917138577,0.18724816106259823,3.235474022105336,0.9959974494331144,0.4717415931140678,ok
11_donors,UCF_2,3,0.00037812814116477966,3404.337713945657,3404.3381192926317,0.7094625982243129,0.08993486783227092,ok
9_census,UCF_3,5,0.00028228759765625,1177.0404122322798,1177.0407202206552,0.6463583309073241,0.07894818156712091,ok
9_census,UCF_4,5,0.00024145841598510742,1214.889694366604,1214.889954727143,0.6474671727688688,0.0797044185330504,ok
9_census,UCF_5,5,0.00035703741014003754,1398.5713859982789,1398.5717639252543,0.626114255614229,0.07861909462149974,ok
13_fraud,DyCF_4,5,3249.258332522586,1102.0472831670195,4351.305637907237,0.6805298146496341,0.2620422111452387,ok
13_fraud,DyCF_5,5,,,,,,ram_kill
13_fraud,DyCG,5,,,,,,ram_kill
13_fraud,KernelCF_rbf,5,,,,,,ram_kill
13_fraud,KernelCF_lin_2,5,,,,,,ram_kill
13_fraud,KernelCF_lin_3,5,,,,,,ram_kill
13_fraud,KernelCF_lin_4,5,,,,,,ram_kill
9_census,UCF_6,5,,,,,,ram_kill
13_fraud,KernelCF_lin_5,5,,,,,,ram_kill
11_donors,UCF_3,3,0.0002793688327074051,4271.867244137451,4271.8675407562405,0.7165259620917674,0.09411907992424974,ok
13_fraud,UCF_2,5,0.00023093819618225098,646.1544802747667,646.1547271721065,0.9387378145482371,0.3009021472051695,ok
9_census,UCF_7,5,0.000558856874704361,1160.0647805798799,1160.0653559565544,0.6385373907720234,0.07973572985073207,ok
13_fraud,UCF_3,5,0.00019343942403793335,753.357234178111,753.3574405163527,0.9390744047288979,0.27510327759895953,ok
13_fraud,UCF_4,5,0.0002349112182855606,752.7195841148496,752.719836300239,0.9403528770578422,0.24208885187815585,ok
9_census,UCF_8,5,0.0002141408622264862,1140.912254408002,1140.9124846756458,0.6188151014685841,0.08076948416354099,ok
16_http,KDE,4,,,,,,timeout
16_http,HBOS,4,3.6305124573409557,0.01512233354151249,3.6456655990332365,0.9926504218424139,0.33977469038813657,ok
16_http,ECOD,4,1.3013599198311567,0.5031605921685696,1.8045303747057915,0.9781493067609616,0.1419524768302071,ok
9_census,UCG,5,0.00026362016797065735,665.523797608912,665.5241119172424,0.5665828819421173,0.0728945342268527,ok
13_fraud,UCF_5,5,0.00020922906696796417,878.7250575684011,878.7252798862755,0.8385045224602057,0.16143740395125536,ok
11_donors,UCF_4,3,0.0001941882073879242,3331.6018878612667,3331.6020954065025,0.7164433897996657,0.09271223609198312,ok
13_fraud,UCF_6,5,0.00021789595484733582,671.0343796797097,671.0346121825278,0.9380938650122072,0.2253663755489868,ok
13_fraud,UCF_7,5,0.000215139240026474,788.5970098096877,788.5972387064248,0.9083696804254868,0.18734634520057264,ok
13_fraud,UCF_8,5,0.00023645907640457153,850.2163513936102,850.2166026607156,0.9357672022218596,0.19531022463181347,ok
13_fraud,UCG,5,0.00020255893468856812,459.5745756216347,459.5748108699918,0.5477970335069228,0.002181059090363362,ok
11_donors,UCF_5,3,0.00024620816111564636,2766.4788395557553,2766.4791011847556,0.7211671291967552,0.0940629949101831,ok
11_donors,UCF_6,3,0.0002576373517513275,2327.0874481126666,2327.0877230018377,0.7160161884271196,0.0926286333325611,ok
16_http,OCSVM,4,,,,,,timeout
16_http,LODA,4,5.79032401740551,3.160135643556714,8.950492735952139,0.3045074031818992,0.0056220946071521664,ok
16_http,IForest,4,3.5823076739907265,0.7035459894686937,4.285870414227247,0.9998895106549376,0.978424908311063,ok
16_http,PCA,4,0.1097712442278862,0.01638530008494854,0.12617186456918716,0.9960025812331709,0.47332463691295806,ok
16_http,DyCF_2,4,18.210061272606254,8.49687079899013,26.706944970414042,0.9937250848105558,0.37349995016403437,ok
16_http,DyCF_3,4,18.894565826281905,8.097795432433486,26.99237666837871,0.9933274192228212,0.35339596541452784,ok
16_http,DyCF_4,4,25.554619332775474,11.438994411379099,36.99362733960152,0.9925751880526785,0.27402654137202037,ok
16_http,DyCF_5,4,24.66856610402465,11.298200372606516,35.96678212843835,0.9917366145689348,0.3108725548923316,ok
16_http,DyCG,4,22.481500448659062,2.634813331067562,25.116344645619392,0.024212868809551587,0.0036718828754629743,ok
16_http,KernelCF_rbf,4,,,,,,error
16_http,KernelCF_lin_2,4,,,,,,error
16_http,KernelCF_lin_3,4,,,,,,error
16_http,KernelCF_lin_4,4,,,,,,error
16_http,KernelCF_lin_5,4,,,,,,error
16_http,UCF_2,4,0.00021164864301681519,1774.417915461585,1774.4181402828544,0.9939671910414672,0.3083419464738443,ok
11_donors,UCF_7,3,0.00024824775755405426,3308.1022651735693,3308.1025285515934,0.7036620406852286,0.08919731142948356,ok
16_http,UCF_3,4,0.0001951698213815689,1920.8824930433184,1920.8826997950673,0.9937368870612922,0.36145224800888215,ok
11_donors,UCF_8,3,0.00023433752357959747,3488.590382553637,3488.590632716194,0.7128599567998396,0.09088309381991044,ok
11_donors,UCG,3,,,,,,ram_kill
16_http,UCF_4,4,0.0001924075186252594,2006.7272223252803,2006.7274281457067,0.9935700413019186,0.2969701780456243,ok
11_donors,KNN,4,253.05029189400375,105.50932141952217,358.55964654125273,0.6313721364557934,0.11656961264198978,ok
11_donors,CBLOF,4,3.142260327935219,0.050041548907756805,3.192316424101591,0.7665723927715259,0.12578975434029865,ok
11_donors,GMM,4,1.783703064545989,0.07742532528936863,1.8611490316689014,0.8009078925963083,0.14098151901131892,ok
16_http,UCF_5,4,0.00024193711578845978,1959.9996626544744,1959.9999160207808,0.9934899558710555,0.35228367954802753,ok
16_http,UCF_6,4,0.0002274680882692337,2036.803138680756,2036.80337870121,0.9935561134008989,0.29528241615971734,ok
16_http,UCF_7,4,0.00019319914281368256,2005.626615157351,2005.6268200147897,0.9934979604118713,0.3523363205710328,ok
11_donors,KDE,4,,,,,,timeout
11_donors,HBOS,4,2.5818198155611753,0.045647645369172096,2.627500580623746,0.7439355628574313,0.12105650674852957,ok
11_donors,ECOD,4,1.221116116270423,1.6132044792175293,2.834335332736373,0.8887434810136731,0.26556089503162367,ok
16_http,UCF_8,4,0.00021332688629627228,2176.4931499492377,2176.4933744743466,0.9934600144414367,0.29391774444746993,ok
16_http,UCG,4,0.00021863915026187897,1520.6986373402178,1520.6988852676004,0.016349368002813957,0.004737254939592609,ok
16_http,KNN,5,4.862449327483773,1.938125928863883,6.800599958747625,0.19940596790636278,0.01062137013610385,ok
16_http,CBLOF,5,3.4486624877899885,0.03173429146409035,3.480412246659398,0.9960391842195352,0.4770548385034991,ok
16_http,GMM,5,0.9865343440324068,0.013364700600504875,0.9999193400144577,0.9962142524211135,0.4877460218896276,ok
11_donors,OCSVM,4,,,,,,timeout
11_donors,LODA,4,3.6074792314320803,2.1172565314918756,5.724774291738868,0.18814086676973085,0.03560094194488491,ok
11_donors,IForest,4,3.97511974722147,0.7931839786469936,4.768324887380004,0.7708206427540489,0.11788724851240162,ok
11_donors,PCA,4,0.22437543235719204,0.0481677632778883,0.27256641536951065,0.8246736782306344,0.16783269994923913,ok
11_donors,DyCF_2,4,,,,,,error
11_donors,DyCF_3,4,,,,,,error
11_donors,DyCF_4,4,,,,,,error
11_donors,DyCF_5,4,,,,,,error
11_donors,DyCG,4,,,,,,error
11_donors,KernelCF_rbf,4,,,,,,error
11_donors,KernelCF_lin_2,4,,,,,,error
11_donors,KernelCF_lin_3,4,,,,,,error
11_donors,KernelCF_lin_4,4,,,,,,error
11_donors,KernelCF_lin_5,4,,,,,,error
11_donors,UCF_2,4,0.00021100789308547974,1852.685358228162,1852.6855815574527,0.713481081286721,0.09089940873948119,ok
16_http,KDE,5,,,,,,timeout
16_http,HBOS,5,2.369378173723817,0.011782452464103699,2.381189016625285,0.9945728412814021,0.4164867999469829,ok
16_http,ECOD,5,0.5438696071505547,0.466077933087945,1.009958690032363,0.9788436784419066,0.146707112383743,ok
11_donors,UCF_3,4,0.0002408493310213089,2043.560878816992,2043.561134615913,0.720945376169445,0.09562516702920397,ok
11_donors,UCF_4,4,0.00024713948369026184,1993.0110327135772,1993.0112937595695,0.7201660482121787,0.09391559524447239,ok
11_donors,UCF_5,4,0.0002441350370645523,2164.1518158670515,2164.152073651552,0.7234822288485329,0.09468740864848911,ok
16_http,OCSVM,5,,,,,,timeout
16_http,LODA,5,4.093773951753974,2.275504980236292,6.369310483336449,0.6832000145931674,0.012114611392115726,ok
16_http,IForest,5,3.687751192599535,0.6898126844316721,4.377578265964985,0.9995720283313428,0.8927590242612798,ok
16_http,PCA,5,0.09678609669208527,0.01525176502764225,0.11205531097948551,0.9962256010812036,0.48884899901351053,ok
16_http,DyCF_2,5,15.789330795407295,7.055624097585678,22.84497089125216,0.9942304514949686,0.3905336997505305,ok
16_http,DyCF_3,5,15.643169444054365,3.483379641547799,19.126562187448144,0.9938046454992988,0.37031033289183474,ok
16_http,DyCF_4,5,20.145120579749346,6.377414720132947,26.522548660635948,0.9931008640359281,0.2872743710763481,ok
16_http,DyCF_5,5,18.65795187652111,5.429556490853429,24.087521189823747,0.9922725408113959,0.3240746195123648,ok
16_http,DyCG,5,19.751003364101052,2.1515102684497833,21.902542417868972,0.018422094930456587,0.0036985737103624873,ok
16_http,KernelCF_rbf,5,,,,,,error
16_http,KernelCF_lin_2,5,,,,,,error
16_http,KernelCF_lin_3,5,,,,,,error
16_http,KernelCF_lin_4,5,,,,,,error
16_http,KernelCF_lin_5,5,,,,,,error
11_donors,UCF_6,4,0.00023901835083961487,2648.5218935497105,2648.522148478776,0.7155608599844167,0.09242874314246538,ok
16_http,UCF_2,5,0.00020831450819969177,1705.0572394672781,1705.0574597083032,0.9943357734642375,0.3185466722093942,ok
16_http,UCF_3,5,0.00021627917885780334,2021.1888865511864,2021.189116179943,0.9941184279462498,0.3757447466640197,ok
11_donors,UCF_7,4,0.00020816922187805176,3121.279257180169,3121.279479449615,0.7071055027818861,0.09006591907055053,ok
16_http,UCF_4,5,0.0001892298460006714,2183.5465420354158,2183.5467426516116,0.9939684184043924,0.30750563862318003,ok
11_donors,UCF_8,4,0.00021773949265480042,3667.7442035265267,3667.7444349229336,0.7160704450685456,0.09167501847249557,ok
11_donors,UCG,4,,,,,,ram_kill
16_http,UCF_5,5,0.00021791644394397736,2368.8639923483133,2368.8642254751176,0.9938892045790847,0.36667610442314963,ok
11_donors,KNN,5,289.4958728495985,123.25184684805572,412.74775014445186,0.6287341674738028,0.11355926250424958,ok
11_donors,CBLOF,5,3.7504770774394274,0.16533498838543892,3.9158307723701,0.7665363468780824,0.12407384377465892,ok
11_donors,GMM,5,1.8762584868818521,0.10754905641078949,1.9838344529271126,0.7974509986833365,0.1379685458017932,ok
16_http,UCF_6,5,0.0002784673124551773,2064.83820203878,2064.838492544368,0.9939188525088735,0.30506203820302613,ok
16_http,UCF_7,5,0.00021688826382160187,1963.3507056999952,1963.3509346488863,0.9937264189006918,0.35978780727083054,ok
16_http,UCF_8,5,0.0002081301063299179,2122.866600325331,2122.8668198231608,0.993950194733135,0.30485853690499953,ok
16_http,UCG,5,0.00020644627511501312,1254.6813868340105,1254.6816192734987,0.015241348334305283,0.003924653627738607,ok
11_donors,KDE,5,,,,,,timeout
11_donors,HBOS,5,2.450834985822439,0.044913144782185555,2.495794689282775,0.7438224509113414,0.12188861656410818,ok
11_donors,ECOD,5,1.2364709228277206,1.4678415525704622,2.704325905069709,0.8889223426227448,0.26386263108722574,ok
11_donors,OCSVM,5,,,,,,timeout
11_donors,LODA,5,3.8610396459698677,0.5121721867471933,4.373253080993891,0.5620512475561127,0.0623548848205599,ok
11_donors,IForest,5,4.199322510510683,0.7899180725216866,4.989259013906121,0.7904198971503148,0.12807468472238093,ok
11_donors,PCA,5,0.221696762368083,0.04763718880712986,0.269354410469532,0.8240864332990017,0.166206405278159,ok
11_donors,DyCF_2,5,,,,,,error
11_donors,DyCF_3,5,,,,,,error
11_donors,DyCF_4,5,,,,,,error
11_donors,DyCF_5,5,,,,,,error
11_donors,DyCG,5,,,,,,error
11_donors,KernelCF_rbf,5,,,,,,error
11_donors,KernelCF_lin_2,5,,,,,,error
11_donors,KernelCF_lin_3,5,,,,,,error
11_donors,KernelCF_lin_4,5,,,,,,error
11_donors,KernelCF_lin_5,5,,,,,,error
11_donors,UCF_2,5,0.00022226758301258087,1257.2760197576135,1257.2762556672096,0.7113471633558563,0.09049644671367561,ok
11_donors,UCF_3,5,0.00023272819817066193,1610.4933380950242,1610.4935862403363,0.7178674698762947,0.09457762509082299,ok
11_donors,UCF_4,5,0.00023892149329185486,1580.8194900006056,1580.8197437785566,0.7202977319626168,0.09369258148734573,ok
11_donors,UCF_5,5,0.00022868812084197998,1722.7442639917135,1722.7445069234818,0.7225405122840713,0.09446766211568353,ok
11_donors,UCF_6,5,0.000234898179769516,2115.150117525831,2115.150365533307,0.7172230720597257,0.09301378726204215,ok
11_donors,UCF_7,5,0.0002375468611717224,2029.2701734378934,2029.2704270873219,0.7038572719145699,0.08919258598208546,ok
11_donors,UCF_8,5,0.00022899731993675232,2465.64667234011,2465.646914931014,0.7132567504728105,0.0909769776770055,ok
11_donors,UCG,5,0.0002371370792388916,1376.3298081159592,1376.330079363659,0.18916930076117616,0.03606430381270584,ok
